action_id,requirement_family,control_ref,scope_eir,workstream,source_ref,source_type,source_page,source_confidence,finding_summary,task,deliverable,evidence_required,priority,phase,status,human_owner,human_approver,deadline_basis,target_offset_days,target_date,cost_band,spend_timing,purchase_trigger,ai_eligibility,ai_role,human_gate,dependencies,external_submission,notes
A-001,1,1.2,Szervezet,Irányítás,SRC-008,audit_gap,21–22,audited,Az információbiztonsági felelős kijelölése és tényleges hatásköre nem megfelelő.,"Formálisan jelölje ki az elektronikus információs rendszerek biztonságáért felelős személyt, biztosítson hatáskört, erőforrást és helyettesítést.","Aláírt kinevezés, munkaköri leírás, RACI és szervezeti ábra.","Aláírt dokumentumok, kihirdetési nyom, vezetői jóváhagyás.",P0,M0_STARTUP,IN_PROGRESS,Pásztor András,Lángi Zoltán,receipt_date_plus_days,5,2026-07-01,B0,NOW_B0,,partial,report_writer,G2_SECURITY_LEGAL,,no,A D-027 alapján Lángi Zoltán a projekt folyamataiban kijelölt IBF. A formális kijelölés és alkalmasság védett evidenciája a DEF-005/DEF-006 szerint pótlandó; az akció nem DONE.
A-002,1,,Szervezet,Hatósági határidő,SRC-001,authority_obligation,1,authority,A cselekvési terv 90 napos határideje a határozat kézhezvételétől indul.,"Rögzítse a 2026.06.26-i kézhezvétel bizonyítékának védett evidenciatári vagy iratkezelési hivatkozásját és reviewerét, majd véglegesítse a jóváhagyandó határidőnaptárt.",Jóváhagyott receipt record és határidőnaptár.,"Kézbesítési igazolás, receipt_date, reviewer és számítási napló.",P0,M0_STARTUP,DONE,Pásztor András,Lángi Zoltán,receipt_date_plus_days,1,2026-06-27,B0,NOW_B0,,partial,orchestrator,G2_SECURITY_LEGAL,,no,"A 2026-06-26-i baseline és a 2026-09-24-i határidő a D-022/D-031 alapján emberileg elfogadott. A kézzel aláírt G2/G4 rekord védett SharePoint URI-ja, SHA-256 értéke és reviewer-rekordja az EV-GOV-001-ben rögzített; a DEF-001 2026-07-29-én CLOSED_ACCEPTED. A külön címzetti kézbesítési igazolás nem áll rendelkezésre, ennek hiánya a DEF-003 szerint NOT_AVAILABLE_ACCEPTED_RISK."
A-003,1,,Mind,Evidencia és repository,SRC-008:p7|DERIVED,project_control,7,audited,Az audit végeredményének fő oka az evidenciák nagyfokú hiánya.,"Hozza létre a privát Git workspace-t, az védett evidenciatár taxonomiáját, elnevezési szabályt és hozzáférési csoportokat.",Működő repository- és evidenciatár-struktúra.,"Repository access list, evidenciatár-struktúra export/képernyőkép, naming convention, jóváhagyás.",P0,M0_STARTUP,IN_PROGRESS,Pásztor András,Lángi Zoltán,receipt_date_plus_days,3,2026-06-29,B0,NOW_B0,,partial,evidence_curator,G2_SECURITY_LEGAL,,no,"Az EVIDENCE_STORAGE.md 0.4 tervezete és a config/evidence_store.example.json rögzíti a termékfüggetlen taxonómiát, fájlnévszabályt és logikai hozzáférési szerepeket. A tényleges védett URI, vállalati csoportok, owner, backup/restore próba és G2 jóváhagyás hiányzik; az akció nem DONE."
A-004,1,,Mind,Auditfeldolgozás,SRC-008:p19–380|MACHINE_EXTRACT,audit_processing,19–380,machine_unvalidated,A 328 követelménycsoport-szakasz gépi kivonata még nincs emberileg validálva.,Validálja az audit finding-regisztert mintavétellel és kivétellistával; jelölje az emberileg ellenőrzött rekordokat.,Emberileg ellenőrzött audit finding-regiszter és parser-hibajegy.,"Mintavételi jegyzőkönyv, exception log, human_validated mező, reviewer sign-off.",P0,M1_0_30D,IN_PROGRESS,Pásztor András,Lángi Zoltán,receipt_date_plus_days,10,2026-07-06,B0,NOW_B0,,yes,audit_extractor,G1_DOMAIN_REVIEW,,no,A 328 rekordos gépi regiszter és strukturális QA elkészült; 0 human_validated. A FINDING_REVIEW_2026-07-15.md szerinti G1 mintavétel és reviewer sign-off pótlandó.
A-005,1,,Mind,Kontrolltérkép,SRC-001:p2|SRC-008:p9–10,authority_and_audit,2;9–10,authority,A tervnek követelménycsoport-bontást kell használnia; 19 követelménycsalád és több EIR érintett.,"Térképezze a findingokat követelménycsaládhoz, kontrollhoz, EIR-hez, akcióhoz, emberi gazdához és evidenciatípushoz.",Jóváhagyott control-action-evidence mapping.,"Mapping review log, hiány- és duplikációlista, owner sign-off.",P0,M1_0_30D,IN_PROGRESS,Pásztor András,Lángi Zoltán,receipt_date_plus_days,15,2026-07-11,B0,NOW_B0,,yes,control_mapper,G1_DOMAIN_REVIEW,A-004,no,"A lefedettségpótlás után a 310 eltérés mindegyikéhez pontos kontrollszintű akciókapcsolat tartozik; a 13 UNMAPPED és 5 FAMILY_ONLY rekord mind Megfelelt értékelésű. A mapping 189 sora és a 85 új A-043–A-127 akció továbbra is PROPOSED; G1/G2 owner review, a findingok forrásvalidációja, a konkrét kontrollgazdák és céldátumok jóváhagyása pótlandó (DEF-036; COVERAGE_EXPANSION_G1_REVIEW_2026-08-18.md)."
A-006,1,1.4,Mind,Hatósági cselekvési terv,SRC-001,authority_obligation,1–2,authority,"90 napon belül feladatot, határidőt és felelőst tartalmazó cselekvési terv szükséges.",Készítse el a teljes hatósági cselekvési terv első tervezetét a 19 követelménycsalád szerint.,Cselekvési terv tervezet.,"Minden tételhez követelménycsalád, feladat, név szerinti felelős, dátum, deliverable, evidencia és forrás.",P0,M1_0_30D,NEW,Pásztor András,Lángi Zoltán,receipt_date_plus_days,30,2026-07-26,B0,NOW_B0,,yes,report_writer,G4_EXTERNAL_SUBMISSION,A-002;A-004;A-005;A-036,yes,
A-007,1,1.4,Mind,Hatósági cselekvési terv,SRC-001,authority_obligation,1–2,authority,A cselekvési terv határidős külső benyújtása kötelező.,"Végezze el a szakmai, jogi és vezetői felülvizsgálatot, majd ember nyújtsa be a jóváhagyott tervet.",Benyújtott csomag és átvételi igazolás.,"Aláírt terv, jóváhagyási lánc, benyújtási és átvételi bizonyíték.",P0,M2_31_90D,NEW,Pásztor András,Lángi Zoltán,receipt_date_plus_days,90,2026-09-24,B0,NOW_B0,,partial,report_writer,G4_EXTERNAL_SUBMISSION,A-006,yes,
A-008,1,1.4,Mind,Negyedéves beszámoló,SRC-001,authority_obligation,1–2,authority,A cselekvési terv benyújtása után a megismételt auditig negyedéves beszámoló szükséges.,"Hozza létre a beszámolási naptár, adatvágás, sablon, felelős és jóváhagyási workflow tervezetét.",Jóváhagyott riportnaptár és beszámolósablon.,"Naptárbejegyzés, adatcut-off szabály, sablon, dry run és jóváhagyás.",P0,M1_0_30D,NEW,Pásztor András,Lángi Zoltán,relative_to_action_plan_submission,,,B0,NOW_B0,,yes,report_writer,G4_EXTERNAL_SUBMISSION,A-002;A-006,yes,A pontos negyedéves ütemezést jogi/IBF review erősítse meg.
A-009,1,1.1,Szervezet,Szabályzat-életciklus,SRC-008,audit_gap,19–21,audited,"A szabályzat felülvizsgálata, szerepkörei, céljai és vezetői elkötelezettségének dokumentálása hiányos.","Alakítson ki szabályzatgazdát, review naptárt, esemény-triggerlistát, változásnaplót és kihirdetési evidenciát.",Szabályzat-életciklus eljárás.,"Review log, verziótörténet, jóváhagyás, kihirdetés és megismerési nyom.",P1,M1_0_30D,NEW,Pásztor András,Lángi Zoltán,receipt_date_plus_days,30,2026-07-26,B0,NOW_B0,,yes,remediation_planner,G1_DOMAIN_REVIEW,,no,
A-010,1,1.3,Szervezet,Erőforrás és költség,SRC-008,audit_gap,22,audited,Az információbiztonsági erőforrás-tervezés és jóváhagyás esetleges.,"Hozzon létre éves erőforrás- és költségtervet, kivétel-/halasztási naplót és purchase trigger folyamatot.",Jóváhagyott erőforrásterv és exception log.,"Budget extract, kapacitásterv, döntési napló, halasztási kockázat.",P1,M1_0_30D,NEW,Pásztor András,Lángi Zoltán,receipt_date_plus_days,30,2026-07-26,B0,NOW_B0,,yes,cost_guard,G5_PURCHASE,,no,
A-011,1;6,1.5;6.36,Mind,EIR- és eszközleltár,SRC-008,audit_gap,6;25;153;242;332,audited,"Az EIR- és rendszerelem-nyilvántartás nem teljesen naprakész, a felelős és frissítési rend hiányos.","Frissítse az EIR-, eszköz-, adat-, tulajdonos-, helyszín- és függőségi leltárt.",Jóváhagyott EIR/asset/dependency register.,"Read-only exportok, tulajdonosi jóváhagyás, adatfolyam- és függőségi lista.",P0,M1_0_30D,NEW,Pásztor András,Lángi Zoltán,receipt_date_plus_days,20,2026-07-16,B0,NOW_B0,,yes,control_mapper,G1_DOMAIN_REVIEW,,no,Az öt EIR security_class mezője explicit TBD-HUMAN; az Alap/Jelentős/Magas besorolást és kontrolltestreszabást az SRC-009 automatikus alkalmazása előtt emberileg igazolni kell (DEF-036).
A-012,1,,Mind,Evidenciakezelés,SRC-008,audit_gap,7,audited,A gyakorlati megvalósítást igazoló evidencia nagyfokú hiánya a végső eredmény fő oka.,"Vezesse be az evidence manifestet és acceptance workflow-t: forrás, dátum, EIR, kontroll, hash, készítő, reviewer, státusz.",Működő evidence register és review workflow.,"védett belső URI-k, hash manifest, review log, visszautasítási okok.",P0,M1_0_30D,IN_PROGRESS,Pásztor András,Lángi Zoltán,receipt_date_plus_days,14,2026-07-10,B0,NOW_B0,,yes,evidence_curator,G2_SECURITY_LEGAL,A-003,no,"A data/evidence_register.csv, a validate-evidence CLI, a státuszworkflow és a tesztek elkészültek. Az induló regiszter üres; valós védett URI-val és emberi reviewerrel végrehajtott elfogadási/visszautasítási próba még szükséges, ezért az akció nem DONE."
A-013,9,9.1;9.2;9.9;9.34,Szervezet,Incidenskezelés,SRC-008,audit_gap,45–51,audited,"Az eseménykezelési felelősség, képzés, bejelentés, reagálás, helyreállítás és tervfrissítés hiányos.","Formalizálja az incidens-életciklust, kontaktpontot, szerepköröket, playbookokat és hajtson végre tabletop gyakorlatot.",Incidenskezelési terv és gyakorlatjegyzőkönyv.,"Kontaktlista, ticket/timeline, döntések, lessons learned, javító akciók és résztvevői nyom.",P1,M2_31_90D,NEW,Pásztor András,Lángi Zoltán,receipt_date_plus_days,60,2026-08-25,B0,NOW_B0,,yes,remediation_planner,G2_SECURITY_LEGAL,,no,
A-014,3,3.1;3.13,Szervezet,Tudatosság és képzés,SRC-008,audit_gap,38–44,audited,"A szerepkör-alapú képzés, megismertetés és képzési evidencia hiányos.","Készítsen minimum szerepkör-alapú képzési programot, tudásellenőrzést és bizonyítható nyilvántartást.","Képzési terv, anyag, teszt és nyilvántartás.","Jelenlét/átvétel, teszteredmény, anyagverzió, utánkövetés.",P1,M2_31_90D,NEW,Pásztor András,Lángi Zoltán,receipt_date_plus_days,60,2026-08-25,B0,NOW_B0,,yes,remediation_planner,G1_DOMAIN_REVIEW,,no,
A-015,2;8,2.2;8.1;8.2,Mind,Identitás és hozzáférés,"SRC-008:p116,205,295|SRC-003:p3",audit_and_strategy,116;205;295;stratégia 3. oldal,audited,"A fiókkezelés, minimális jogosultság, szerepkör és életciklus gyakorlati működése hiányos; a stratégia AD-tisztítást és egységes onboarding/offboardingot ír elő.","Készítsen read-only stale/duplicate account és kritikus hozzáférési review-t, majd onboarding/offboarding eljárást.",Access review csomag és jóváhagyott életciklus-eljárás.,"Read-only export, alkalmazásgazdai döntések, change ticket és visszaellenőrzés.",P1,M2_31_90D,NEW,Pásztor András,Lángi Zoltán,receipt_date_plus_days,45,2026-08-10,B0,NOW_B0,,partial,evidence_curator,G3_PRODUCTION_CHANGE,,no,
A-016,8,8.3,Mind,MFA,"SRC-008:p167,257,346|SRC-003:p3",audit_and_strategy,167;257;346;stratégia 3. oldal,audited,A privilegizált fiókok többtényezős hitelesítése nem igazolt; a stratégia MFA-t tervez a fő rendszerekben.,"Végezzen licenc- és technikai gap analysis-t, majd meglévő entitlementtel kockázatarányos privilegizált MFA pilotot.",MFA gap analysis és pilot report.,"Licencmátrix, pilot scope, siker/hiba napló, rollback és jóváhagyás.",P1,M2_31_90D,NEW,Pásztor András,Lángi Zoltán,receipt_date_plus_days,60,2026-08-25,B0,AFTER_VALIDATION,Fizetős licenc csak igazolt entitlement gap és sikeres pilot után.,yes,cost_guard,G3_PRODUCTION_CHANGE;G5_PURCHASE,A-029,no,
A-017,7,7.2;7.35;7.43,Mind,Mentés és helyreállítás,SRC-008,audit_gap,158;163–164;247;252–253;337;342–343,audited,"A mentési lefedettség, biztonságos tárolás, RPO/RTO, helyreállítási eljárás és teszt bizonyíthatósága hiányos.",Határozza meg a backup scope/RPO/RTO mátrixot és hajtson végre dokumentált restore tesztet kritikus EIR mintán.,Backup matrix és restore test report.,"Job log, helyreállított objektum/rendszer, időtartam, hiba, RPO/RTO összevetés és jóváhagyás.",P0,M1_0_30D,NEW,Pásztor András,Lángi Zoltán,receipt_date_plus_days,30,2026-07-26,B0,NOW_B0,,partial,evidence_curator,G3_PRODUCTION_CHANGE,,no,
A-018,4;5,4.2;4.3;4.5;4.7;4.13;5.15,Mind,Naplózás és felügyelet,SRC-008,audit_gap,126–135;216–224;305–314,audited,"A naplóforrások, tartalom, tárkapacitás, hibariasztás, rendszeres review és jelentés hiányos.","Hozzon létre minimum log source matrixot, retentiont, hibariasztást és napi/heti review eljárást meglévő eszközökkel.","Log source matrix, retention és review log.","Mintalog, alert teszt, review ticket, retention proof, exception log.",P1,M2_31_90D,NEW,Pásztor András,Lángi Zoltán,receipt_date_plus_days,75,2026-09-09,B0,NOW_B0,,yes,remediation_planner,G1_DOMAIN_REVIEW,,no,
A-019,6;10;18,6.1;6.2;10.1;18.2,Mind,"Konfiguráció, patch, karbantartás",SRC-008,audit_gap,54–59;146–153;196;238–242;285;328–334;375,audited,"A baseline, változás, patch, karbantartási felülvizsgálat és hibajavítás nem egységesen működik vagy bizonyítható.","Vezessen be baseline-, patch-, karbantartási- és változásnaptárt bizonyítékokkal, kivétel- és rollback-kezeléssel.",Jóváhagyott maintenance/patch/change workflow.,"Baseline export, patch report, change ticket, exception, rollback proof.",P1,M2_31_90D,NEW,Pásztor András,Lángi Zoltán,receipt_date_plus_days,45,2026-08-10,B0,NOW_B0,,yes,remediation_planner,G3_PRODUCTION_CHANGE,,no,
A-020,12,12.1;12.2;12.6;12.17;12.22;12.31;12.33;12.40;12.42,Szervezet,Fizikai védelem,SRC-008,audit_gap,65–75,audited,"A belépési jogosultság, ellenőrzött belépés, fizikai napló, felügyelet és több környezeti kontroll hiányos vagy evidencia nélküli.","Végezzen dokumentált helyszíni bejárást, rögzítse a költségmentes gyorsjavításokat, és készítsen kockázatalapú fizikai javítási tervet.",Fizikai gap register és evidence csomag.,"Checklist, dátumozott fotó, belépési lista, tesztjegyzőkönyv, intézkedési terv.",P0,M1_0_30D,NEW,Pásztor András,Lángi Zoltán,receipt_date_plus_days,30,2026-07-26,B0,NOW_B0,,partial,evidence_curator,G2_SECURITY_LEGAL,,no,
A-021,19,19.1;19.4,Mind,Ellátási lánc,SRC-008:p101–112|SRC-003:p2,audit_and_strategy,101–112;stratégia 2. oldal,audited,"Az ellátásilánc-kockázatkezelési szabály, felelős, követelmény és beszállítói nyilvántartás hiányos.","Készítsen beszállítói leltárt, kritikalitást, szerződéses kontroll-gapet és felülvizsgálati naptárt.",Supplier risk register és review terv.,"Szerződéslista, kérdőív, kockázati döntés, hiánylista és review proof.",P1,M2_31_90D,NEW,Pásztor András,Lángi Zoltán,receipt_date_plus_days,75,2026-09-09,B0,NOW_B0,,yes,control_mapper,G1_DOMAIN_REVIEW,,no,
A-022,10;18,,Infrastruktúra,Műszaki validáció,SRC-004,internal_claim,munkadokumentum 155–159. bekezdés,unverified_internal,"A munkadokumentum RAID-hibát, kritikus lemeztelítettséget és szűk backup-kapacitást állít, de ezek nem auditált tények.","Read-only módszerrel azonnal validálja a hivatkozott hostok, VM-ek, lemezek, RAID és backup állapotát; semmit ne módosítson.",Aláírt technikai health snapshot és eltéréslista.,"Időbélyeges read-only export, RAID log, kapacitás, VM-lista, backup status és reviewer.",P0,M0_STARTUP,NEW,Pásztor András,Lángi Zoltán,risk_trigger,2,,B0,NOW_B0,,partial,evidence_curator,G3_PRODUCTION_CHANGE,,no,A forrás állítása csak a validáció után minősíthető ténynek.
A-023,10;18,,Infrastruktúra,Műszaki stabilizálás,SRC-004|A-022,conditional_remediation,munkadokumentum; validációs eredmény,conditional,"Ha A-022 igazolja a kapacitás- vagy adatvesztési kockázatot, kontrollált stabilizálási terv szükséges.",Készítsen freespace/backup-protection emergency change tervet; törlés vagy áthelyezés csak tulajdonosi jóváhagyással.,Jóváhagyott emergency change plan vagy dokumentált no-action döntés.,"Pre/post metrika, backup proof, törlési/áthelyezési jóváhagyás, rollback.",P0,M0_STARTUP,NEW,Pásztor András,Lángi Zoltán,after_dependency_completion,1,,B0,NOW_B0,,partial,remediation_planner,G3_PRODUCTION_CHANGE,A-022,no,
A-024,7;10;18,,Infrastruktúra,Kapacitás és VM-elhelyezés,SRC-004|A-022|A-029,internal_claim_and_validation,munkadokumentum,unverified_internal,"A régi VM-ek biztonságos elhelyezése, hostkapacitása, mentése és licence nyitott.","Készítsen VM dependency-, placement-, capacity-, backup- és licence-tervet; végrehajtás nélkül.",Migration/containment decision package.,"Kapacitásmodell, dependency map, test, rollback, licenc review és kockázatelfogadás.",P1,M1_0_30D,NEW,Pásztor András,Lángi Zoltán,after_dependency_completion,14,,B0,AFTER_VALIDATION,B1–B3 csak bizonyított belső kapacitáshiány vagy üzletmeneti kockázat után.,yes,cost_guard,G3_PRODUCTION_CHANGE;G5_PURCHASE,A-022;A-029,no,
A-025,17,,Irodai,Exchange függőség,"SRC-003:p1,3,7|SRC-004",strategy_and_internal,"stratégia 1.,3.,7. oldal; munkadokumentum",strategy_input,"Az Exchange kiváltása stratégiai cél, de relay- és alkalmazásfüggőségek az átállást blokkolhatják.",Készítsen teljes SMTP relay/client dependency leltárt és teszttervet minden migrációs döntés előtt.,Exchange dependency register és tesztterv.,"SMTP log minta, eszköz-/alkalmazásgazda sign-off, teszteredmény és rollback.",P1,M2_31_90D,NEW,Pásztor András,Lángi Zoltán,management_schedule,30,,B0,NOW_B0,,yes,control_mapper,G1_DOMAIN_REVIEW,,no,
A-026,7;13;18,,Irodai,Legacy megőrzés,SRC-004,internal_claim,"munkadokumentum 111–114., 165–166. bekezdés",unverified_internal,"A BLADE5/Andoc adatmegőrzési, migrációs és read-only archiválási helyzete nem tisztázott.","Készítsen jogi megőrzési, adat-, alkalmazás-, export-, restore/read-test és migrációs döntési csomagot.",Jóváhagyott retention/migration decision.,"Jogi állásfoglalás, adatlista, export/restore/read test, owner approval.",P1,M2_31_90D,NEW,Pásztor András,Lángi Zoltán,management_schedule,45,,B0,NOW_B0,,partial,report_writer,G2_SECURITY_LEGAL,,no,
A-027,2;17,,Irodai,RDS szeparáció,SRC-004,internal_working_safeguard,"munkadokumentum 133–137.,164. bekezdés",unverified_internal,"Az RDS-összevonás költségelőnye nem igazolt, és szeparációs/kulcskezelési kockázatot hordozhat.","Tartsa fenn a szeparációt, amíg licenc-, banki/könyvelési kulcs-, workload- és kockázatelemzés nem igazolja az összevonást.",RDS decision record.,"User/CAL mátrix, secret/key scope, teljesítményadat, kockázati sign-off.",P2,M3_3_6M,NEW,Pásztor András,Lángi Zoltán,management_schedule,60,,B0,NOW_B0,,yes,cost_guard,G3_PRODUCTION_CHANGE,,no,
A-028,6;17,,Infrastruktúra,AD/DHCP konszolidáció,SRC-004,internal_working_idea,"munkadokumentum 34–36.,118–120.,172. bekezdés",unverified_internal,"A négy AD/DHCP VM kettőre konszolidálása felmerült, de a HA-, telephely-, DNS/DHCP- és licenchatás nincs igazolva.","Csak assessmentet készítsen szerepkör, HA, site, DNS/DHCP, backup, licenc és rollback vizsgálattal.",AD/DHCP consolidation assessment.,"Current role export, failure scenario, test plan, licenc- és rollback-hatás.",P2,M3_3_6M,NEW,Pásztor András,Lángi Zoltán,management_schedule,60,,B0,NOW_B0,,yes,remediation_planner,G3_PRODUCTION_CHANGE,,no,
A-029,16,16.3;16.99,Mind,Licenc és támogatás,"SRC-008:p182,185,271,274,361,364|SRC-004",audit_and_internal,182;185;271;274;361;364;munkadokumentum,audited,A licenc/szoftverhasználat követése és a támogatásukat vesztett rendszerelemek kezelése hiányos; a konszolidáció jogszerűsége nyitott.,"Végezzen Windows Server, RDS, M365, Defender, virtualizáció és releváns alkalmazások entitlement/támogatási auditját.",License entitlement and support matrix.,"Szerződés/SAM export, host/core/VM/user mapping, support lifecycle és reviewer sign-off.",P1,M1_0_30D,NEW,Pásztor András,Lángi Zoltán,receipt_date_plus_days,30,2026-07-26,B0,NOW_B0,,partial,cost_guard,G5_PURCHASE,,no,
A-030,1,,Mind,Repeat audit,SRC-001,authority_obligation,1–2,authority,A megismételt audit legkésőbb 2027.12.31-ig esedékes.,Készítse el a jóváhagyott 2027.09.30-i belső céldátumhoz tartozó negyedéves readiness gate-eket és legalább egy mock audit ütemezését.,Repeat-audit roadmap.,"Jóváhagyott target, mock audit naptár, javítási buffer és auditor-procurement gate.",P1,M4_REPEAT_AUDIT,NEW,Pásztor András,Lángi Zoltán,fixed_approved,,2027-09-30,B0,NOW_B0,,yes,orchestrator,G4_EXTERNAL_SUBMISSION,,yes,A 2027.09.30-i belső céldátumot Lángi Zoltán 2026-07-14-én jóváhagyta; lásd D-021.
A-031,1,,Mind,AI-irányítás,DERIVED_FROM_PROJECT_RISK,project_control,n/a,derived,"A projekt korlátozott audit- és infrastruktúra-adatot kezel, miközben AI-ügynököket kíván használni.","Hirdesse ki az AI-adatminősítési, redakciós, forráshierarchia-, prompt-injection- és proposal-only szabályt.",Jóváhagyott AI usage rule és felhasználói visszaigazolás.,"Policy note, acknowledgement, minta redakció, környezetengedély.",P0,M0_STARTUP,NEW,Pásztor András,Lángi Zoltán,receipt_date_plus_days,7,2026-07-03,B0,NOW_B0,,yes,orchestrator,G2_SECURITY_LEGAL,,no,
A-032,1,,Mind,Agent QA és eval,DERIVED_FROM_PROJECT_RISK,project_control,n/a,derived,Auditfolyamatban az AI-kimenet csak mérhető minőségkapuval használható.,Hozzon létre helyi eval-harness-t és legalább 10 emberileg jóváhagyott gold case-t.,"Eval baseline, gold cases és defect log.","Tesztfutás, reviewed examples, trace/output, hibajegy és javítási kör.",P1,M1_0_30D,NEW,Pásztor András,Lángi Zoltán,receipt_date_plus_days,21,2026-07-17,B0,NOW_B0,,yes,qa_auditor,G1_DOMAIN_REVIEW,,no,
A-033,15;18,15.9;18.2,Mind,Sérülékenységkezelés,SRC-008,audit_gap,178;196;267;285;357;375,audited,Nincs rendszeres sérülékenységelemzés és egységes javítási folyamat.,"Definiálja a scope-ot, credentialed/non-intrusive módot, javítási SLA-t és használja először a meglévő eszközöket.",Vulnerability assessment and remediation plan.,"Scope, G3 approval, scan log, finding register, remediation ticket és retest.",P1,M2_31_90D,NEW,Pásztor András,Lángi Zoltán,receipt_date_plus_days,90,2026-09-24,B0,AFTER_PILOT,Külső scan csak dokumentált belső capability gap vagy auditkövetelmény után.,yes,cost_guard,G3_PRODUCTION_CHANGE;G5_PURCHASE,,no,
A-034,1;17,,Hálózat-kommunikációs;Biztonsági,EIR scope,SRC-008,audit_scope_gap,6,audited,Két azonosított EIR nem került audit alá.,"Dokumentálja a két EIR scope-ját, tulajdonosát, assetjeit, függőségeit és következő audit/readiness tervét.",EIR scope and readiness record.,"EIR definition, owner sign-off, asset/dependency list és döntési napló.",P2,M2_31_90D,NEW,Pásztor András,Lángi Zoltán,receipt_date_plus_days,90,2026-09-24,B0,NOW_B0,,yes,control_mapper,G1_DOMAIN_REVIEW,,no,
A-035,1,,Mind,Forrásverzió-kezelés,SRC-001|SRC-008,canonical_source_resolution,SRC-001:1; SRC-008:borító;387–388,audited,"A határozat 2026.06.05-i hivatkozásával egyező, aláírt és a projektgazda szerint hatósághoz beadott SRC-008 rendelkezésre áll; az SRC-002 történeti változat.",Rögzítse a D-025 szerinti G2 emberi review elfogadását.,Jóváhagyott canonical source record.,"SRC-008 fájl, SHA-256, védett tárhivatkozás, aláírásstruktúra-metaadat, összehasonlítási jegyzőkönyv, D-025 és reviewer.",P0,M0_STARTUP,IN_PROGRESS,Pásztor András,Lángi Zoltán,receipt_date_plus_days,3,2026-06-29,B0,NOW_B0,,partial,evidence_curator,G2_SECURITY_LEGAL,,no,"Kanonikus fájl SHA-256: c347dc3139dd433ace098b6145f1ea5d043614dcfcbf7ed46f71e1b405c5058f. A projektgazda 2026-07-15-én az aláírás érvényességét emberileg megerősítette. A védett SharePoint-tárhivatkozás 2026-07-23-án rögzítve; az SRC-002 külön történeti archívumba került. A D-026 alapján a folyamat továbbhaladhat; a G2 reviewer-rekord a DEF-002 tétel szerint pótlandó, ezért az akció nem DONE."
A-036,1,,Mind,Projektirányítás,DERIVED|SRC-001:p2,project_control,2,authority,"A külső terv név szerinti felelősöket igényel, miközben az induló backlog owner/approver mezői TBD-k.","Jelölje ki a vezetői szponzort, projektvezetőt, IBF-et, jogi reviewert, kontrollgazdákat és minden P0 akció felelősét/jóváhagyóját.",Jóváhagyott projekt-RACI és kitöltött P0 owner/approver mezők.,"Aláírt RACI, vezetői döntés, actions.csv review log.",P0,M0_STARTUP,IN_PROGRESS,Pásztor András,Lángi Zoltán,receipt_date_plus_days,5,2026-07-01,B0,NOW_B0,,partial,orchestrator,G2_SECURITY_LEGAL,A-001,no,"A D-027/PROJECT_RACI.md rögzíti a projektvezetőt, IBF-et, jogi reviewert és szakmai kontrollszerepeket. A vezetői szponzor és a belső infrastruktúra-/incidenskezelési kontrollgazda még TBD; az aláírt RACI és kapcsolódó evidencia a DEF-005/DEF-007 szerint pótlandó, ezért az akció nem DONE."
A-037,11,11.1;11.2;11.8;11.14,Szervezet,Adathordozók védelme,SRC-008,audit_gap,59–64,audited,"Az adathordozók felelőse, hozzáférése, törlése, újrahasználata és használati korlátozása hiányosan szabályozott vagy bizonyított.","Készítsen adathordozó-leltárt, felelősségi rendet, hozzáférési, törlési, szállítási és újrahasználati minimumeljárást.",Adathordozó-védelmi eljárás és nyilvántartás.,"Médialeltár, jóváhagyott törlési módszer, hozzáférési lista, mintajegyzőkönyv és megsemmisítési/újrahasználati bizonyíték.",P1,M2_31_90D,NEW,Pásztor András,Lángi Zoltán,receipt_date_plus_days,60,2026-08-25,B0,NOW_B0,,yes,remediation_planner,G2_SECURITY_LEGAL,,no,
A-038,14,14.1;14.2;14.3;14.5;14.8;14.9;14.11;14.12;14.13,Szervezet,Személyi biztonság,SRC-008,audit_gap,81–90,audited,"A munkakör-besorolás, háttérellenőrzés, kilépés/áthelyezés, külső személyek, nyilatkoztatás és biztonsági felelősség hiányos.","Alakítson ki szerepkör-alapú személyi biztonsági folyamatot a belépéstől a kilépésig, HR/IT/jogi felelősségekkel és határidőkkel.",Jóváhagyott personnel security és joiner-mover-leaver csomag.,"Munkakör-besorolás, ellenőrzési szabály, checklist, hozzáférés-visszavonási SLA, nyilatkozat és mintafolyamat-evidencia.",P1,M2_31_90D,NEW,Pásztor András,Lángi Zoltán,receipt_date_plus_days,60,2026-08-25,B0,NOW_B0,,partial,remediation_planner,G2_SECURITY_LEGAL,A-015,no,
A-039,15,15.1;15.2;15.4;15.5;15.20,Mind,Kockázatkezelés,SRC-008,audit_gap,90–95;178–179;267–268;357–358,audited,"A kockázatkezelési felülvizsgálat, besorolási indoklás, kommunikáció, ellátásilánc-scope és kockázatválasz hiányos.","Egységesítse a kockázati módszertant, kockázati étvágyat, nyilvántartást, gazdákat, kezelési döntéseket és felülvizsgálati ciklust.","Jóváhagyott risk methodology, risk register és treatment workflow.","Kockázati skála, elfogadási hatáskör, mintakockázatok, kezelési döntések, review log és vezetői jóváhagyás.",P1,M2_31_90D,NEW,Pásztor András,Lángi Zoltán,receipt_date_plus_days,45,2026-08-10,B0,NOW_B0,,yes,remediation_planner,G2_SECURITY_LEGAL,A-005;A-011,no,
A-040,13,13.1;13.2;13.3;13.4;13.11,Mind,Biztonságtervezés,SRC-008,audit_gap,76–80;174–177;264–266;353–356,audited,"A rendszerbiztonsági tervek több EIR-nél hiányosak, a függőségek, fenyegetések, testreszabás, jóváhagyás és felülvizsgálat nem teljes.","Frissítse a három auditált EIR rendszerbiztonsági tervét egységes sablon szerint, függőségekkel, fenyegetésekkel, kontrolltestreszabással és review-ciklussal.",Három jóváhagyott rendszerbiztonsági terv és közös sablon.,"Verziózott tervek, EIR-owner és IBF jóváhagyás, dependency/threat mapping, változásnapló és megismertetési nyom.",P1,M2_31_90D,NEW,Pásztor András,Lángi Zoltán,receipt_date_plus_days,60,2026-08-25,B0,NOW_B0,,yes,report_writer,G1_DOMAIN_REVIEW,A-005;A-011;A-039,no,
A-041,16,16.1;16.2;16.3;16.7;16.8;16.15;16.99,Mind,Biztonságos beszerzés és életciklus,SRC-008,audit_gap,96–100;180–185;269–274;359–364,audited,"A biztonsági követelmények, felelősségek, dokumentáció, támogatási életciklus és szerződéses kontrollok nem következetesen épülnek be a beszerzésbe.","Vezessen be security-by-procurement minimumkövetelményt, szerződéses checklistet, lifecycle/support gate-et és kivételkezelést.",Jóváhagyott beszerzési biztonsági checklist és szerződéses követelményminta.,"Kitöltött mintachecklist, szerződéses klauzulák, support/EOL döntés, kivétel és jóváhagyás.",P1,M2_31_90D,NEW,Pásztor András,Lángi Zoltán,receipt_date_plus_days,75,2026-09-09,B0,NOW_B0,,yes,cost_guard,G5_PURCHASE,A-010;A-021;A-029,no,
A-042,1,,Mind,Folyamatos auditfelkészültség,DECISIONS.md:D-024|DERIVED,approved_program_requirement,n/a,derived,"A tartós auditkészültséghez a logok, exportok, kontrollok, feladatok és evidenciák ismétlődő kézi kezelése nem fenntartható minimális emberi munkával.","Tervezzen, pilotoljon és fokozatosan vezessen be local-first folyamatos auditfelkészültségi ügynököt, amely jóváhagyott read-only forrásokat értelmez, karbantartja a nyilvántartásokat, jegyzőkönyv- és intézkedéstervezeteket készít, határidőt figyel és kivételt terjeszt ember elé.","Jóváhagyott agent-architektúra, fájlalapú pilot, runbook, approval queue és mérési riport.","Forrás- és jogosultságlista, futási auditlog, source_ref/confidence/review nyom, gold case és negatív teszt, téves riasztási és emberimunka-csökkentési metrika, kill switch próba.",P1,M3_3_6M,NEW,Pásztor András,Lángi Zoltán,after_dependency_completion,30,,B0,AFTER_PILOT,,yes,orchestrator,G1_DOMAIN_REVIEW;G2_SECURITY_LEGAL;G3_PRODUCTION_CHANGE,A-003;A-005;A-012;A-031,no,"Az ügynök nem fogadhat el evidenciát, nem zárhat akciót, nem küldhet be külső dokumentumot, nem költhet és nem változtathat éles rendszert emberi kapu nélkül."
A-043,1,1.6,Szervezet,Irányítás és programmenedzsment,SRC-008,audit_gap,25–26,machine_unvalidated,"A(z) 1.6 Biztonsági teljesítmény mérése követelménycsoportnál 1, közvetlen intézkedéshez eddig nem rendelt auditeltérés található; a legmagasabb értékelés kiemelt. Findingok: F-0006.","1.6 – Biztonsági teljesítmény mérése: 1) A szervezetnek ki kell fejlesztenie az EIR-re vonatkozó biztonsági mérésének rendszerét. 2) A szervezetnek folyamatosan monitoroznia kell az általa meghatározott teljesítménymutatókat. 3) A szervezetnek rendszeresen felül kell vizsgálnia és frissítenie kell az EIR biztonsági mérési rendszerét, hogy biztosítsa annak relevanciáját és hatékonyságát a változó kiberbiztonsági környezetben. Az alkalmazhatóságot és a végrehajtást érintett EIR-enként rögzítse; az eltérésekhez nevezzen meg felelőst, céldátumot és kompenzáló kontrollt.","1.6 – Biztonsági teljesítmény mérése végrehajtási csomag: jóváhagyott EIR-scope, 4 pontos státuszchecklist, kontrollbeállítás vagy eljárás, kivételjegyzék és próbaeredmény.","jóváhagyott szabályozás, szerep- és felelősségi rekord, mérési vagy felülvizsgálati jegyzőkönyv, kontrollgazdai és G1 reviewer sign-off. Továbbá: 4 pontos végrehajtási checklist; scope- és kontrollgazda-jóváhagyás; teszt- vagy működési mintarekord; kivétellista; védett URI, SHA-256 és reviewer-döntés.",P0,M1_0_30D,NEW,Pásztor András,Lángi Zoltán,management_schedule,,,B0,NOW_B0,,partial,remediation_planner,G1_DOMAIN_REVIEW;G2_SECURITY_LEGAL,A-004;A-005,no,"Lefedettségpótló AI-javaslat – részletesítve 2026-08-19. Javasolt kontrollgazda: Lángi Zoltán – IBF/szakmai kontrollgazda-jelölt. Közreműködők: Kóczán Mónika; Dr. Berta Brigitta szükség szerint. Javasolt G1 review: 2026-09-11; javasolt teljesítés: 2027-01-31. A dátumok, szerepek, EIR-hatókör és technikai lépések nem jóváhagyottak; a kanonikus target_date ezért üres marad. Részletes rekord: data/action_execution_details.csv. Az SRC-009 megvalósítási útmutatója javaslati forrás; G1 review előtt nem kötelező vagy igazolt megoldás."
A-044,1,1.10,Szervezet,Irányítás és programmenedzsment,SRC-008,audit_gap,27–28,machine_unvalidated,"A(z) 1.10 Kockázatmenedzsment stratégia követelménycsoportnál 1, közvetlen intézkedéshez eddig nem rendelt auditeltérés található; a legmagasabb értékelés kis mértékű. Findingok: F-0009.","1.10 – Kockázatmenedzsment stratégia: 1) A szervezetnek ki kell dolgoznia egy átfogó kockázatkezelési stratégiát, amely tartalmazza a szervezet kockázattűrését, a kockázatok csökkentésének stratégiáit, az elfogadható kockázatértékelési módszertanokat, egy folyamatot a biztonsági kockázatok értékelésére az egész szervezeten belül, valamint a szervezet kockázattűrésével… 2) A kockázatkezelésért felelős személy összehangolja az információbiztonsági irányítási folyamatokat a stratégiai, operatív és költségvetési tervezési folyamatokkal. 3) Az érintett szervezet által meghatározott gyakorisággal és esetekben felülvizsgálja és frissíti a kockázatkezelési stratégiát, hogy meg tudjon felelni a szervezeti változásoknak. Az alkalmazhatóságot és a végrehajtást érintett EIR-enként rögzítse; az eltérésekhez nevezzen meg felelőst, céldátumot és kompenzáló kontrollt.","1.10 – Kockázatmenedzsment stratégia végrehajtási csomag: jóváhagyott EIR-scope, 4 pontos státuszchecklist, kontrollbeállítás vagy eljárás, kivételjegyzék és próbaeredmény.","jóváhagyott szabályozás, szerep- és felelősségi rekord, mérési vagy felülvizsgálati jegyzőkönyv, kontrollgazdai és G1 reviewer sign-off. Továbbá: 4 pontos végrehajtási checklist; scope- és kontrollgazda-jóváhagyás; teszt- vagy működési mintarekord; kivétellista; védett URI, SHA-256 és reviewer-döntés.",P1,M2_31_90D,NEW,Pásztor András,Lángi Zoltán,management_schedule,,,B0,NOW_B0,,partial,remediation_planner,G1_DOMAIN_REVIEW;G2_SECURITY_LEGAL,A-004;A-005,no,"Lefedettségpótló AI-javaslat – részletesítve 2026-08-19. Javasolt kontrollgazda: Lángi Zoltán – IBF/szakmai kontrollgazda-jelölt. Közreműködők: Kóczán Mónika; Dr. Berta Brigitta szükség szerint. Javasolt G1 review: 2026-09-11; javasolt teljesítés: 2027-04-30. A dátumok, szerepek, EIR-hatókör és technikai lépések nem jóváhagyottak; a kanonikus target_date ezért üres marad. Részletes rekord: data/action_execution_details.csv. Az SRC-009 megvalósítási útmutatója javaslati forrás; G1 review előtt nem kötelező vagy igazolt megoldás."
A-045,1,1.11,Szervezet,Irányítás és programmenedzsment,SRC-008,audit_gap,28,machine_unvalidated,"A(z) 1.11 Engedélyezési folyamatok meghatározása követelménycsoportnál 1, közvetlen intézkedéshez eddig nem rendelt auditeltérés található; a legmagasabb értékelés kiemelt. Findingok: F-0010.","1.11 – Engedélyezési folyamatok meghatározása: 1) A szervezetnek engedélyezési folyamatokat kell létrehoznia az EIR-ek és azok működési környezetének biztonsági állapotának kezelésére. 2) A szervezetnek be kell illesztenie az engedélyezési folyamatokat a szervezet egészét átfogó kockázatkezelési keretrendszerbe. 3) A szervezetnek dokumentálnia kell az engedélyezési folyamatokat, hogy nyomon követhesse és ellenőrizhesse a folyamatokat és az esetleges biztonsági eseményeket. Az alkalmazhatóságot és a végrehajtást érintett EIR-enként rögzítse; az eltérésekhez nevezzen meg felelőst, céldátumot és kompenzáló kontrollt.","1.11 – Engedélyezési folyamatok meghatározása végrehajtási csomag: jóváhagyott EIR-scope, 4 pontos státuszchecklist, kontrollbeállítás vagy eljárás, kivételjegyzék és próbaeredmény.","jóváhagyott szabályozás, szerep- és felelősségi rekord, mérési vagy felülvizsgálati jegyzőkönyv, kontrollgazdai és G1 reviewer sign-off. Továbbá: 4 pontos végrehajtási checklist; scope- és kontrollgazda-jóváhagyás; teszt- vagy működési mintarekord; kivétellista; védett URI, SHA-256 és reviewer-döntés.",P0,M1_0_30D,NEW,Pásztor András,Lángi Zoltán,management_schedule,,,B0,NOW_B0,,partial,remediation_planner,G1_DOMAIN_REVIEW;G2_SECURITY_LEGAL,A-004;A-005,no,"Lefedettségpótló AI-javaslat – részletesítve 2026-08-19. Javasolt kontrollgazda: Lángi Zoltán – IBF/szakmai kontrollgazda-jelölt. Közreműködők: Kóczán Mónika; Dr. Berta Brigitta szükség szerint. Javasolt G1 review: 2026-09-11; javasolt teljesítés: 2027-01-31. A dátumok, szerepek, EIR-hatókör és technikai lépések nem jóváhagyottak; a kanonikus target_date ezért üres marad. Részletes rekord: data/action_execution_details.csv. Az SRC-009 megvalósítási útmutatója javaslati forrás; G1 review előtt nem kötelező vagy igazolt megoldás."
A-046,1,1.12,Szervezet,Irányítás és programmenedzsment,SRC-008,audit_gap,28–29,machine_unvalidated,"A(z) 1.12 Szervezeti működés és üzleti folyamatok meghatározása követelménycsoportnál 1, közvetlen intézkedéshez eddig nem rendelt auditeltérés található; a legmagasabb értékelés kiemelt. Findingok: F-0011.","1.12 – Szervezeti működés és üzleti folyamatok meghatározása: 1) A szervezetnek meg kell határoznia a szervezeti célokat és az alapfunkciókat, figyelembe véve az információbiztonságot és a szervezeti működésre, EIR-re, személyekre, más szervezetekre gyakorolt kockázatokat. 2) A szervezetnek meg kell határoznia a szervezeti célokból és alapfunkciókból adódó információvédelmi igényeket. 3) A szervezetnek meghatározott gyakorisággal felül kell vizsgálnia és módosítania a szervezeti célokat és az alapfunkciókat, hogy biztosítsa azok relevanciáját és hatékonyságát a változó környezeti és üzleti körülmények között. Az alkalmazhatóságot és a végrehajtást érintett EIR-enként rögzítse; az eltérésekhez nevezzen meg felelőst, céldátumot és kompenzáló kontrollt.","1.12 – Szervezeti működés és üzleti folyamatok meghatározása végrehajtási csomag: jóváhagyott EIR-scope, 4 pontos státuszchecklist, kontrollbeállítás vagy eljárás, kivételjegyzék és próbaeredmény.","jóváhagyott szabályozás, szerep- és felelősségi rekord, mérési vagy felülvizsgálati jegyzőkönyv, kontrollgazdai és G1 reviewer sign-off. Továbbá: 4 pontos végrehajtási checklist; scope- és kontrollgazda-jóváhagyás; teszt- vagy működési mintarekord; kivétellista; védett URI, SHA-256 és reviewer-döntés.",P0,M1_0_30D,NEW,Pásztor András,Lángi Zoltán,management_schedule,,,B0,NOW_B0,,partial,remediation_planner,G1_DOMAIN_REVIEW;G2_SECURITY_LEGAL,A-004;A-005,no,"Lefedettségpótló AI-javaslat – részletesítve 2026-08-19. Javasolt kontrollgazda: Lángi Zoltán – IBF/szakmai kontrollgazda-jelölt. Közreműködők: Kóczán Mónika; Dr. Berta Brigitta szükség szerint. Javasolt G1 review: 2026-09-11; javasolt teljesítés: 2027-01-31. A dátumok, szerepek, EIR-hatókör és technikai lépések nem jóváhagyottak; a kanonikus target_date ezért üres marad. Részletes rekord: data/action_execution_details.csv. Az SRC-009 megvalósítási útmutatója javaslati forrás; G1 review előtt nem kötelező vagy igazolt megoldás."
A-047,1,1.14,Szervezet,Irányítás és programmenedzsment,SRC-008,audit_gap,29–30,machine_unvalidated,"A(z) 1.14 Biztonsági személyzet képzése követelménycsoportnál 1, közvetlen intézkedéshez eddig nem rendelt auditeltérés található; a legmagasabb értékelés kiemelt. Findingok: F-0012.","1.14 – Biztonsági személyzet képzése: 1) A szervezetnek meg kell határoznia azt a tudást, készségeket és képességeket, amelyekre szükség van a biztonsággal kapcsolatos feladatok elvégzéséhez. 2) A szervezetnek szerepkör-alapú képzési programokat kell kifejlesztenie azok számára, akik biztonsági szerep- és felelősségi köröket látnak el. 3) A szervezetnek dokumentálnia kell a programban részt vevők előrehaladásáról és fejlődéséről, hogy biztosítsa a program hatékonyságát és folyamatos fejlesztését. Az alkalmazhatóságot és a végrehajtást érintett EIR-enként rögzítse; az eltérésekhez nevezzen meg felelőst, céldátumot és kompenzáló kontrollt.","1.14 – Biztonsági személyzet képzése végrehajtási csomag: jóváhagyott EIR-scope, 7 pontos státuszchecklist, kontrollbeállítás vagy eljárás, kivételjegyzék és próbaeredmény.","jóváhagyott szabályozás, szerep- és felelősségi rekord, mérési vagy felülvizsgálati jegyzőkönyv, kontrollgazdai és G1 reviewer sign-off. Továbbá: 7 pontos végrehajtási checklist; scope- és kontrollgazda-jóváhagyás; teszt- vagy működési mintarekord; kivétellista; védett URI, SHA-256 és reviewer-döntés.",P0,M1_0_30D,NEW,Pásztor András,Lángi Zoltán,management_schedule,,,B0,NOW_B0,,partial,remediation_planner,G1_DOMAIN_REVIEW;G2_SECURITY_LEGAL,A-004;A-005,no,"Lefedettségpótló AI-javaslat – részletesítve 2026-08-19. Javasolt kontrollgazda: Koncz Erika – HR-kontrollgazda. Közreműködők: Lángi Zoltán – IBF review. Javasolt G1 review: 2026-09-11; javasolt teljesítés: 2027-01-31. A dátumok, szerepek, EIR-hatókör és technikai lépések nem jóváhagyottak; a kanonikus target_date ezért üres marad. Részletes rekord: data/action_execution_details.csv. Az SRC-009 megvalósítási útmutatója javaslati forrás; G1 review előtt nem kötelező vagy igazolt megoldás."
A-048,1,1.15,Szervezet,Irányítás és programmenedzsment,SRC-008,audit_gap,30–31,machine_unvalidated,"A(z) 1.15 Tesztelés, képzés és felügyelet követelménycsoportnál 1, közvetlen intézkedéshez eddig nem rendelt auditeltérés található; a legmagasabb értékelés kiemelt. Findingok: F-0013.","1.15 – Tesztelés, képzés és felügyelet: 1) A szervezetnek be kell vezetnie egy folyamatot, amely biztosítja, hogy az EIR-ekhez kapcsolódó biztonsági tesztelések, képzések és felügyeleti tevékenységek folyamatosan végrehajtásra kerüljenek. 2) A szervezetnek gondoskodnia kell arról, hogy ezek a tevékenységek összehangoltak legyenek. 3) A szervezetnek dokumentálnia kell a tesztelési, képzési és felügyeleti tevékenységeket, hogy biztosítsa a folyamatok átláthatóságát és a felelősséget. Az alkalmazhatóságot és a végrehajtást érintett EIR-enként rögzítse; az eltérésekhez nevezzen meg felelőst, céldátumot és kompenzáló kontrollt.","1.15 – Tesztelés, képzés és felügyelet végrehajtási csomag: jóváhagyott EIR-scope, 5 pontos státuszchecklist, kontrollbeállítás vagy eljárás, kivételjegyzék és próbaeredmény.","jóváhagyott szabályozás, szerep- és felelősségi rekord, mérési vagy felülvizsgálati jegyzőkönyv, kontrollgazdai és G1 reviewer sign-off. Továbbá: 5 pontos végrehajtási checklist; scope- és kontrollgazda-jóváhagyás; teszt- vagy működési mintarekord; kivétellista; védett URI, SHA-256 és reviewer-döntés.",P0,M1_0_30D,NEW,Pásztor András,Lángi Zoltán,management_schedule,,,B0,NOW_B0,,partial,remediation_planner,G1_DOMAIN_REVIEW;G2_SECURITY_LEGAL,A-004;A-005,no,"Lefedettségpótló AI-javaslat – részletesítve 2026-08-19. Javasolt kontrollgazda: Lángi Zoltán – IBF/szakmai kontrollgazda-jelölt. Közreműködők: Kóczán Mónika; Dr. Berta Brigitta szükség szerint. Javasolt G1 review: 2026-09-11; javasolt teljesítés: 2027-01-31. A dátumok, szerepek, EIR-hatókör és technikai lépések nem jóváhagyottak; a kanonikus target_date ezért üres marad. Részletes rekord: data/action_execution_details.csv. Az SRC-009 megvalósítási útmutatója javaslati forrás; G1 review előtt nem kötelező vagy igazolt megoldás."
A-049,1,1.16,Szervezet,Irányítás és programmenedzsment,SRC-008,audit_gap,31,machine_unvalidated,"A(z) 1.16 Szakmai csoportokkal és közösségekkel való kapcsolattartás követelménycsoportnál 1, közvetlen intézkedéshez eddig nem rendelt auditeltérés található; a legmagasabb értékelés kiemelt. Findingok: F-0014.","1.16 – Szakmai csoportokkal és közösségekkel való kapcsolattartás: 1) A szervezetnek ki kell választania azokat a szakmai csoportokat és közösségeket, amelyekkel kapcsolatot kíván létrehozni. 2) Miután kiválasztotta a megfelelő csoportokat, a szervezetnek kapcsolatot kell létesítenie ezekkel a csoportokkal, és aktívan részt kell vennie a közösségek és csoportok tevékenységeiben. 3) A szervezetnek dokumentálnia kell a biztonsági eseményeket, és rendszeresen felül kell vizsgálnia a naplót, hogy azonosítsa a potenciális problémákat és javítási lehetőségeket. Az alkalmazhatóságot és a végrehajtást érintett EIR-enként rögzítse; az eltérésekhez nevezzen meg felelőst, céldátumot és kompenzáló kontrollt.","1.16 – Szakmai csoportokkal és közösségekkel való kapcsolattartás végrehajtási csomag: jóváhagyott EIR-scope, 6 pontos státuszchecklist, kontrollbeállítás vagy eljárás, kivételjegyzék és próbaeredmény.","jóváhagyott szabályozás, szerep- és felelősségi rekord, mérési vagy felülvizsgálati jegyzőkönyv, kontrollgazdai és G1 reviewer sign-off. Továbbá: 6 pontos végrehajtási checklist; scope- és kontrollgazda-jóváhagyás; teszt- vagy működési mintarekord; kivétellista; védett URI, SHA-256 és reviewer-döntés.",P0,M1_0_30D,NEW,Pásztor András,Lángi Zoltán,management_schedule,,,B0,NOW_B0,,partial,remediation_planner,G1_DOMAIN_REVIEW;G2_SECURITY_LEGAL,A-004;A-005,no,"Lefedettségpótló AI-javaslat – részletesítve 2026-08-19. Javasolt kontrollgazda: Lángi Zoltán – IBF/szakmai kontrollgazda-jelölt. Közreműködők: Kóczán Mónika; Dr. Berta Brigitta szükség szerint. Javasolt G1 review: 2026-09-11; javasolt teljesítés: 2027-01-31. A dátumok, szerepek, EIR-hatókör és technikai lépések nem jóváhagyottak; a kanonikus target_date ezért üres marad. Részletes rekord: data/action_execution_details.csv. Az SRC-009 megvalósítási útmutatója javaslati forrás; G1 review előtt nem kötelező vagy igazolt megoldás."
A-050,1,1.17,Szervezet,Irányítás és programmenedzsment,SRC-008,audit_gap,31–32,machine_unvalidated,"A(z) 1.17 Fenyegetettség tudatosító program követelménycsoportnál 1, közvetlen intézkedéshez eddig nem rendelt auditeltérés található; a legmagasabb értékelés kiemelt. Findingok: F-0015.","1.17 – Fenyegetettség tudatosító program: 1) A szervezetnek először létre kell hoznia egy fenyegetettség tudatosító programot. 2) A szervezetnek ki kell dolgoznia egy stratégiát a fenyegetések felderítésére. 3) A szervezetnek rendszeresen felül kell vizsgálnia és frissítenie kell a fenyegetettség tudatosító programját, hogy biztosítsa annak relevanciáját és hatékonyságát a folyamatosan változó fenyegetési környezetben. Az alkalmazhatóságot és a végrehajtást érintett EIR-enként rögzítse; az eltérésekhez nevezzen meg felelőst, céldátumot és kompenzáló kontrollt.","1.17 – Fenyegetettség tudatosító program végrehajtási csomag: jóváhagyott EIR-scope, 7 pontos státuszchecklist, kontrollbeállítás vagy eljárás, kivételjegyzék és próbaeredmény.","jóváhagyott szabályozás, szerep- és felelősségi rekord, mérési vagy felülvizsgálati jegyzőkönyv, kontrollgazdai és G1 reviewer sign-off. Továbbá: 7 pontos végrehajtási checklist; scope- és kontrollgazda-jóváhagyás; teszt- vagy működési mintarekord; kivétellista; védett URI, SHA-256 és reviewer-döntés.",P0,M1_0_30D,NEW,Pásztor András,Lángi Zoltán,management_schedule,,,B0,NOW_B0,,partial,remediation_planner,G1_DOMAIN_REVIEW;G2_SECURITY_LEGAL,A-004;A-005,no,"Lefedettségpótló AI-javaslat – részletesítve 2026-08-19. Javasolt kontrollgazda: Koncz Erika – HR-kontrollgazda. Közreműködők: Lángi Zoltán – IBF review. Javasolt G1 review: 2026-09-11; javasolt teljesítés: 2027-01-31. A dátumok, szerepek, EIR-hatókör és technikai lépések nem jóváhagyottak; a kanonikus target_date ezért üres marad. Részletes rekord: data/action_execution_details.csv. Az SRC-009 megvalósítási útmutatója javaslati forrás; G1 review előtt nem kötelező vagy igazolt megoldás."
A-051,1,1.19,Szervezet,Irányítás és programmenedzsment,SRC-008,audit_gap,32–33,machine_unvalidated,"A(z) 1.19 Kockázatmenedzsment keretrendszer követelménycsoportnál 1, közvetlen intézkedéshez eddig nem rendelt auditeltérés található; a legmagasabb értékelés kiemelt. Findingok: F-0016.","1.19 – Kockázatmenedzsment keretrendszer: 1) A szervezetnek azonosítania és dokumentálnia kell a kockázatelemzést, kockázatkezelést és a kockázatok felügyeletét érintő feltételezéseit. 2) A szervezetnek meg kell osztania a kockázatkezelési tevékenység eredményeit a szervezet által meghatározott személyekkel. 3) A naplózás során az érintett szervezetnek figyelemmel kell kísérnie és dokumentálnia kell a kockázatkezelési tevékenységeket, beleértve a kockázatok azonosítását, értékelését, kezelését és felügyeletét. Az alkalmazhatóságot és a végrehajtást érintett EIR-enként rögzítse; az eltérésekhez nevezzen meg felelőst, céldátumot és kompenzáló kontrollt.","1.19 – Kockázatmenedzsment keretrendszer végrehajtási csomag: jóváhagyott EIR-scope, 4 pontos státuszchecklist, kontrollbeállítás vagy eljárás, kivételjegyzék és próbaeredmény.","jóváhagyott szabályozás, szerep- és felelősségi rekord, mérési vagy felülvizsgálati jegyzőkönyv, kontrollgazdai és G1 reviewer sign-off. Továbbá: 4 pontos végrehajtási checklist; scope- és kontrollgazda-jóváhagyás; teszt- vagy működési mintarekord; kivétellista; védett URI, SHA-256 és reviewer-döntés.",P0,M1_0_30D,NEW,Pásztor András,Lángi Zoltán,management_schedule,,,B0,NOW_B0,,partial,remediation_planner,G1_DOMAIN_REVIEW;G2_SECURITY_LEGAL,A-004;A-005,no,"Lefedettségpótló AI-javaslat – részletesítve 2026-08-19. Javasolt kontrollgazda: Lángi Zoltán – IBF/szakmai kontrollgazda-jelölt. Közreműködők: Kóczán Mónika; Dr. Berta Brigitta szükség szerint. Javasolt G1 review: 2026-09-11; javasolt teljesítés: 2027-01-31. A dátumok, szerepek, EIR-hatókör és technikai lépések nem jóváhagyottak; a kanonikus target_date ezért üres marad. Részletes rekord: data/action_execution_details.csv. Az SRC-009 megvalósítási útmutatója javaslati forrás; G1 review előtt nem kötelező vagy igazolt megoldás."
A-052,1,1.20,Szervezet,Irányítás és programmenedzsment,SRC-008,audit_gap,33–34,machine_unvalidated,"A(z) 1.20 Kockázatkezelésért felelős szerepkörök követelménycsoportnál 1, közvetlen intézkedéshez eddig nem rendelt auditeltérés található; a legmagasabb értékelés kiemelt. Findingok: F-0017.","1.20 – Kockázatkezelésért felelős szerepkörök: 1) A szervezetnek ki kell jelölnie egy kockázatkezelésért felelős személyt. 2) A szervezetnek ki kell jelölnie egy kockázati vezetőt. 3) A szervezetnek rendszeresen felül kell vizsgálnia és frissítenie kell a kockázatkezelési folyamatokat, hogy biztosítsa azok hatékonyságát és relevanciáját a változó kockázati környezetben. Az alkalmazhatóságot és a végrehajtást érintett EIR-enként rögzítse; az eltérésekhez nevezzen meg felelőst, céldátumot és kompenzáló kontrollt.","1.20 – Kockázatkezelésért felelős szerepkörök végrehajtási csomag: jóváhagyott EIR-scope, 6 pontos státuszchecklist, kontrollbeállítás vagy eljárás, kivételjegyzék és próbaeredmény.","jóváhagyott szabályozás, szerep- és felelősségi rekord, mérési vagy felülvizsgálati jegyzőkönyv, kontrollgazdai és G1 reviewer sign-off. Továbbá: 6 pontos végrehajtási checklist; scope- és kontrollgazda-jóváhagyás; teszt- vagy működési mintarekord; kivétellista; védett URI, SHA-256 és reviewer-döntés.",P0,M1_0_30D,NEW,Pásztor András,Lángi Zoltán,management_schedule,,,B0,NOW_B0,,partial,remediation_planner,G1_DOMAIN_REVIEW;G2_SECURITY_LEGAL,A-004;A-005,no,"Lefedettségpótló AI-javaslat – részletesítve 2026-08-19. Javasolt kontrollgazda: Lángi Zoltán – IBF/szakmai kontrollgazda-jelölt. Közreműködők: Kóczán Mónika; Dr. Berta Brigitta szükség szerint. Javasolt G1 review: 2026-09-11; javasolt teljesítés: 2027-01-31. A dátumok, szerepek, EIR-hatókör és technikai lépések nem jóváhagyottak; a kanonikus target_date ezért üres marad. Részletes rekord: data/action_execution_details.csv. Az SRC-009 megvalósítási útmutatója javaslati forrás; G1 review előtt nem kötelező vagy igazolt megoldás."
A-053,1,1.21,Szervezet,Irányítás és programmenedzsment,SRC-008,audit_gap,34–36,machine_unvalidated,"A(z) 1.21 Ellátási lánc kockázatmenedzsment stratégiája követelménycsoportnál 1, közvetlen intézkedéshez eddig nem rendelt auditeltérés található; a legmagasabb értékelés kiemelt. Findingok: F-0018.","1.21 – Ellátási lánc kockázatmenedzsment stratégiája: 1) A szervezet kidolgoz egy, az egész szervezetre kiterjedő ellátási láncra vonatkozó kockázatkezelési stratégiát. 2) A szervezetnek meg kell fontolnia, hogy az ellátási láncra vonatkozó kockázatkezelési stratégiát beépíti a szervezeti kockázatkezelési stratégiájába. 3) A szervezet rendszeresen felülvizsgálja és frissíti az ellátási lánc kockázatkezelési stratégiáját a változások nyomon követése érdekében az általa meghatározott gyakorisággal. Az alkalmazhatóságot és a végrehajtást érintett EIR-enként rögzítse; az eltérésekhez nevezzen meg felelőst, céldátumot és kompenzáló kontrollt.","1.21 – Ellátási lánc kockázatmenedzsment stratégiája végrehajtási csomag: jóváhagyott EIR-scope, 4 pontos státuszchecklist, kontrollbeállítás vagy eljárás, kivételjegyzék és próbaeredmény.","jóváhagyott szabályozás, szerep- és felelősségi rekord, mérési vagy felülvizsgálati jegyzőkönyv, kontrollgazdai és G1 reviewer sign-off. Továbbá: 4 pontos végrehajtási checklist; scope- és kontrollgazda-jóváhagyás; teszt- vagy működési mintarekord; kivétellista; védett URI, SHA-256 és reviewer-döntés.",P0,M1_0_30D,NEW,Pásztor András,Lángi Zoltán,management_schedule,,,B0,NOW_B0,,partial,remediation_planner,G1_DOMAIN_REVIEW;G2_SECURITY_LEGAL,A-004;A-005,no,"Lefedettségpótló AI-javaslat – részletesítve 2026-08-19. Javasolt kontrollgazda: TBD – belső ellátásilánc-/beszerzési kontrollgazda. Közreműködők: Dr. Berta Brigitta – jogi review; Lángi Zoltán – IBF review; Kollár Csaba szükség szerint. Javasolt G1 review: 2026-09-11; javasolt teljesítés: 2027-01-31. A dátumok, szerepek, EIR-hatókör és technikai lépések nem jóváhagyottak; a kanonikus target_date ezért üres marad. Részletes rekord: data/action_execution_details.csv. Az SRC-009 megvalósítási útmutatója javaslati forrás; G1 review előtt nem kötelező vagy igazolt megoldás."
A-054,1,1.23,Szervezet,Irányítás és programmenedzsment,SRC-008,audit_gap,37–38,machine_unvalidated,"A(z) 1.23 Folyamatos felügyeleti stratégia követelménycsoportnál 1, közvetlen intézkedéshez eddig nem rendelt auditeltérés található; a legmagasabb értékelés kiemelt. Findingok: F-0020.","1.23 – Folyamatos felügyeleti stratégia: 1) A szervezetnek ki kell dolgoznia egy stratégiát, amely meghatározza a felügyeleti tevékenységek gyakoriságát és módszereit, valamint a mérőszámokat, amelyek alapján a felügyeleti tevékenységek hatékonyságát értékelik. 2) A szervezetnek fen kell tartania kell egy programot, amely a felügyeleti stratégia szerint folyamatosan figyelemmel kíséri a mérőszámokat. 3) A szervezetnek dokumentálnia kell a folyamatos felügyeleti tevékenységeket, hogy nyomon követhető legyen a felügyeleti tevékenységek hatékonysága és a védelmi intézkedések hatékonysága. Az alkalmazhatóságot és a végrehajtást érintett EIR-enként rögzítse; az eltérésekhez nevezzen meg felelőst, céldátumot és kompenzáló kontrollt.","1.23 – Folyamatos felügyeleti stratégia végrehajtási csomag: jóváhagyott EIR-scope, 6 pontos státuszchecklist, kontrollbeállítás vagy eljárás, kivételjegyzék és próbaeredmény.","jóváhagyott szabályozás, szerep- és felelősségi rekord, mérési vagy felülvizsgálati jegyzőkönyv, kontrollgazdai és G1 reviewer sign-off. Továbbá: 6 pontos végrehajtási checklist; scope- és kontrollgazda-jóváhagyás; teszt- vagy működési mintarekord; kivétellista; védett URI, SHA-256 és reviewer-döntés.",P0,M1_0_30D,NEW,Pásztor András,Lángi Zoltán,management_schedule,,,B0,NOW_B0,,partial,remediation_planner,G1_DOMAIN_REVIEW;G2_SECURITY_LEGAL,A-004;A-005,no,"Lefedettségpótló AI-javaslat – részletesítve 2026-08-19. Javasolt kontrollgazda: Lángi Zoltán – IBF/szakmai kontrollgazda-jelölt. Közreműködők: Kóczán Mónika; Dr. Berta Brigitta szükség szerint. Javasolt G1 review: 2026-09-11; javasolt teljesítés: 2027-01-31. A dátumok, szerepek, EIR-hatókör és technikai lépések nem jóváhagyottak; a kanonikus target_date ezért üres marad. Részletes rekord: data/action_execution_details.csv. Az SRC-009 megvalósítási útmutatója javaslati forrás; G1 review előtt nem kötelező vagy igazolt megoldás."
A-055,2,2.1,Vezetéstámogató;Irodai;Termelés,Hozzáférés-felügyelet,SRC-008,audit_gap,113–116;202–205;292–294,machine_unvalidated,"A(z) 2.1 Szabályzat és eljárásrendek követelménycsoportnál 3, közvetlen intézkedéshez eddig nem rendelt auditeltérés található; a legmagasabb értékelés kis mértékű. Findingok: F-0083;F-0165;F-0247.","2.1 – Szabályzat és eljárásrendek: 1) A szervezetnek gondoskodnia kell a hozzáférés-felügyeleti szabályzat és eljárásrendek kidolgozásával, dokumentálásával, jóváhagyásával, kiadásával és megismertetésével kapcsolatos feladatok ellátásáról. 2) A szervezetnek meg kell bizonyosodnia arról, hogy a hozzáférés-felügyeleti szabályzatban foglaltak megfelelnek a szervezetre vonatkozó hatályos jogszabályoknak, irányelveknek, szabályozásoknak, szabványoknak és ajánlásoknak. 3) A szervezetnek felül kell vizsgálnia és szükség esetén frissítenie kell az aktuális hozzáférés-felügyeleti szabályzatot/szabályokat, illetve a kapcsolódó eljárásrendeket a szervezet által meghatározott gyakorisággal, valamint a szervezet által meghatározott események bekövetkezését követően. Az alkalmazhatóságot és a végrehajtást érintett EIR-enként rögzítse; az eltérésekhez nevezzen meg felelőst, céldátumot és kompenzáló kontrollt.","2.1 – Szabályzat és eljárásrendek végrehajtási csomag: jóváhagyott EIR-scope, 6 pontos státuszchecklist, kontrollbeállítás vagy eljárás, kivételjegyzék és próbaeredmény.","jóváhagyott hozzáférési szabály, konfigurációexport, jogosultsági vagy hozzáférési teszt és kivételnapló, kontrollgazdai és G1 reviewer sign-off. Továbbá: 6 pontos végrehajtási checklist; scope- és kontrollgazda-jóváhagyás; teszt- vagy működési mintarekord; kivétellista; védett URI, SHA-256 és reviewer-döntés.",P1,M2_31_90D,NEW,Pásztor András,Lángi Zoltán,management_schedule,,,B0,NOW_B0,,partial,remediation_planner,G1_DOMAIN_REVIEW;G2_SECURITY_LEGAL;G3_PRODUCTION_CHANGE,A-004;A-005,no,"Lefedettségpótló AI-javaslat – részletesítve 2026-08-19. Javasolt kontrollgazda: TBD – belső metALCOM technikai kontrollgazda. Közreműködők: Kollár Csaba – technikai végrehajtó; Lángi Zoltán – IBF review. Javasolt G1 review: 2026-09-11; javasolt teljesítés: 2027-04-30. A dátumok, szerepek, EIR-hatókör és technikai lépések nem jóváhagyottak; a kanonikus target_date ezért üres marad. Részletes rekord: data/action_execution_details.csv. Az SRC-009 megvalósítási útmutatója javaslati forrás; G1 review előtt nem kötelező vagy igazolt megoldás."
A-056,2,2.15,Vezetéstámogató;Irodai;Termelés,Hozzáférés-felügyelet,SRC-008,audit_gap,118–119;208;297–298,machine_unvalidated,"A(z) 2.15 Hozzáférési szabályok érvényesítése követelménycsoportnál 3, közvetlen intézkedéshez eddig nem rendelt auditeltérés található; a legmagasabb értékelés kiemelt. Findingok: F-0085;F-0167;F-0249.","2.15 – Hozzáférési szabályok érvényesítése: 1) A szervezetnek meg kell határoznia és dokumentálnia a logikai hozzáférési jogosultságokat az EIR-hez. 2) A szervezetnek létre kell hoznia egy szabályzatot, amely meghatározza, hogyan kell kezelni és érvényesíteni a logikai hozzáférési jogosultságokat az EIR-ben. 3) A szervezetnek naplóznia kell a logikai hozzáférési jogosultságok használatát az EIR-ben. Az alkalmazhatóságot és a végrehajtást érintett EIR-enként rögzítse; az eltérésekhez nevezzen meg felelőst, céldátumot és kompenzáló kontrollt.","2.15 – Hozzáférési szabályok érvényesítése végrehajtási csomag: jóváhagyott EIR-scope, 4 pontos státuszchecklist, kontrollbeállítás vagy eljárás, kivételjegyzék és próbaeredmény.","jóváhagyott hozzáférési szabály, konfigurációexport, jogosultsági vagy hozzáférési teszt és kivételnapló, kontrollgazdai és G1 reviewer sign-off. Továbbá: 4 pontos végrehajtási checklist; scope- és kontrollgazda-jóváhagyás; teszt- vagy működési mintarekord; kivétellista; védett URI, SHA-256 és reviewer-döntés.",P0,M1_0_30D,NEW,Pásztor András,Lángi Zoltán,management_schedule,,,B0,NOW_B0,,partial,remediation_planner,G1_DOMAIN_REVIEW;G2_SECURITY_LEGAL;G3_PRODUCTION_CHANGE,A-004;A-005,no,"Lefedettségpótló AI-javaslat – részletesítve 2026-08-19. Javasolt kontrollgazda: TBD – belső metALCOM technikai kontrollgazda. Közreműködők: Kollár Csaba – technikai végrehajtó; Lángi Zoltán – IBF review. Javasolt G1 review: 2026-09-11; javasolt teljesítés: 2027-01-31. A dátumok, szerepek, EIR-hatókör és technikai lépések nem jóváhagyottak; a kanonikus target_date ezért üres marad. Részletes rekord: data/action_execution_details.csv. Az SRC-009 megvalósítási útmutatója javaslati forrás; G1 review előtt nem kötelező vagy igazolt megoldás."
A-057,2,2.71,Vezetéstámogató;Irodai;Termelés,Hozzáférés-felügyelet,SRC-008,audit_gap,119–120;208–209;298–299,machine_unvalidated,"A(z) 2.71 Sikertelen bejelentkezési kísérletek követelménycsoportnál 3, közvetlen intézkedéshez eddig nem rendelt auditeltérés található; a legmagasabb értékelés kis mértékű. Findingok: F-0086;F-0168;F-0250.","2.71 – Sikertelen bejelentkezési kísérletek: 1) A szervezetnek meghatározott esetszám korlátot kell alkalmaznia a felhasználló meghatározott időtartamon belül egymást követő sikertelen bejelentkezési kísérleteire. 2) A szervezetnek implementálnia kell egy olyan megoldást, amely képes nyomon követni és naplózni a sikertelen bejelentkezési kísérleteket. 3) A szervezetnek meghatározott időközönként, rendszeresen felül kell vizsgálnia és szükség esetén frissítenie kell a bejelentkezési kísérletekkel kapcsolatos intézkedéseket, így biztosítva azok hatékonyságát és naprakészségét. Az alkalmazhatóságot és a végrehajtást érintett EIR-enként rögzítse; az eltérésekhez nevezzen meg felelőst, céldátumot és kompenzáló kontrollt.","2.71 – Sikertelen bejelentkezési kísérletek végrehajtási csomag: jóváhagyott EIR-scope, 6 pontos státuszchecklist, kontrollbeállítás vagy eljárás, kivételjegyzék és próbaeredmény.","jóváhagyott hozzáférési szabály, konfigurációexport, jogosultsági vagy hozzáférési teszt és kivételnapló, kontrollgazdai és G1 reviewer sign-off. Továbbá: 6 pontos végrehajtási checklist; scope- és kontrollgazda-jóváhagyás; teszt- vagy működési mintarekord; kivétellista; védett URI, SHA-256 és reviewer-döntés.",P1,M2_31_90D,NEW,Pásztor András,Lángi Zoltán,management_schedule,,,B0,NOW_B0,,partial,remediation_planner,G1_DOMAIN_REVIEW;G2_SECURITY_LEGAL;G3_PRODUCTION_CHANGE,A-004;A-005,no,"Lefedettségpótló AI-javaslat – részletesítve 2026-08-19. Javasolt kontrollgazda: TBD – belső metALCOM technikai kontrollgazda. Közreműködők: Kollár Csaba – technikai végrehajtó; Lángi Zoltán – IBF review. Javasolt G1 review: 2026-09-11; javasolt teljesítés: 2027-04-30. A dátumok, szerepek, EIR-hatókör és technikai lépések nem jóváhagyottak; a kanonikus target_date ezért üres marad. Részletes rekord: data/action_execution_details.csv. Az SRC-009 megvalósítási útmutatója javaslati forrás; G1 review előtt nem kötelező vagy igazolt megoldás."
A-058,2,2.75,Vezetéstámogató;Irodai;Termelés,Hozzáférés-felügyelet,SRC-008,audit_gap,120–122;209–211;299–300,machine_unvalidated,"A(z) 2.75 A rendszerhasználat jelzése követelménycsoportnál 3, közvetlen intézkedéshez eddig nem rendelt auditeltérés található; a legmagasabb értékelés kiemelt. Findingok: F-0087;F-0169;F-0251.","2.75 – A rendszerhasználat jelzése: 1) Határozza meg az EIR-ek belépési felületén megjelenítendő, jogilag és információbiztonságilag jóváhagyott rendszerhasználati figyelmeztetés tartalmát. 2) Állítsa be a jóváhagyott figyelmeztetés megjelenítését minden alkalmazandó interaktív belépési ponton, még a hitelesítés vagy a hozzáférés engedélyezése előtt. 3) Dokumentálja a szövegváltozatot, a konfigurációt, a képernyőképes vagy konfigurációexport-alapú próbaeredményt és a felülvizsgálati ciklust. Az alkalmazhatóságot és a végrehajtást érintett EIR-enként rögzítse; az eltérésekhez nevezzen meg felelőst, céldátumot és kompenzáló kontrollt.","2.75 – A rendszerhasználat jelzése végrehajtási csomag: jóváhagyott EIR-scope, 4 pontos státuszchecklist, kontrollbeállítás vagy eljárás, kivételjegyzék és próbaeredmény.","jóváhagyott hozzáférési szabály, konfigurációexport, jogosultsági vagy hozzáférési teszt és kivételnapló, kontrollgazdai és G1 reviewer sign-off. Továbbá: 4 pontos végrehajtási checklist; scope- és kontrollgazda-jóváhagyás; teszt- vagy működési mintarekord; kivétellista; védett URI, SHA-256 és reviewer-döntés.",P0,M1_0_30D,NEW,Pásztor András,Lángi Zoltán,management_schedule,,,B0,NOW_B0,,partial,remediation_planner,G1_DOMAIN_REVIEW;G2_SECURITY_LEGAL;G3_PRODUCTION_CHANGE,A-004;A-005,no,"Lefedettségpótló AI-javaslat – részletesítve 2026-08-19. Javasolt kontrollgazda: TBD – belső metALCOM technikai kontrollgazda. Közreműködők: Kollár Csaba – technikai végrehajtó; Lángi Zoltán – IBF review. Javasolt G1 review: 2026-09-11; javasolt teljesítés: 2027-01-31. A dátumok, szerepek, EIR-hatókör és technikai lépések nem jóváhagyottak; a kanonikus target_date ezért üres marad. Részletes rekord: data/action_execution_details.csv. Az SRC-009 megvalósítási útmutatója javaslati forrás; G1 review előtt nem kötelező vagy igazolt megoldás."
A-059,2,2.88,Vezetéstámogató;Irodai;Termelés,Hozzáférés-felügyelet,SRC-008,audit_gap,122;211;300–301,machine_unvalidated,"A(z) 2.88 Azonosítás vagy hitelesítés nélkül engedélyezett tevékenységek követelménycsoportnál 3, közvetlen intézkedéshez eddig nem rendelt auditeltérés található; a legmagasabb értékelés kiemelt. Findingok: F-0088;F-0170;F-0252.","2.88 – Azonosítás vagy hitelesítés nélkül engedélyezett tevékenységek: 1) A szervezetnek azonosítania kell azokat a felhasználói tevékenységeket, amelyeket az EIR-ben azonosítás vagy hitelesítés nélkül is végrehajthatnak. 2) A szervezetnek meg kell határoznia azokat a tevékenységeket, amelyek normál esetben azonosítást vagy hitelesítést igényelnek, de bizonyos körülmények között lehetővé teszik az azonosítási vagy hitelesítési mechanizmusok megkerülését. 3) A szervezetnek rendszeresen felül kell vizsgálnia ezeket az azonosítást és hitelesítést nem igénylő felhasználói tevékenységeket, és amennyiben azok már nincsenek összhangban a szervezeti célokkal és az üzleti funkciókkal, meg kell szüntetnie azokat. Az alkalmazhatóságot és a végrehajtást érintett EIR-enként rögzítse; az eltérésekhez nevezzen meg felelőst, céldátumot és kompenzáló kontrollt.","2.88 – Azonosítás vagy hitelesítés nélkül engedélyezett tevékenységek végrehajtási csomag: jóváhagyott EIR-scope, 4 pontos státuszchecklist, kontrollbeállítás vagy eljárás, kivételjegyzék és próbaeredmény.","jóváhagyott hozzáférési szabály, konfigurációexport, jogosultsági vagy hozzáférési teszt és kivételnapló, kontrollgazdai és G1 reviewer sign-off. Továbbá: 4 pontos végrehajtási checklist; scope- és kontrollgazda-jóváhagyás; teszt- vagy működési mintarekord; kivétellista; védett URI, SHA-256 és reviewer-döntés.",P0,M1_0_30D,NEW,Pásztor András,Lángi Zoltán,management_schedule,,,B0,NOW_B0,,partial,remediation_planner,G1_DOMAIN_REVIEW;G2_SECURITY_LEGAL;G3_PRODUCTION_CHANGE,A-004;A-005,no,"Lefedettségpótló AI-javaslat – részletesítve 2026-08-19. Javasolt kontrollgazda: TBD – belső metALCOM technikai kontrollgazda. Közreműködők: Kollár Csaba – technikai végrehajtó; Lángi Zoltán – IBF review. Javasolt G1 review: 2026-09-11; javasolt teljesítés: 2027-01-31. A dátumok, szerepek, EIR-hatókör és technikai lépések nem jóváhagyottak; a kanonikus target_date ezért üres marad. Részletes rekord: data/action_execution_details.csv. Az SRC-009 megvalósítási útmutatója javaslati forrás; G1 review előtt nem kötelező vagy igazolt megoldás."
A-060,2,2.100,Vezetéstámogató;Irodai;Termelés,Hozzáférés-felügyelet,SRC-008,audit_gap,122–123;211–212;301–302,machine_unvalidated,"A(z) 2.100 Távoli hozzáférés követelménycsoportnál 3, közvetlen intézkedéshez eddig nem rendelt auditeltérés található; a legmagasabb értékelés kiemelt. Findingok: F-0089;F-0171;F-0253.","2.100 – Távoli hozzáférés: 1) A szervezetnek ki kell dolgoznia és dokumentálnia kell az engedélyezett távoli hozzáférés minden egyes típusára vonatkozó használati korlátozásokat, a konfigurációs vagy csatlakozási követelményeket és az alkalmazási útmutatókat. 2) A szervezetnek titkosított magánhálózatokat (VPN-eket) kell használnia a távoli kapcsolatok bizalmasságának és integritásának megőrzése érdekében. 3) A szervezetnek dokumentálnia kell, hogy mely felhasználók részére került engedélyezésre a távoli hozzáférés. Az alkalmazhatóságot és a végrehajtást érintett EIR-enként rögzítse; az eltérésekhez nevezzen meg felelőst, céldátumot és kompenzáló kontrollt.","2.100 – Távoli hozzáférés végrehajtási csomag: jóváhagyott EIR-scope, 5 pontos státuszchecklist, kontrollbeállítás vagy eljárás, kivételjegyzék és próbaeredmény.","jóváhagyott hozzáférési szabály, konfigurációexport, jogosultsági vagy hozzáférési teszt és kivételnapló, kontrollgazdai és G1 reviewer sign-off. Továbbá: 5 pontos végrehajtási checklist; scope- és kontrollgazda-jóváhagyás; teszt- vagy működési mintarekord; kivétellista; védett URI, SHA-256 és reviewer-döntés.",P0,M1_0_30D,NEW,Pásztor András,Lángi Zoltán,management_schedule,,,B0,NOW_B0,,partial,remediation_planner,G1_DOMAIN_REVIEW;G2_SECURITY_LEGAL;G3_PRODUCTION_CHANGE,A-004;A-005,no,"Lefedettségpótló AI-javaslat – részletesítve 2026-08-19. Javasolt kontrollgazda: TBD – belső metALCOM technikai kontrollgazda. Közreműködők: Kollár Csaba – technikai végrehajtó; Lángi Zoltán – IBF review. Javasolt G1 review: 2026-09-11; javasolt teljesítés: 2027-01-31. A dátumok, szerepek, EIR-hatókör és technikai lépések nem jóváhagyottak; a kanonikus target_date ezért üres marad. Részletes rekord: data/action_execution_details.csv. Az SRC-009 megvalósítási útmutatója javaslati forrás; G1 review előtt nem kötelező vagy igazolt megoldás."
A-061,2,2.108,Vezetéstámogató;Irodai;Termelés,Hozzáférés-felügyelet,SRC-008,audit_gap,123–124;212–213;302,machine_unvalidated,"A(z) 2.108 Vezeték nélküli hozzáférés követelménycsoportnál 3, közvetlen intézkedéshez eddig nem rendelt auditeltérés található; a legmagasabb értékelés elhanyagolható. Findingok: F-0090;F-0172;F-0254.","2.108 – Vezeték nélküli hozzáférés: 1) A szervezetnek konfigurációs követelményeket, kapcsolódási követelményeket és alkalmazási útmutatót kell kidolgoznia minden egyes vezeték nélküli hozzáférési típusra. 2) A szervezetnek engedélyezési eljárást kell lefolytatnia az EIR-hez való vezeték nélküli hozzáférés minden egyes típusára, mielőtt lehetővé tenné ezeket a kapcsolatokat. 3) A szervezetnek biztosítania kell, hogy a vezeték nélküli hozzáféréshez kapcsolódó biztonsági elvárásokat minden releváns személy megismerje és azokat be is tartsa. Az alkalmazhatóságot és a végrehajtást érintett EIR-enként rögzítse; az eltérésekhez nevezzen meg felelőst, céldátumot és kompenzáló kontrollt.","2.108 – Vezeték nélküli hozzáférés végrehajtási csomag: jóváhagyott EIR-scope, 4 pontos státuszchecklist, kontrollbeállítás vagy eljárás, kivételjegyzék és próbaeredmény.","jóváhagyott hozzáférési szabály, konfigurációexport, jogosultsági vagy hozzáférési teszt és kivételnapló, kontrollgazdai és G1 reviewer sign-off. Továbbá: 4 pontos végrehajtási checklist; scope- és kontrollgazda-jóváhagyás; teszt- vagy működési mintarekord; kivétellista; védett URI, SHA-256 és reviewer-döntés.",P2,M3_3_6M,NEW,Pásztor András,Lángi Zoltán,management_schedule,,,B0,NOW_B0,,partial,remediation_planner,G1_DOMAIN_REVIEW;G2_SECURITY_LEGAL;G3_PRODUCTION_CHANGE,A-004;A-005,no,"Lefedettségpótló AI-javaslat – részletesítve 2026-08-19. Javasolt kontrollgazda: TBD – belső metALCOM technikai kontrollgazda. Közreműködők: Kollár Csaba – technikai végrehajtó; Lángi Zoltán – IBF review. Javasolt G1 review: 2026-09-11; javasolt teljesítés: 2027-06-30. A dátumok, szerepek, EIR-hatókör és technikai lépések nem jóváhagyottak; a kanonikus target_date ezért üres marad. Részletes rekord: data/action_execution_details.csv. Az SRC-009 megvalósítási útmutatója javaslati forrás; G1 review előtt nem kötelező vagy igazolt megoldás."
A-062,2,2.113,Vezetéstámogató;Irodai;Termelés,Hozzáférés-felügyelet,SRC-008,audit_gap,124;213–214;302–303,machine_unvalidated,"A(z) 2.113 Mobil eszközök hozzáférés-ellenőrzése követelménycsoportnál 3, közvetlen intézkedéshez eddig nem rendelt auditeltérés található; a legmagasabb értékelés kiemelt. Findingok: F-0091;F-0173;F-0255.","2.113 – Mobil eszközök hozzáférés-ellenőrzése: 1) A szervezetnek ki kell alakítania a konfigurációs követelményeket, kapcsolódási követelményeket és alkalmazási útmutatót a mobil eszközök számára, különös tekintettel azokra az esetekre, amikor a mobil eszközök az érintett szervezet által ellenőrzött területen kívül helyezkednek el. 2) A szervezetnek engedélykötelessé kell tennie a mobil eszközökkel történő kapcsolódást az EIR-hez. 3) A szervezetnek rendszeresen felül kell vizsgálnia a kiadott engedélyeket, és a már nem szükséges engedélyeket vissza kell vonnia. Az alkalmazhatóságot és a végrehajtást érintett EIR-enként rögzítse; az eltérésekhez nevezzen meg felelőst, céldátumot és kompenzáló kontrollt.","2.113 – Mobil eszközök hozzáférés-ellenőrzése végrehajtási csomag: jóváhagyott EIR-scope, 4 pontos státuszchecklist, kontrollbeállítás vagy eljárás, kivételjegyzék és próbaeredmény.","jóváhagyott hozzáférési szabály, konfigurációexport, jogosultsági vagy hozzáférési teszt és kivételnapló, kontrollgazdai és G1 reviewer sign-off. Továbbá: 4 pontos végrehajtási checklist; scope- és kontrollgazda-jóváhagyás; teszt- vagy működési mintarekord; kivétellista; védett URI, SHA-256 és reviewer-döntés.",P0,M1_0_30D,NEW,Pásztor András,Lángi Zoltán,management_schedule,,,B0,NOW_B0,,partial,remediation_planner,G1_DOMAIN_REVIEW;G2_SECURITY_LEGAL;G3_PRODUCTION_CHANGE,A-004;A-005,no,"Lefedettségpótló AI-javaslat – részletesítve 2026-08-19. Javasolt kontrollgazda: TBD – belső metALCOM technikai kontrollgazda. Közreműködők: Kollár Csaba – technikai végrehajtó; Lángi Zoltán – IBF review. Javasolt G1 review: 2026-09-11; javasolt teljesítés: 2027-01-31. A dátumok, szerepek, EIR-hatókör és technikai lépések nem jóváhagyottak; a kanonikus target_date ezért üres marad. Részletes rekord: data/action_execution_details.csv. Az SRC-009 megvalósítási útmutatója javaslati forrás; G1 review előtt nem kötelező vagy igazolt megoldás."
A-063,2,2.115,Vezetéstámogató;Irodai;Termelés,Hozzáférés-felügyelet,SRC-008,audit_gap,124–125;214–215;303–304,machine_unvalidated,"A(z) 2.115 Külső elektronikus információs rendszerek használata követelménycsoportnál 3, közvetlen intézkedéshez eddig nem rendelt auditeltérés található; a legmagasabb értékelés kis mértékű. Findingok: F-0092;F-0174;F-0256.","2.115 – Külső elektronikus információs rendszerek használata: 1) A szervezetnek meg kell határoznia a felhasználási feltételeket a külső rendszerekkel kapcsolatban. 2) A szervezetnek bizalmi kapcsolatokat kell létrehoznia a külső rendszereket birtokló, üzemeltető vagy karbantartó szervezetekkel. 3) Ha a felhasználási feltételeket nem lehet meghatározni a külső rendszerek tulajdonosaival, a szervezet korlátozásokat vezethet be azokkal a személyekkel szemben, akik ezeket a külső rendszereket használják. Az alkalmazhatóságot és a végrehajtást érintett EIR-enként rögzítse; az eltérésekhez nevezzen meg felelőst, céldátumot és kompenzáló kontrollt.","2.115 – Külső elektronikus információs rendszerek használata végrehajtási csomag: jóváhagyott EIR-scope, 4 pontos státuszchecklist, kontrollbeállítás vagy eljárás, kivételjegyzék és próbaeredmény.","jóváhagyott hozzáférési szabály, konfigurációexport, jogosultsági vagy hozzáférési teszt és kivételnapló, kontrollgazdai és G1 reviewer sign-off. Továbbá: 4 pontos végrehajtási checklist; scope- és kontrollgazda-jóváhagyás; teszt- vagy működési mintarekord; kivétellista; védett URI, SHA-256 és reviewer-döntés.",P1,M2_31_90D,NEW,Pásztor András,Lángi Zoltán,management_schedule,,,B0,NOW_B0,,partial,remediation_planner,G1_DOMAIN_REVIEW;G2_SECURITY_LEGAL;G3_PRODUCTION_CHANGE,A-004;A-005,no,"Lefedettségpótló AI-javaslat – részletesítve 2026-08-19. Javasolt kontrollgazda: TBD – belső metALCOM technikai kontrollgazda. Közreműködők: Kollár Csaba – technikai végrehajtó; Lángi Zoltán – IBF review. Javasolt G1 review: 2026-09-11; javasolt teljesítés: 2027-04-30. A dátumok, szerepek, EIR-hatókör és technikai lépések nem jóváhagyottak; a kanonikus target_date ezért üres marad. Részletes rekord: data/action_execution_details.csv. Az SRC-009 megvalósítási útmutatója javaslati forrás; G1 review előtt nem kötelező vagy igazolt megoldás."
A-064,2,2.124,Vezetéstámogató;Irodai;Termelés,Hozzáférés-felügyelet,SRC-008,audit_gap,125–126;215–216;304–305,machine_unvalidated,"A(z) 2.124 Nyilvánosan elérhető tartalom követelménycsoportnál 3, közvetlen intézkedéshez eddig nem rendelt auditeltérés található; a legmagasabb értékelés kiemelt. Findingok: F-0093;F-0175;F-0257.","2.124 – Nyilvánosan elérhető tartalom: 1) A szervezetnek gondoskodnia kell a nyilvános információk közzétételével kapcsolatos feladatok ellátásról. 2) A szervezetnek tájékoztatást kell nyújtania a jogosult személyeknek annak érdekében, hogy képesek legyenek annak a megállapítására, hogy mely információk tehetők nyilvánosan elérhetővé. 3) A szervezetnek meghatározott gyakorisággal át kell tekintenie a nyilvánosan elérhető tartalmakat, hogy azok tartalmaznak-e nem nyilvános információkat. Az alkalmazhatóságot és a végrehajtást érintett EIR-enként rögzítse; az eltérésekhez nevezzen meg felelőst, céldátumot és kompenzáló kontrollt.","2.124 – Nyilvánosan elérhető tartalom végrehajtási csomag: jóváhagyott EIR-scope, 4 pontos státuszchecklist, kontrollbeállítás vagy eljárás, kivételjegyzék és próbaeredmény.","jóváhagyott hozzáférési szabály, konfigurációexport, jogosultsági vagy hozzáférési teszt és kivételnapló, kontrollgazdai és G1 reviewer sign-off. Továbbá: 4 pontos végrehajtási checklist; scope- és kontrollgazda-jóváhagyás; teszt- vagy működési mintarekord; kivétellista; védett URI, SHA-256 és reviewer-döntés.",P0,M1_0_30D,NEW,Pásztor András,Lángi Zoltán,management_schedule,,,B0,NOW_B0,,partial,remediation_planner,G1_DOMAIN_REVIEW;G2_SECURITY_LEGAL;G3_PRODUCTION_CHANGE,A-004;A-005,no,"Lefedettségpótló AI-javaslat – részletesítve 2026-08-19. Javasolt kontrollgazda: TBD – belső metALCOM technikai kontrollgazda. Közreműködők: Kollár Csaba – technikai végrehajtó; Lángi Zoltán – IBF review. Javasolt G1 review: 2026-09-11; javasolt teljesítés: 2027-01-31. A dátumok, szerepek, EIR-hatókör és technikai lépések nem jóváhagyottak; a kanonikus target_date ezért üres marad. Részletes rekord: data/action_execution_details.csv. Az SRC-009 megvalósítási útmutatója javaslati forrás; G1 review előtt nem kötelező vagy igazolt megoldás."
A-065,3,3.2,Szervezet,Tudatosság és képzés,SRC-008,audit_gap,41–42,machine_unvalidated,"A(z) 3.2 Biztonságtudatossági képzés követelménycsoportnál 1, közvetlen intézkedéshez eddig nem rendelt auditeltérés található; a legmagasabb értékelés kiemelt. Findingok: F-0022.","3.2 – Biztonságtudatossági képzés: 1) A szervezetnek ki kell dolgoznia egy alap- és haladó szintű biztonságtudatossági képzést és azokat meg kell tartania a felhasználók számára, mely magában foglalja a felhasználók tudásszintjének mérését is. 2) A szervezetnek a biztonságtudatossági képzés tartalmát a szervezeti követelmények, a felhasználók által elérhető rendszerek, és a munkakörnyezet alapján (pl.: távmunka) kell meghatároznia. 3) A szervezetnek dokumentálnia kell a biztonságtudatossági képzések lebonyolítását pl.: jelenléti ívek használata, automatikusan generált részvételi igazolás. Az alkalmazhatóságot és a végrehajtást érintett EIR-enként rögzítse; az eltérésekhez nevezzen meg felelőst, céldátumot és kompenzáló kontrollt.","3.2 – Biztonságtudatossági képzés végrehajtási csomag: jóváhagyott EIR-scope, 10 pontos státuszchecklist, kontrollbeállítás vagy eljárás, kivételjegyzék és próbaeredmény.","jóváhagyott képzési terv és anyag, résztvevői nyilvántartás, tudásellenőrzés és felülvizsgálati rekord, kontrollgazdai és G1 reviewer sign-off. Továbbá: 10 pontos végrehajtási checklist; scope- és kontrollgazda-jóváhagyás; teszt- vagy működési mintarekord; kivétellista; védett URI, SHA-256 és reviewer-döntés.",P0,M1_0_30D,NEW,Pásztor András,Lángi Zoltán,management_schedule,,,B0,NOW_B0,,partial,remediation_planner,G1_DOMAIN_REVIEW;G2_SECURITY_LEGAL,A-004;A-005,no,"Lefedettségpótló AI-javaslat – részletesítve 2026-08-19. Javasolt kontrollgazda: Koncz Erika – HR-kontrollgazda. Közreműködők: Lángi Zoltán – IBF review. Javasolt G1 review: 2026-09-11; javasolt teljesítés: 2027-01-31. A dátumok, szerepek, EIR-hatókör és technikai lépések nem jóváhagyottak; a kanonikus target_date ezért üres marad. Részletes rekord: data/action_execution_details.csv. Az SRC-009 megvalósítási útmutatója javaslati forrás; G1 review előtt nem kötelező vagy igazolt megoldás."
A-066,3,3.4,Szervezet,Tudatosság és képzés,SRC-008,audit_gap,42–43,machine_unvalidated,"A(z) 3.4 Biztonságtudatossági képzés – Belső fenyegetés követelménycsoportnál 1, közvetlen intézkedéshez eddig nem rendelt auditeltérés található; a legmagasabb értékelés kiemelt. Findingok: F-0023.","3.4 – Biztonságtudatossági képzés – Belső fenyegetés: 1) A szervezetnek tisztában kell lennie azzal, hogy mi a belső fenyegetés és mik lehetnek annak potenciális jelei. 2) A szervezetnek törekednie kell a belső fenyegetések potenciális jeleinek felismerésére és meg kell tennie a szükséges intézkedéseket, melyekkel igyekszik csökkenteni a fenyegetés mértékét vagy megszüntetni azt. 3) A szervezet a belső fenyegetéssel kapcsolatos tudnivalók oktatását megvalósíthatja személyre szabottan is, az érintettek szerepköre szerint. Az alkalmazhatóságot és a végrehajtást érintett EIR-enként rögzítse; az eltérésekhez nevezzen meg felelőst, céldátumot és kompenzáló kontrollt.","3.4 – Biztonságtudatossági képzés – Belső fenyegetés végrehajtási csomag: jóváhagyott EIR-scope, 4 pontos státuszchecklist, kontrollbeállítás vagy eljárás, kivételjegyzék és próbaeredmény.","jóváhagyott képzési terv és anyag, résztvevői nyilvántartás, tudásellenőrzés és felülvizsgálati rekord, kontrollgazdai és G1 reviewer sign-off. Továbbá: 4 pontos végrehajtási checklist; scope- és kontrollgazda-jóváhagyás; teszt- vagy működési mintarekord; kivétellista; védett URI, SHA-256 és reviewer-döntés.",P0,M1_0_30D,NEW,Pásztor András,Lángi Zoltán,management_schedule,,,B0,NOW_B0,,partial,remediation_planner,G1_DOMAIN_REVIEW;G2_SECURITY_LEGAL,A-004;A-005,no,"Lefedettségpótló AI-javaslat – részletesítve 2026-08-19. Javasolt kontrollgazda: Koncz Erika – HR-kontrollgazda. Közreműködők: Lángi Zoltán – IBF review. Javasolt G1 review: 2026-09-11; javasolt teljesítés: 2027-01-31. A dátumok, szerepek, EIR-hatókör és technikai lépések nem jóváhagyottak; a kanonikus target_date ezért üres marad. Részletes rekord: data/action_execution_details.csv. Az SRC-009 megvalósítási útmutatója javaslati forrás; G1 review előtt nem kötelező vagy igazolt megoldás."
A-067,3,3.9,Szervezet,Tudatosság és képzés,SRC-008,audit_gap,43–44,machine_unvalidated,"A(z) 3.9 Szerepkör alapú biztonsági képzés követelménycsoportnál 1, közvetlen intézkedéshez eddig nem rendelt auditeltérés található; a legmagasabb értékelés kiemelt. Findingok: F-0024.","3.9 – Szerepkör alapú biztonsági képzés: 1) A szervezetnek szerepkör alapú biztonsági képzést kell biztosítania a felhasználóknak. 2) A kezdeti képzést követően a szervezetnek a vonatkozó hatályos jogszabályok, irányelvek, szabályozások, szabványok és ajánlások alapján meghatározott minimális gyakorisággal kell lefolytatnia a biztonságtudatossági képzéseket. 3) A szervezetnek be kell építenie a belső vagy külső biztonsági eseményekből levont tanulságokat a szerepköralapú biztonsági képzésekbe. Az alkalmazhatóságot és a végrehajtást érintett EIR-enként rögzítse; az eltérésekhez nevezzen meg felelőst, céldátumot és kompenzáló kontrollt.","3.9 – Szerepkör alapú biztonsági képzés végrehajtási csomag: jóváhagyott EIR-scope, 5 pontos státuszchecklist, kontrollbeállítás vagy eljárás, kivételjegyzék és próbaeredmény.","jóváhagyott képzési terv és anyag, résztvevői nyilvántartás, tudásellenőrzés és felülvizsgálati rekord, kontrollgazdai és G1 reviewer sign-off. Továbbá: 5 pontos végrehajtási checklist; scope- és kontrollgazda-jóváhagyás; teszt- vagy működési mintarekord; kivétellista; védett URI, SHA-256 és reviewer-döntés.",P0,M1_0_30D,NEW,Pásztor András,Lángi Zoltán,management_schedule,,,B0,NOW_B0,,partial,remediation_planner,G1_DOMAIN_REVIEW;G2_SECURITY_LEGAL,A-004;A-005,no,"Lefedettségpótló AI-javaslat – részletesítve 2026-08-19. Javasolt kontrollgazda: Koncz Erika – HR-kontrollgazda. Közreműködők: Lángi Zoltán – IBF review. Javasolt G1 review: 2026-09-11; javasolt teljesítés: 2027-01-31. A dátumok, szerepek, EIR-hatókör és technikai lépések nem jóváhagyottak; a kanonikus target_date ezért üres marad. Részletes rekord: data/action_execution_details.csv. Az SRC-009 megvalósítási útmutatója javaslati forrás; G1 review előtt nem kötelező vagy igazolt megoldás."
A-068,4,4.1,Vezetéstámogató;Irodai;Termelés,Naplózás és elszámoltathatóság,SRC-008,audit_gap,126–129;216–218;305–308,machine_unvalidated,"A(z) 4.1 Szabályzat és eljárásrendek követelménycsoportnál 3, közvetlen intézkedéshez eddig nem rendelt auditeltérés található; a legmagasabb értékelés kis mértékű. Findingok: F-0094;F-0176;F-0258.","4.1 – Szabályzat és eljárásrendek: 1) A szervezetnek gondoskodnia kell a naplózást és elszámoltathatóságot magában foglaló szabályzat és eljárásrendek kidolgozásával, dokumentálásával, jóváhagyásával, kiadásával és megismertetésével kapcsolatos feladatok ellátásáról. 2) A szervezetnek meg kell bizonyosodnia arról, hogy a naplózást és elszámoltathatóságot magában foglaló szabályzatban foglaltak megfelelnek a szervezetre vonatkozó hatályos jogszabályoknak, irányelveknek, szabályozásoknak, szabványoknak és ajánlásoknak. 3) A szervezetnek felül kell vizsgálnia és szükség esetén frissítenie kell az aktuális naplózást és elszámoltathatóságot magában foglaló szabályzatot/szabályokat, illetve a kapcsolódó eljárásrendeket a szervezet által meghatározott gyakorisággal, valamint a szervezet által meghatározott események bekövetkezését követően. Az alkalmazhatóságot és a végrehajtást érintett EIR-enként rögzítse; az eltérésekhez nevezzen meg felelőst, céldátumot és kompenzáló kontrollt.","4.1 – Szabályzat és eljárásrendek végrehajtási csomag: jóváhagyott EIR-scope, 6 pontos státuszchecklist, kontrollbeállítás vagy eljárás, kivételjegyzék és próbaeredmény.","naplózási szabály, read-only konfigurációexport, mintanapló, megőrzési és hozzáférési ellenőrzés, kontrollgazdai és G1 reviewer sign-off. Továbbá: 6 pontos végrehajtási checklist; scope- és kontrollgazda-jóváhagyás; teszt- vagy működési mintarekord; kivétellista; védett URI, SHA-256 és reviewer-döntés.",P1,M2_31_90D,NEW,Pásztor András,Lángi Zoltán,management_schedule,,,B0,NOW_B0,,partial,remediation_planner,G1_DOMAIN_REVIEW;G2_SECURITY_LEGAL;G3_PRODUCTION_CHANGE,A-004;A-005,no,"Lefedettségpótló AI-javaslat – részletesítve 2026-08-19. Javasolt kontrollgazda: TBD – belső metALCOM naplózási kontrollgazda. Közreműködők: Kollár Csaba – technikai végrehajtó; Lángi Zoltán – IBF review. Javasolt G1 review: 2026-09-11; javasolt teljesítés: 2027-04-30. A dátumok, szerepek, EIR-hatókör és technikai lépések nem jóváhagyottak; a kanonikus target_date ezért üres marad. Részletes rekord: data/action_execution_details.csv. Az SRC-009 megvalósítási útmutatója javaslati forrás; G1 review előtt nem kötelező vagy igazolt megoldás."
A-069,4,4.25,Vezetéstámogató;Irodai;Termelés,Naplózás és elszámoltathatóság,SRC-008,audit_gap,134;223;313,machine_unvalidated,"A(z) 4.25 Naplóinformációk védelme követelménycsoportnál 3, közvetlen intézkedéshez eddig nem rendelt auditeltérés található; a legmagasabb értékelés kiemelt. Findingok: F-0101;F-0183;F-0265.","4.25 – Naplóinformációk védelme: 1) A szervezetnek biztosítania kell, hogy az EIR-ben végrehajtott tevékenységek sikeres ellenőrzéséhez szükséges összes információ rendelkezésre álljon pl.: naplóbejegyzések, naplófájlok beállításai, a vizsgálati jelentéseket és a személyazonosításra alkalmas információk. 2) A szervezetnek kiemelt figyelmet kell fordítania a naplóinformációk technikai védelmére. 3) A szervezetnek úgy kell beállítania az EIR-t, hogy amennyiben jogosulatlan hozzáférést, módosítást vagy a naplóinformációk törlését észleli, képes legyen értesítést küldeni a meghatározott személyeknek vagy szerepköröknek. Az alkalmazhatóságot és a végrehajtást érintett EIR-enként rögzítse; az eltérésekhez nevezzen meg felelőst, céldátumot és kompenzáló kontrollt.","4.25 – Naplóinformációk védelme végrehajtási csomag: jóváhagyott EIR-scope, 4 pontos státuszchecklist, kontrollbeállítás vagy eljárás, kivételjegyzék és próbaeredmény.","naplózási szabály, read-only konfigurációexport, mintanapló, megőrzési és hozzáférési ellenőrzés, kontrollgazdai és G1 reviewer sign-off. Továbbá: 4 pontos végrehajtási checklist; scope- és kontrollgazda-jóváhagyás; teszt- vagy működési mintarekord; kivétellista; védett URI, SHA-256 és reviewer-döntés.",P0,M1_0_30D,NEW,Pásztor András,Lángi Zoltán,management_schedule,,,B0,NOW_B0,,partial,remediation_planner,G1_DOMAIN_REVIEW;G2_SECURITY_LEGAL;G3_PRODUCTION_CHANGE,A-004;A-005,no,"Lefedettségpótló AI-javaslat – részletesítve 2026-08-19. Javasolt kontrollgazda: TBD – belső metALCOM naplózási kontrollgazda. Közreműködők: Kollár Csaba – technikai végrehajtó; Lángi Zoltán – IBF review. Javasolt G1 review: 2026-09-11; javasolt teljesítés: 2027-01-31. A dátumok, szerepek, EIR-hatókör és technikai lépések nem jóváhagyottak; a kanonikus target_date ezért üres marad. Részletes rekord: data/action_execution_details.csv. Az SRC-009 megvalósítási útmutatója javaslati forrás; G1 review előtt nem kötelező vagy igazolt megoldás."
A-070,4,4.38,Vezetéstámogató;Irodai;Termelés,Naplózás és elszámoltathatóság,SRC-008,audit_gap,134–135;223–224;313–314,machine_unvalidated,"A(z) 4.38 A naplóbejegyzések megőrzése követelménycsoportnál 3, közvetlen intézkedéshez eddig nem rendelt auditeltérés található; a legmagasabb értékelés kis mértékű. Findingok: F-0102;F-0184;F-0266.","4.38 – A naplóbejegyzések megőrzése: 1) A szervezetnek meg kell határoznia a naplóbejegyzések megőrzésének időtartamát, figyelembe véve az adminisztratív, jogi, naplózási és egyéb működési szempontokat. 2) A szervezetnek biztosítania kell a naplóbejegyzések elérhetőségét az esetleges hatósági megkeresések esetére. 3) A szervezetnek standard válaszadási folyamatokat kell kidolgoznia a hatósági keresések kezelésére. Az alkalmazhatóságot és a végrehajtást érintett EIR-enként rögzítse; az eltérésekhez nevezzen meg felelőst, céldátumot és kompenzáló kontrollt.","4.38 – A naplóbejegyzések megőrzése végrehajtási csomag: jóváhagyott EIR-scope, 4 pontos státuszchecklist, kontrollbeállítás vagy eljárás, kivételjegyzék és próbaeredmény.","naplózási szabály, read-only konfigurációexport, mintanapló, megőrzési és hozzáférési ellenőrzés, kontrollgazdai és G1 reviewer sign-off. Továbbá: 4 pontos végrehajtási checklist; scope- és kontrollgazda-jóváhagyás; teszt- vagy működési mintarekord; kivétellista; védett URI, SHA-256 és reviewer-döntés.",P1,M2_31_90D,NEW,Pásztor András,Lángi Zoltán,management_schedule,,,B0,NOW_B0,,partial,remediation_planner,G1_DOMAIN_REVIEW;G2_SECURITY_LEGAL;G3_PRODUCTION_CHANGE,A-004;A-005,no,"Lefedettségpótló AI-javaslat – részletesítve 2026-08-19. Javasolt kontrollgazda: TBD – belső metALCOM naplózási kontrollgazda. Közreműködők: Kollár Csaba – technikai végrehajtó; Lángi Zoltán – IBF review. Javasolt G1 review: 2026-09-11; javasolt teljesítés: 2027-04-30. A dátumok, szerepek, EIR-hatókör és technikai lépések nem jóváhagyottak; a kanonikus target_date ezért üres marad. Részletes rekord: data/action_execution_details.csv. Az SRC-009 megvalósítási útmutatója javaslati forrás; G1 review előtt nem kötelező vagy igazolt megoldás."
A-071,4,4.40,Vezetéstámogató;Irodai;Termelés,Naplózás és elszámoltathatóság,SRC-008,audit_gap,135;224–225;314,machine_unvalidated,"A(z) 4.40 Naplóbejegyzések létrehozása követelménycsoportnál 3, közvetlen intézkedéshez eddig nem rendelt auditeltérés található; a legmagasabb értékelés kiemelt. Findingok: F-0103;F-0185;F-0267.","4.40 – Naplóbejegyzések létrehozása: 1) Az EIR-nek képesnek kell lennie naplóbejegyzések generálni a ""Naplózható események"" pontban meghatározott előírásoknak megfelelően. 2) Az EIR-nek lehetővé kell tennie meghatározott személyeknek vagy szerepköröknek, hogy kiválasszák, mely naplózható események legyenek naplózva az EIR egyes elemei által. 3) Az érintett szervezetnek biztosítania kell, hogy az EIR működése megfeleljen a fenti követelményeknek. Az alkalmazhatóságot és a végrehajtást érintett EIR-enként rögzítse; az eltérésekhez nevezzen meg felelőst, céldátumot és kompenzáló kontrollt.","4.40 – Naplóbejegyzések létrehozása végrehajtási csomag: jóváhagyott EIR-scope, 4 pontos státuszchecklist, kontrollbeállítás vagy eljárás, kivételjegyzék és próbaeredmény.","naplózási szabály, read-only konfigurációexport, mintanapló, megőrzési és hozzáférési ellenőrzés, kontrollgazdai és G1 reviewer sign-off. Továbbá: 4 pontos végrehajtási checklist; scope- és kontrollgazda-jóváhagyás; teszt- vagy működési mintarekord; kivétellista; védett URI, SHA-256 és reviewer-döntés.",P0,M1_0_30D,NEW,Pásztor András,Lángi Zoltán,management_schedule,,,B0,NOW_B0,,partial,remediation_planner,G1_DOMAIN_REVIEW;G2_SECURITY_LEGAL;G3_PRODUCTION_CHANGE,A-004;A-005,no,"Lefedettségpótló AI-javaslat – részletesítve 2026-08-19. Javasolt kontrollgazda: TBD – belső metALCOM naplózási kontrollgazda. Közreműködők: Kollár Csaba – technikai végrehajtó; Lángi Zoltán – IBF review. Javasolt G1 review: 2026-09-11; javasolt teljesítés: 2027-01-31. A dátumok, szerepek, EIR-hatókör és technikai lépések nem jóváhagyottak; a kanonikus target_date ezért üres marad. Részletes rekord: data/action_execution_details.csv. Az SRC-009 megvalósítási útmutatója javaslati forrás; G1 review előtt nem kötelező vagy igazolt megoldás."
A-072,5,5.1,Vezetéstámogató;Irodai;Termelés,Biztonsági értékelés és engedélyezés,SRC-008,audit_gap,135–138;225–228;314–317,machine_unvalidated,"A(z) 5.1 Szabályzat és eljárásrendek követelménycsoportnál 3, közvetlen intézkedéshez eddig nem rendelt auditeltérés található; a legmagasabb értékelés kis mértékű. Findingok: F-0104;F-0186;F-0268.","5.1 – Szabályzat és eljárásrendek: 1) A szervezetnek gondoskodnia kell a biztonságértékelési szabályzat és eljárásrendek kidolgozásával, dokumentálásával, jóváhagyásával, kiadásával és megismertetésével kapcsolatos feladatok ellátásáról. 2) A szervezetnek meg kell bizonyosodnia arról, hogy a biztonságértékelési szabályzatban foglaltak megfelelnek a szervezetre vonatkozó hatályos jogszabályoknak, irányelveknek, szabályozásoknak, szabványoknak és ajánlásoknak. 3) A szervezetnek felül kell vizsgálnia és szükség esetén frissítenie kell az aktuális biztonságértékelési szabályzatot/szabályokat, illetve a kapcsolódó eljárásrendeket a szervezet által meghatározott gyakorisággal, valamint a szervezet által meghatározott események bekövetkezését követően. Az alkalmazhatóságot és a végrehajtást érintett EIR-enként rögzítse; az eltérésekhez nevezzen meg felelőst, céldátumot és kompenzáló kontrollt.","5.1 – Szabályzat és eljárásrendek végrehajtási csomag: jóváhagyott EIR-scope, 6 pontos státuszchecklist, kontrollbeállítás vagy eljárás, kivételjegyzék és próbaeredmény.","jóváhagyott értékelési terv, vizsgálati jegyzőkönyv, engedélyezési döntés és nyomonkövetési rekord, kontrollgazdai és G1 reviewer sign-off. Továbbá: 6 pontos végrehajtási checklist; scope- és kontrollgazda-jóváhagyás; teszt- vagy működési mintarekord; kivétellista; védett URI, SHA-256 és reviewer-döntés.",P1,M2_31_90D,NEW,Pásztor András,Lángi Zoltán,management_schedule,,,B0,NOW_B0,,partial,remediation_planner,G1_DOMAIN_REVIEW;G2_SECURITY_LEGAL,A-004;A-005,no,"Lefedettségpótló AI-javaslat – részletesítve 2026-08-19. Javasolt kontrollgazda: Lángi Zoltán – IBF/szakmai kontrollgazda-jelölt. Közreműködők: Kóczán Mónika; Dr. Berta Brigitta szükség szerint. Javasolt G1 review: 2026-09-11; javasolt teljesítés: 2027-04-30. A dátumok, szerepek, EIR-hatókör és technikai lépések nem jóváhagyottak; a kanonikus target_date ezért üres marad. Részletes rekord: data/action_execution_details.csv. Az SRC-009 megvalósítási útmutatója javaslati forrás; G1 review előtt nem kötelező vagy igazolt megoldás."
A-073,5,5.2,Vezetéstámogató;Irodai;Termelés,Biztonsági értékelés és engedélyezés,SRC-008,audit_gap,138–140;228–229;317–319,machine_unvalidated,"A(z) 5.2 Biztonsági értékelések követelménycsoportnál 3, közvetlen intézkedéshez eddig nem rendelt auditeltérés található; a legmagasabb értékelés elhanyagolható. Findingok: F-0105;F-0187;F-0269.","5.2 – Biztonsági értékelések: 1) A szervezetnek biztosítania kell, hogy a védelmi intézkedések értékelői rendelkezzenek a szükséges készségekkel és technikai szaktudással a hatékony értékelési tervek kialakításához és a rendszerspecifikus, hibrid, közös és programkezelési kontrollok értékeléséhez, amennyiben ez szükséges. 2) A szervezetnek értékelnie kell az EIR, illetve az EIR működési környezetét érintő védelmi intézkedéseket, beleértve az elsődleges és folyamatos engedélyezés, a folyamatos felügyelet, az éves értékelések, a rendszertervezés és fejlesztés, a rendszerbiztonsági tervezés és az rendszerfejlesztési életciklus részét. 3) A szervezetnek gondoskodnia kell az értékelések során feltárt kockázatok kezeléséről. Az alkalmazhatóságot és a végrehajtást érintett EIR-enként rögzítse; az eltérésekhez nevezzen meg felelőst, céldátumot és kompenzáló kontrollt.","5.2 – Biztonsági értékelések végrehajtási csomag: jóváhagyott EIR-scope, 7 pontos státuszchecklist, kontrollbeállítás vagy eljárás, kivételjegyzék és próbaeredmény.","jóváhagyott értékelési terv, vizsgálati jegyzőkönyv, engedélyezési döntés és nyomonkövetési rekord, kontrollgazdai és G1 reviewer sign-off. Továbbá: 7 pontos végrehajtási checklist; scope- és kontrollgazda-jóváhagyás; teszt- vagy működési mintarekord; kivétellista; védett URI, SHA-256 és reviewer-döntés.",P2,M3_3_6M,NEW,Pásztor András,Lángi Zoltán,management_schedule,,,B0,NOW_B0,,partial,remediation_planner,G1_DOMAIN_REVIEW;G2_SECURITY_LEGAL,A-004;A-005,no,"Lefedettségpótló AI-javaslat – részletesítve 2026-08-19. Javasolt kontrollgazda: Lángi Zoltán – IBF/szakmai kontrollgazda-jelölt. Közreműködők: Kóczán Mónika; Dr. Berta Brigitta szükség szerint. Javasolt G1 review: 2026-09-11; javasolt teljesítés: 2027-06-30. A dátumok, szerepek, EIR-hatókör és technikai lépések nem jóváhagyottak; a kanonikus target_date ezért üres marad. Részletes rekord: data/action_execution_details.csv. Az SRC-009 megvalósítási útmutatója javaslati forrás; G1 review előtt nem kötelező vagy igazolt megoldás."
A-074,5,5.4,Vezetéstámogató;Irodai;Termelés,Biztonsági értékelés és engedélyezés,SRC-008,audit_gap,140;229–230;319,machine_unvalidated,"A(z) 5.4 Biztonsági értékelések – Kiberbiztonsági audit követelménycsoportnál 3, közvetlen intézkedéshez eddig nem rendelt auditeltérés található; a legmagasabb értékelés kiemelt. Findingok: F-0106;F-0188;F-0270.","5.4 – Biztonsági értékelések – Kiberbiztonsági audit: 1) Az SRC-010 hatályos követelménye és a hatósági/auditori feltételek alapján rögzítse az audit hatókörét, az érintett EIR-eket és az auditütemezést. 2) Ellenőrizze és dokumentálja az auditor jogosultságát, függetlenségét, szerződéses kereteit és a szükséges információátadást. 3) Őrizze meg a jóváhagyott auditjelentést, a javítási evidenciákat és a lezáró vezetői döntést védett tárban. Az alkalmazhatóságot és a végrehajtást érintett EIR-enként rögzítse; az eltérésekhez nevezzen meg felelőst, céldátumot és kompenzáló kontrollt.","5.4 – Biztonsági értékelések – Kiberbiztonsági audit végrehajtási csomag: jóváhagyott EIR-scope, 4 pontos státuszchecklist, kontrollbeállítás vagy eljárás, kivételjegyzék és próbaeredmény.","jóváhagyott értékelési terv, vizsgálati jegyzőkönyv, engedélyezési döntés és nyomonkövetési rekord, kontrollgazdai és G1 reviewer sign-off. Továbbá: 4 pontos végrehajtási checklist; scope- és kontrollgazda-jóváhagyás; teszt- vagy működési mintarekord; kivétellista; védett URI, SHA-256 és reviewer-döntés.",P0,M1_0_30D,NEW,Pásztor András,Lángi Zoltán,management_schedule,,,B0,NOW_B0,,partial,remediation_planner,G1_DOMAIN_REVIEW;G2_SECURITY_LEGAL,A-004;A-005,no,"Lefedettségpótló AI-javaslat – részletesítve 2026-08-19. Javasolt kontrollgazda: Lángi Zoltán – IBF/szakmai kontrollgazda-jelölt. Közreműködők: Kóczán Mónika; Dr. Berta Brigitta szükség szerint. Javasolt G1 review: 2026-09-11; javasolt teljesítés: 2027-01-31. A dátumok, szerepek, EIR-hatókör és technikai lépések nem jóváhagyottak; a kanonikus target_date ezért üres marad. Részletes rekord: data/action_execution_details.csv. Az 5.4 kontroll részletesítése az SRC-010 hatályos baseline alapján készült; az SRC-009 elavult jogszabályi hivatkozása nem került át."
A-075,5,5.7,Vezetéstámogató;Irodai;Termelés,Biztonsági értékelés és engedélyezés,SRC-008,audit_gap,140–141;230–231;319–320,machine_unvalidated,"A(z) 5.7 Információcsere követelménycsoportnál 3, közvetlen intézkedéshez eddig nem rendelt auditeltérés található; a legmagasabb értékelés kiemelt. Findingok: F-0107;F-0189;F-0271.","5.7 – Információcsere: 1) A szervezetnek jóvá kell hagynia és szabályoznia kell az információcserét az EIR és más rendszerek között, összhangban a kapcsolódásokra és az információcserére vonatkozó biztonsági megállapodásokkal. 2) A szervezetnek minden egyes információcsere-megállapodás keretében dokumentálnia kell az EIR interfészeinek jellemzőit, biztonsági követelményeit, védelmi intézkedéseit és felelősségi körét. 3) A szervezetnek a kockázatok mérlegelése során figyelembe kell vennie azokat az EIR-eket is, amelyek ugyanabban a hálózatban találhatóak. Az alkalmazhatóságot és a végrehajtást érintett EIR-enként rögzítse; az eltérésekhez nevezzen meg felelőst, céldátumot és kompenzáló kontrollt.","5.7 – Információcsere végrehajtási csomag: jóváhagyott EIR-scope, 7 pontos státuszchecklist, kontrollbeállítás vagy eljárás, kivételjegyzék és próbaeredmény.","jóváhagyott értékelési terv, vizsgálati jegyzőkönyv, engedélyezési döntés és nyomonkövetési rekord, kontrollgazdai és G1 reviewer sign-off. Továbbá: 7 pontos végrehajtási checklist; scope- és kontrollgazda-jóváhagyás; teszt- vagy működési mintarekord; kivétellista; védett URI, SHA-256 és reviewer-döntés.",P0,M1_0_30D,NEW,Pásztor András,Lángi Zoltán,management_schedule,,,B0,NOW_B0,,partial,remediation_planner,G1_DOMAIN_REVIEW;G2_SECURITY_LEGAL,A-004;A-005,no,"Lefedettségpótló AI-javaslat – részletesítve 2026-08-19. Javasolt kontrollgazda: Lángi Zoltán – IBF/szakmai kontrollgazda-jelölt. Közreműködők: Dr. Berta Brigitta – jogi review; Kóczán Mónika. Javasolt G1 review: 2026-09-11; javasolt teljesítés: 2027-01-31. A dátumok, szerepek, EIR-hatókör és technikai lépések nem jóváhagyottak; a kanonikus target_date ezért üres marad. Részletes rekord: data/action_execution_details.csv. Az SRC-009 megvalósítási útmutatója javaslati forrás; G1 review előtt nem kötelező vagy igazolt megoldás."
A-076,5,5.12,Vezetéstámogató;Irodai;Termelés,Biztonsági értékelés és engedélyezés,SRC-008,audit_gap,142–143;232;321–322,machine_unvalidated,"A(z) 5.12 Engedélyezés követelménycsoportnál 3, közvetlen intézkedéshez eddig nem rendelt auditeltérés található; a legmagasabb értékelés kiemelt. Findingok: F-0109;F-0191;F-0273.","5.12 – Engedélyezés: 1) A szervezetnek gondoskodnia kell az olyan engedélyezési folyamattal kapcsolatos feladatok ellátásáról, mely az EIR-ért felel. 2) A szervezetnek gondoskodnia kell az olyan engedélyezési folyamattal kapcsolatos feladatok ellátásáról, mely a szervezeti EIR-ekre vonatkozó közös, más EIR-ekből áthozott (átörökített) biztonsági követelmények elfogadásáért felel. 3) A szervezetnek nyilvántartást kell vezetnie a folyamatokról és az engedélyezési döntésekről, annak érdekében, hogy bizonyítékot tudjon szolgáltatni a folyamatos felügyeleti programokból származó eredményekről. Az alkalmazhatóságot és a végrehajtást érintett EIR-enként rögzítse; az eltérésekhez nevezzen meg felelőst, céldátumot és kompenzáló kontrollt.","5.12 – Engedélyezés végrehajtási csomag: jóváhagyott EIR-scope, 6 pontos státuszchecklist, kontrollbeállítás vagy eljárás, kivételjegyzék és próbaeredmény.","jóváhagyott értékelési terv, vizsgálati jegyzőkönyv, engedélyezési döntés és nyomonkövetési rekord, kontrollgazdai és G1 reviewer sign-off. Továbbá: 6 pontos végrehajtási checklist; scope- és kontrollgazda-jóváhagyás; teszt- vagy működési mintarekord; kivétellista; védett URI, SHA-256 és reviewer-döntés.",P0,M1_0_30D,NEW,Pásztor András,Lángi Zoltán,management_schedule,,,B0,NOW_B0,,partial,remediation_planner,G1_DOMAIN_REVIEW;G2_SECURITY_LEGAL,A-004;A-005,no,"Lefedettségpótló AI-javaslat – részletesítve 2026-08-19. Javasolt kontrollgazda: Lángi Zoltán – IBF/szakmai kontrollgazda-jelölt. Közreműködők: Kóczán Mónika; Dr. Berta Brigitta szükség szerint. Javasolt G1 review: 2026-09-11; javasolt teljesítés: 2027-01-31. A dátumok, szerepek, EIR-hatókör és technikai lépések nem jóváhagyottak; a kanonikus target_date ezért üres marad. Részletes rekord: data/action_execution_details.csv. Az SRC-009 megvalósítási útmutatója javaslati forrás; G1 review előtt nem kötelező vagy igazolt megoldás."
A-077,5,5.18,Vezetéstámogató;Irodai;Termelés,Biztonsági értékelés és engedélyezés,SRC-008,audit_gap,145;234–235;324,machine_unvalidated,"A(z) 5.18 Folyamatos felügyelet – Kockázatmonitorozás követelménycsoportnál 3, közvetlen intézkedéshez eddig nem rendelt auditeltérés található; a legmagasabb értékelés kiemelt. Findingok: F-0111;F-0193;F-0275.","5.18 – Folyamatos felügyelet – Kockázatmonitorozás: 1) A szervezetnek meg kell határoznia a szervezeti kockázattűrési szintjét, ami a kockázatmonitorozás szükséges bementi információja. 2) A szervezetnek be kell vezetnie egy hatékonyság ellenőrzési rendszert, amely meghatározza a bevezetett kockázatkezelési válasz intézkedések folyamatos hatékonyságát. 3) A szervezetnek nyilvántartást kell vezetnie a fent említett lépések végrehajtásáról és az eredményekről, hogy biztosítsa a folyamatos felügyeletet és a kockázatkezelési stratégia hatékonyságának értékelését. Az alkalmazhatóságot és a végrehajtást érintett EIR-enként rögzítse; az eltérésekhez nevezzen meg felelőst, céldátumot és kompenzáló kontrollt.","5.18 – Folyamatos felügyelet – Kockázatmonitorozás végrehajtási csomag: jóváhagyott EIR-scope, 5 pontos státuszchecklist, kontrollbeállítás vagy eljárás, kivételjegyzék és próbaeredmény.","jóváhagyott értékelési terv, vizsgálati jegyzőkönyv, engedélyezési döntés és nyomonkövetési rekord, kontrollgazdai és G1 reviewer sign-off. Továbbá: 5 pontos végrehajtási checklist; scope- és kontrollgazda-jóváhagyás; teszt- vagy működési mintarekord; kivétellista; védett URI, SHA-256 és reviewer-döntés.",P0,M1_0_30D,NEW,Pásztor András,Lángi Zoltán,management_schedule,,,B0,NOW_B0,,partial,remediation_planner,G1_DOMAIN_REVIEW;G2_SECURITY_LEGAL,A-004;A-005,no,"Lefedettségpótló AI-javaslat – részletesítve 2026-08-19. Javasolt kontrollgazda: Lángi Zoltán – IBF/szakmai kontrollgazda-jelölt. Közreműködők: Kóczán Mónika; Dr. Berta Brigitta szükség szerint. Javasolt G1 review: 2026-09-11; javasolt teljesítés: 2027-01-31. A dátumok, szerepek, EIR-hatókör és technikai lépések nem jóváhagyottak; a kanonikus target_date ezért üres marad. Részletes rekord: data/action_execution_details.csv. Az SRC-009 megvalósítási útmutatója javaslati forrás; G1 review előtt nem kötelező vagy igazolt megoldás."
A-078,5,5.25,Vezetéstámogató;Irodai;Termelés,Biztonsági értékelés és engedélyezés,SRC-008,audit_gap,145–146;235–236;324–325,machine_unvalidated,"A(z) 5.25 Belső rendszerkapcsolatok követelménycsoportnál 3, közvetlen intézkedéshez eddig nem rendelt auditeltérés található; a legmagasabb értékelés kiemelt. Findingok: F-0112;F-0194;F-0276.","5.25 – Belső rendszerkapcsolatok: 1) A szervezet minden belső kapcsolat esetében dokumentálja az interfész jellemzőit, a biztonsági követelményeket, továbbá a kommunikációban részt vevő információ jellegét. 2) A szervezet leltárt készít azon kategóriákból, melyekbe a belső rendszerkapcsolatok az egyedi jellemzőik alapján rendezhetőek. 3) A szervezet rendszeresen felülvizsgálja a különböző kategóriákat és szükség esetén módosítja a belső rendszerkapcsolat, valamint az érintett rendszerelemek felé támasztott elvárásokat, vagy eltávolítja azokat. Az alkalmazhatóságot és a végrehajtást érintett EIR-enként rögzítse; az eltérésekhez nevezzen meg felelőst, céldátumot és kompenzáló kontrollt.","5.25 – Belső rendszerkapcsolatok végrehajtási csomag: jóváhagyott EIR-scope, 4 pontos státuszchecklist, kontrollbeállítás vagy eljárás, kivételjegyzék és próbaeredmény.","jóváhagyott értékelési terv, vizsgálati jegyzőkönyv, engedélyezési döntés és nyomonkövetési rekord, kontrollgazdai és G1 reviewer sign-off. Továbbá: 4 pontos végrehajtási checklist; scope- és kontrollgazda-jóváhagyás; teszt- vagy működési mintarekord; kivétellista; védett URI, SHA-256 és reviewer-döntés.",P0,M1_0_30D,NEW,Pásztor András,Lángi Zoltán,management_schedule,,,B0,NOW_B0,,partial,remediation_planner,G1_DOMAIN_REVIEW;G2_SECURITY_LEGAL,A-004;A-005,no,"Lefedettségpótló AI-javaslat – részletesítve 2026-08-19. Javasolt kontrollgazda: Lángi Zoltán – IBF/szakmai kontrollgazda-jelölt. Közreműködők: Kóczán Mónika; Dr. Berta Brigitta szükség szerint. Javasolt G1 review: 2026-09-11; javasolt teljesítés: 2027-01-31. A dátumok, szerepek, EIR-hatókör és technikai lépések nem jóváhagyottak; a kanonikus target_date ezért üres marad. Részletes rekord: data/action_execution_details.csv. Az SRC-009 megvalósítási útmutatója javaslati forrás; G1 review előtt nem kötelező vagy igazolt megoldás."
A-079,6,6.15,Vezetéstámogató;Irodai;Termelés,Konfigurációkezelés,SRC-008,audit_gap,150;239;329,machine_unvalidated,"A(z) 6.15 Biztonsági hatásvizsgálatok követelménycsoportnál 3, közvetlen intézkedéshez eddig nem rendelt auditeltérés található; a legmagasabb értékelés kiemelt. Findingok: F-0115;F-0197;F-0279.","6.15 – Biztonsági hatásvizsgálatok: 1) A szervezetnek a megfelelően képzett felelősök bevonásával el kell végeznie a hatásvizsgálatot. 2) A hatásvizsgálatoknak magukban kell foglalniuk a biztonsági tervek, szabályzatok és eljárások áttekintését a követelmények tisztázása végett, valamint az EIR tervezési dokumentációjának és üzemeltetési eljárásainak áttekintését. 3) A változások bevezetése előtt a szervezet felülvizsgálja a tervezett változásokat és elemzi azok kockázatait, illetve információbiztonsági hatásait. Az alkalmazhatóságot és a végrehajtást érintett EIR-enként rögzítse; az eltérésekhez nevezzen meg felelőst, céldátumot és kompenzáló kontrollt.","6.15 – Biztonsági hatásvizsgálatok végrehajtási csomag: jóváhagyott EIR-scope, 4 pontos státuszchecklist, kontrollbeállítás vagy eljárás, kivételjegyzék és próbaeredmény.","jóváhagyott baseline, read-only konfigurációexport, változásjegy, teszt és rollback- vagy kivételrekord, kontrollgazdai és G1 reviewer sign-off. Továbbá: 4 pontos végrehajtási checklist; scope- és kontrollgazda-jóváhagyás; teszt- vagy működési mintarekord; kivétellista; védett URI, SHA-256 és reviewer-döntés.",P0,M1_0_30D,NEW,Pásztor András,Lángi Zoltán,management_schedule,,,B0,NOW_B0,,partial,remediation_planner,G1_DOMAIN_REVIEW;G2_SECURITY_LEGAL;G3_PRODUCTION_CHANGE,A-004;A-005,no,"Lefedettségpótló AI-javaslat – részletesítve 2026-08-19. Javasolt kontrollgazda: TBD – belső metALCOM konfigurációkezelési kontrollgazda. Közreműködők: Kollár Csaba – technikai végrehajtó; Lángi Zoltán – IBF review. Javasolt G1 review: 2026-09-11; javasolt teljesítés: 2027-01-31. A dátumok, szerepek, EIR-hatókör és technikai lépések nem jóváhagyottak; a kanonikus target_date ezért üres marad. Részletes rekord: data/action_execution_details.csv. Az SRC-009 megvalósítási útmutatója javaslati forrás; G1 review előtt nem kötelező vagy igazolt megoldás."
A-080,6,6.18,Vezetéstámogató;Irodai;Termelés,Konfigurációkezelés,SRC-008,audit_gap,150–151;239–240;329–330,machine_unvalidated,"A(z) 6.18 A változtatásokra vonatkozó hozzáférés korlátozások követelménycsoportnál 3, közvetlen intézkedéshez eddig nem rendelt auditeltérés található; a legmagasabb értékelés kiemelt. Findingok: F-0116;F-0198;F-0280.","6.18 – A változtatásokra vonatkozó hozzáférés korlátozások: 1) A szervezet meghatározza azokat a fizikai és logikai hozzáférési korlátozásokat, amelyek az EIR változásaihoz kapcsolódnak. 2) A szervezetnek dokumentálnia kell a korlátozásokat. 3) A szervezetnek rendszeresen felül kell vizsgálnia és frissítenie kell a hozzáférési korlátozásokat, hogy biztosítsa azok relevanciáját és hatékonyságát. Az alkalmazhatóságot és a végrehajtást érintett EIR-enként rögzítse; az eltérésekhez nevezzen meg felelőst, céldátumot és kompenzáló kontrollt.","6.18 – A változtatásokra vonatkozó hozzáférés korlátozások végrehajtási csomag: jóváhagyott EIR-scope, 5 pontos státuszchecklist, kontrollbeállítás vagy eljárás, kivételjegyzék és próbaeredmény.","jóváhagyott baseline, read-only konfigurációexport, változásjegy, teszt és rollback- vagy kivételrekord, kontrollgazdai és G1 reviewer sign-off. Továbbá: 5 pontos végrehajtási checklist; scope- és kontrollgazda-jóváhagyás; teszt- vagy működési mintarekord; kivétellista; védett URI, SHA-256 és reviewer-döntés.",P0,M1_0_30D,NEW,Pásztor András,Lángi Zoltán,management_schedule,,,B0,NOW_B0,,partial,remediation_planner,G1_DOMAIN_REVIEW;G2_SECURITY_LEGAL;G3_PRODUCTION_CHANGE,A-004;A-005,no,"Lefedettségpótló AI-javaslat – részletesítve 2026-08-19. Javasolt kontrollgazda: TBD – belső metALCOM konfigurációkezelési kontrollgazda. Közreműködők: Kollár Csaba – technikai végrehajtó; Lángi Zoltán – IBF review. Javasolt G1 review: 2026-09-11; javasolt teljesítés: 2027-01-31. A dátumok, szerepek, EIR-hatókör és technikai lépések nem jóváhagyottak; a kanonikus target_date ezért üres marad. Részletes rekord: data/action_execution_details.csv. Az SRC-009 megvalósítási útmutatója javaslati forrás; G1 review előtt nem kötelező vagy igazolt megoldás."
A-081,6,6.23,Vezetéstámogató;Irodai;Termelés,Konfigurációkezelés,SRC-008,audit_gap,151–152;240–241;330–331,machine_unvalidated,"A(z) 6.23 Konfigurációs beállítások követelménycsoportnál 3, közvetlen intézkedéshez eddig nem rendelt auditeltérés található; a legmagasabb értékelés kiemelt. Findingok: F-0117;F-0199;F-0281.","6.23 – Konfigurációs beállítások: 1) A szervezetnek meg kell határoznia a szervezeti szintű, egységes konfigurációs elvárásokat, melyeket dokumentálnia is kell. 2) A szervezetnek a szervezeti szinten meghatározott konfigurációs elvárásokból kell származtatnia az elektronikus információs rendszerelemekben alkalmazott biztonsági konfigurációs beállításokat. 3) A szervezet figyelemmel kíséri és ellenőrzi a konfigurációs beállítások változásait a szervezeti szabályzatokkal és eljárásokkal összhangban. Az alkalmazhatóságot és a végrehajtást érintett EIR-enként rögzítse; az eltérésekhez nevezzen meg felelőst, céldátumot és kompenzáló kontrollt.","6.23 – Konfigurációs beállítások végrehajtási csomag: jóváhagyott EIR-scope, 6 pontos státuszchecklist, kontrollbeállítás vagy eljárás, kivételjegyzék és próbaeredmény.","jóváhagyott baseline, read-only konfigurációexport, változásjegy, teszt és rollback- vagy kivételrekord, kontrollgazdai és G1 reviewer sign-off. Továbbá: 6 pontos végrehajtási checklist; scope- és kontrollgazda-jóváhagyás; teszt- vagy működési mintarekord; kivétellista; védett URI, SHA-256 és reviewer-döntés.",P0,M1_0_30D,NEW,Pásztor András,Lángi Zoltán,management_schedule,,,B0,NOW_B0,,partial,remediation_planner,G1_DOMAIN_REVIEW;G2_SECURITY_LEGAL;G3_PRODUCTION_CHANGE,A-004;A-005,no,"Lefedettségpótló AI-javaslat – részletesítve 2026-08-19. Javasolt kontrollgazda: TBD – belső metALCOM konfigurációkezelési kontrollgazda. Közreműködők: Kollár Csaba – technikai végrehajtó; Lángi Zoltán – IBF review. Javasolt G1 review: 2026-09-11; javasolt teljesítés: 2027-01-31. A dátumok, szerepek, EIR-hatókör és technikai lépések nem jóváhagyottak; a kanonikus target_date ezért üres marad. Részletes rekord: data/action_execution_details.csv. Az SRC-009 megvalósítási útmutatója javaslati forrás; G1 review előtt nem kötelező vagy igazolt megoldás."
A-082,6,6.26,Vezetéstámogató;Irodai;Termelés,Konfigurációkezelés,SRC-008,audit_gap,152–153;241–242;331–332,machine_unvalidated,"A(z) 6.26 Legszűkebb funkcionalitás követelménycsoportnál 3, közvetlen intézkedéshez eddig nem rendelt auditeltérés található; a legmagasabb értékelés kis mértékű. Findingok: F-0118;F-0200;F-0282.","6.26 – Legszűkebb funkcionalitás: 1) A szervezetnek úgy kell konfigurálnia az EIR-t, hogy az csak az ügy- és üzletmenet szempontjából létfontosságú szolgáltatásokat nyújtsa. 2) A szervezet határozza meg a tiltott vagy korlátozott funkciókat, portokat, protokollokat, szoftvereket és szolgáltatásokat. 3) A szervezetnek dokumentálnia kell az EIR konfigurációját és ebben szerepeltetnie kell a tiltott vagy korlátozott funkciókat, portokat, protokollokat, szoftvereket és szolgáltatásokat. Az alkalmazhatóságot és a végrehajtást érintett EIR-enként rögzítse; az eltérésekhez nevezzen meg felelőst, céldátumot és kompenzáló kontrollt.","6.26 – Legszűkebb funkcionalitás végrehajtási csomag: jóváhagyott EIR-scope, 5 pontos státuszchecklist, kontrollbeállítás vagy eljárás, kivételjegyzék és próbaeredmény.","jóváhagyott baseline, read-only konfigurációexport, változásjegy, teszt és rollback- vagy kivételrekord, kontrollgazdai és G1 reviewer sign-off. Továbbá: 5 pontos végrehajtási checklist; scope- és kontrollgazda-jóváhagyás; teszt- vagy működési mintarekord; kivétellista; védett URI, SHA-256 és reviewer-döntés.",P1,M2_31_90D,NEW,Pásztor András,Lángi Zoltán,management_schedule,,,B0,NOW_B0,,partial,remediation_planner,G1_DOMAIN_REVIEW;G2_SECURITY_LEGAL;G3_PRODUCTION_CHANGE,A-004;A-005,no,"Lefedettségpótló AI-javaslat – részletesítve 2026-08-19. Javasolt kontrollgazda: TBD – belső metALCOM konfigurációkezelési kontrollgazda. Közreműködők: Kollár Csaba – technikai végrehajtó; Lángi Zoltán – IBF review. Javasolt G1 review: 2026-09-11; javasolt teljesítés: 2027-04-30. A dátumok, szerepek, EIR-hatókör és technikai lépések nem jóváhagyottak; a kanonikus target_date ezért üres marad. Részletes rekord: data/action_execution_details.csv. Az SRC-009 megvalósítási útmutatója javaslati forrás; G1 review előtt nem kötelező vagy igazolt megoldás."
A-083,6,6.47,Vezetéstámogató;Irodai;Termelés,Konfigurációkezelés,SRC-008,audit_gap,154–155;243–244;333–334,machine_unvalidated,"A(z) 6.47 A szoftverhasználat korlátozásai követelménycsoportnál 3, közvetlen intézkedéshez eddig nem rendelt auditeltérés található; a legmagasabb értékelés kiemelt. Findingok: F-0120;F-0202;F-0284.","6.47 – A szoftverhasználat korlátozásai: 1) A szervezetnek biztosítania kell, hogy csak olyan szoftvereket és kapcsolódó dokumentációkat használjon, amelyek megfelelnek a szerződéses elvárásoknak és a szerzői jogi vagy más jogszabályi előírásoknak. 2) A szervezetnek nyomon kell követnie a mennyiségi licenc alá eső szoftverek és a kapcsolódó dokumentációk használatát. 3) A szervezetnek rendszeresen felül kell vizsgálnia ezeket a folyamatokat, hogy biztosítsa, hogy továbbra is megfelelnek a követelményeknek. Az alkalmazhatóságot és a végrehajtást érintett EIR-enként rögzítse; az eltérésekhez nevezzen meg felelőst, céldátumot és kompenzáló kontrollt.","6.47 – A szoftverhasználat korlátozásai végrehajtási csomag: jóváhagyott EIR-scope, 4 pontos státuszchecklist, kontrollbeállítás vagy eljárás, kivételjegyzék és próbaeredmény.","jóváhagyott baseline, read-only konfigurációexport, változásjegy, teszt és rollback- vagy kivételrekord, kontrollgazdai és G1 reviewer sign-off. Továbbá: 4 pontos végrehajtási checklist; scope- és kontrollgazda-jóváhagyás; teszt- vagy működési mintarekord; kivétellista; védett URI, SHA-256 és reviewer-döntés.",P0,M1_0_30D,NEW,Pásztor András,Lángi Zoltán,management_schedule,,,B0,NOW_B0,,partial,remediation_planner,G1_DOMAIN_REVIEW;G2_SECURITY_LEGAL;G3_PRODUCTION_CHANGE,A-004;A-005,no,"Lefedettségpótló AI-javaslat – részletesítve 2026-08-19. Javasolt kontrollgazda: TBD – belső metALCOM konfigurációkezelési kontrollgazda. Közreműködők: Kollár Csaba – technikai végrehajtó; Lángi Zoltán – IBF review. Javasolt G1 review: 2026-09-11; javasolt teljesítés: 2027-01-31. A dátumok, szerepek, EIR-hatókör és technikai lépések nem jóváhagyottak; a kanonikus target_date ezért üres marad. Részletes rekord: data/action_execution_details.csv. Az SRC-009 megvalósítási útmutatója javaslati forrás; G1 review előtt nem kötelező vagy igazolt megoldás."
A-084,6,6.49,Vezetéstámogató;Irodai;Termelés,Konfigurációkezelés,SRC-008,audit_gap,155–156;244–245;334–335,machine_unvalidated,"A(z) 6.49 Felhasználó által telepített szoftver követelménycsoportnál 3, közvetlen intézkedéshez eddig nem rendelt auditeltérés található; a legmagasabb értékelés kis mértékű. Findingok: F-0121;F-0203;F-0285.","6.49 – Felhasználó által telepített szoftver: 1) A szervezetnek meg kell határoznia a szoftvertelepítéssel kapcsolatos szervezetre érvényes követelményeket, melyeknek tartalmaznia kell a felhasználók lehetőségeit a szoftvertelepítéssel kapcsolatban, valamint a szoftvertelepítéssel kapcsolatos engedélyezett és tiltott tevékenységeket. 2) A szervezetnek figyelembe kell vennie a szoftvertelepítéssel kapcsolatos szervezetre érvényes követelmények kidolgozásakor, hogy a felhasználók privilegizált jogosultság nélkül is képesek lehetnek telepíteni hordozható (portable) programokat. 3) A szervezetnek meghatározott gyakorisággal ellenőriznie kell a szabályok betartását. Az alkalmazhatóságot és a végrehajtást érintett EIR-enként rögzítse; az eltérésekhez nevezzen meg felelőst, céldátumot és kompenzáló kontrollt.","6.49 – Felhasználó által telepített szoftver végrehajtási csomag: jóváhagyott EIR-scope, 4 pontos státuszchecklist, kontrollbeállítás vagy eljárás, kivételjegyzék és próbaeredmény.","jóváhagyott baseline, read-only konfigurációexport, változásjegy, teszt és rollback- vagy kivételrekord, kontrollgazdai és G1 reviewer sign-off. Továbbá: 4 pontos végrehajtási checklist; scope- és kontrollgazda-jóváhagyás; teszt- vagy működési mintarekord; kivétellista; védett URI, SHA-256 és reviewer-döntés.",P1,M2_31_90D,NEW,Pásztor András,Lángi Zoltán,management_schedule,,,B0,NOW_B0,,partial,remediation_planner,G1_DOMAIN_REVIEW;G2_SECURITY_LEGAL;G3_PRODUCTION_CHANGE,A-004;A-005,no,"Lefedettségpótló AI-javaslat – részletesítve 2026-08-19. Javasolt kontrollgazda: TBD – belső metALCOM konfigurációkezelési kontrollgazda. Közreműködők: Kollár Csaba – technikai végrehajtó; Lángi Zoltán – IBF review. Javasolt G1 review: 2026-09-11; javasolt teljesítés: 2027-04-30. A dátumok, szerepek, EIR-hatókör és technikai lépések nem jóváhagyottak; a kanonikus target_date ezért üres marad. Részletes rekord: data/action_execution_details.csv. Az SRC-009 megvalósítási útmutatója javaslati forrás; G1 review előtt nem kötelező vagy igazolt megoldás."
A-085,7,7.1,Vezetéstámogató;Irodai;Termelés,Üzletmenet-folytonosság és helyreállítás,SRC-008,audit_gap,156–158;245–247;335–337,machine_unvalidated,"A(z) 7.1 Szabályzat és eljárásrendek követelménycsoportnál 3, közvetlen intézkedéshez eddig nem rendelt auditeltérés található; a legmagasabb értékelés kis mértékű. Findingok: F-0122;F-0204;F-0286.","7.1 – Szabályzat és eljárásrendek: 1) A szervezetnek ki kell dolgoznia és dokumentálnia kell egy üzletmenet-folytonossági szabályzatot, amely tartalmazza a szervezeti-, folyamat és rendszerszintű követelményeket. 2) A szabályzatnak összhangban kell lennie a szervezetre vonatkozó, hatályos jogszabályokkal, irányelvekkel, szabályozásokkal, szabványokkal és ajánlásokkal. 3) A szervezetnek felül kell vizsgálnia és frissítenie kell az aktuális üzletmenet-folytonossági szabályzatot és az üzletmenet-folytonossági eljárásokat és eljárásrendet a szervezet által meghatározott gyakorisággal és a szervezet által meghatározott események bekövetkezését követően. Az alkalmazhatóságot és a végrehajtást érintett EIR-enként rögzítse; az eltérésekhez nevezzen meg felelőst, céldátumot és kompenzáló kontrollt.","7.1 – Szabályzat és eljárásrendek végrehajtási csomag: jóváhagyott EIR-scope, 5 pontos státuszchecklist, kontrollbeállítás vagy eljárás, kivételjegyzék és próbaeredmény.","jóváhagyott folytonossági eljárás, képzési vagy gyakorlatjegyzőkönyv, eredmény és javítási napló, kontrollgazdai és G1 reviewer sign-off. Továbbá: 5 pontos végrehajtási checklist; scope- és kontrollgazda-jóváhagyás; teszt- vagy működési mintarekord; kivétellista; védett URI, SHA-256 és reviewer-döntés.",P1,M2_31_90D,NEW,Pásztor András,Lángi Zoltán,management_schedule,,,B0,NOW_B0,,partial,remediation_planner,G1_DOMAIN_REVIEW;G2_SECURITY_LEGAL;G3_PRODUCTION_CHANGE,A-004;A-005,no,"Lefedettségpótló AI-javaslat – részletesítve 2026-08-19. Javasolt kontrollgazda: Kóczán Mónika – folytonossági kontrollgazda-jelölt. Közreműködők: Kollár Csaba – technikai végrehajtó; Lángi Zoltán – IBF review. Javasolt G1 review: 2026-09-11; javasolt teljesítés: 2027-04-30. A dátumok, szerepek, EIR-hatókör és technikai lépések nem jóváhagyottak; a kanonikus target_date ezért üres marad. Részletes rekord: data/action_execution_details.csv. Az SRC-009 megvalósítási útmutatója javaslati forrás; G1 review előtt nem kötelező vagy igazolt megoldás."
A-086,7,7.10,Vezetéstámogató;Irodai;Termelés,Üzletmenet-folytonosság és helyreállítás,SRC-008,audit_gap,161–163;251–252;340–342,machine_unvalidated,"A(z) 7.10 A folyamatos működésre felkészítő képzés követelménycsoportnál 3, közvetlen intézkedéshez eddig nem rendelt auditeltérés található; a legmagasabb értékelés kiemelt. Findingok: F-0124;F-0206;F-0288.","7.10 – A folyamatos működésre felkészítő képzés: 1) A szervezetnek folyamatos működésre felkészítő képzést kell biztosítania az EIR felhasználói számára, amely képzés a felhasználók szerepkörének vagy felelősségi körének megfelelő. 2) A képzést a szerepkörbe vagy felelősségbe kerülésüket követő meghatározott időn belül kell elvégezni. 3) A szervezetnek meghatározott gyakorisággal vagy meghatározott eseményeket követően felül kell vizsgálnia és frissítenie a folyamatos működésre felkészítő képzés tartalmát. Az alkalmazhatóságot és a végrehajtást érintett EIR-enként rögzítse; az eltérésekhez nevezzen meg felelőst, céldátumot és kompenzáló kontrollt.","7.10 – A folyamatos működésre felkészítő képzés végrehajtási csomag: jóváhagyott EIR-scope, 5 pontos státuszchecklist, kontrollbeállítás vagy eljárás, kivételjegyzék és próbaeredmény.","jóváhagyott folytonossági eljárás, képzési vagy gyakorlatjegyzőkönyv, eredmény és javítási napló, kontrollgazdai és G1 reviewer sign-off. Továbbá: 5 pontos végrehajtási checklist; scope- és kontrollgazda-jóváhagyás; teszt- vagy működési mintarekord; kivétellista; védett URI, SHA-256 és reviewer-döntés.",P0,M1_0_30D,NEW,Pásztor András,Lángi Zoltán,management_schedule,,,B0,NOW_B0,,partial,remediation_planner,G1_DOMAIN_REVIEW;G2_SECURITY_LEGAL;G3_PRODUCTION_CHANGE,A-004;A-005,no,"Lefedettségpótló AI-javaslat – részletesítve 2026-08-19. Javasolt kontrollgazda: Kóczán Mónika – folytonossági kontrollgazda-jelölt. Közreműködők: Kollár Csaba – technikai végrehajtó; Lángi Zoltán – IBF review. Javasolt G1 review: 2026-09-11; javasolt teljesítés: 2027-01-31. A dátumok, szerepek, EIR-hatókör és technikai lépések nem jóváhagyottak; a kanonikus target_date ezért üres marad. Részletes rekord: data/action_execution_details.csv. Az SRC-009 megvalósítási útmutatója javaslati forrás; G1 review előtt nem kötelező vagy igazolt megoldás."
A-087,8,8.7,Vezetéstámogató;Irodai;Termelés,Azonosítás és hitelesítés,SRC-008,audit_gap,168;257–258;347,machine_unvalidated,"A(z) 8.7 Azonosítás és hitelesítés (felhasználók) – Hozzáférés a fiókokhoz – követelménycsoportnál 3, közvetlen intézkedéshez eddig nem rendelt auditeltérés található; a legmagasabb értékelés kiemelt. Findingok: F-0130;F-0212;F-0294.","8.7 – Azonosítás és hitelesítés (felhasználók) – Hozzáférés a fiókokhoz – Visszajátszás elleni védelem: 1) A szervezetnek meg kell határoznia, hogy mely fiókokat tekinti privilegizáltnak és melyeket nem. 2) A szervezetnek implementálnia kell a visszajátszás elleni védelmet biztosító hitelesítési mechanizmusokat. 3) A szervezetnek rendszeresen felül kell vizsgálnia és frissítenie kell a hitelesítési mechanizmusokat, hogy biztosítsa, hogy azok naprakészek és hatékonyak maradnak a visszajátszás elleni védekezésben. Az alkalmazhatóságot és a végrehajtást érintett EIR-enként rögzítse; az eltérésekhez nevezzen meg felelőst, céldátumot és kompenzáló kontrollt.","8.7 – Azonosítás és hitelesítés (felhasználók) – Hozzáférés a fiókokhoz – Visszajátszás elleni védelem végrehajtási csomag: jóváhagyott EIR-scope, 6 pontos státuszchecklist, kontrollbeállítás vagy eljárás, kivételjegyzék és próbaeredmény.","jóváhagyott IAM-szabály, read-only beállításexport, hitelesítési teszt, kivétel- és felülvizsgálati napló, kontrollgazdai és G1 reviewer sign-off. Továbbá: 6 pontos végrehajtási checklist; scope- és kontrollgazda-jóváhagyás; teszt- vagy működési mintarekord; kivétellista; védett URI, SHA-256 és reviewer-döntés.",P0,M1_0_30D,NEW,Pásztor András,Lángi Zoltán,management_schedule,,,B0,NOW_B0,,partial,remediation_planner,G1_DOMAIN_REVIEW;G2_SECURITY_LEGAL;G3_PRODUCTION_CHANGE,A-004;A-005,no,"Lefedettségpótló AI-javaslat – részletesítve 2026-08-19. Javasolt kontrollgazda: TBD – belső metALCOM IAM-kontrollgazda. Közreműködők: Kollár Csaba – technikai végrehajtó; Lángi Zoltán – IBF review. Javasolt G1 review: 2026-09-11; javasolt teljesítés: 2027-01-31. A dátumok, szerepek, EIR-hatókör és technikai lépések nem jóváhagyottak; a kanonikus target_date ezért üres marad. Részletes rekord: data/action_execution_details.csv. Az SRC-009 megvalósítási útmutatója javaslati forrás; G1 review előtt nem kötelező vagy igazolt megoldás."
A-088,8,8.14,Vezetéstámogató;Irodai;Termelés,Azonosítás és hitelesítés,SRC-008,audit_gap,168–169;258;347–348,machine_unvalidated,"A(z) 8.14 Azonosító kezelés követelménycsoportnál 3, közvetlen intézkedéshez eddig nem rendelt auditeltérés található; a legmagasabb értékelés kiemelt. Findingok: F-0131;F-0213;F-0295.","8.14 – Azonosító kezelés: 1) A szervezetnek meg kell határoznia azokat a személyeket vagy szerepköröket, akik jogosultak az egyéni, csoport, szerepkör vagy eszköz azonosítók kiosztására. 2) A szervezetnek ki kell választania egy azonosítót, amely azonosítja az egyént, csoportot, szerepkört, szolgáltatást vagy eszközt. 3) A szervezetnek dokumentálnia kell az azonosítók kiosztását és használatát, hogy nyomon követhető legyen az azonosítók használata és a hozzájuk rendelt személyek, csoportok, szerepkörök, szolgáltatások és eszközök. Az alkalmazhatóságot és a végrehajtást érintett EIR-enként rögzítse; az eltérésekhez nevezzen meg felelőst, céldátumot és kompenzáló kontrollt.","8.14 – Azonosító kezelés végrehajtási csomag: jóváhagyott EIR-scope, 5 pontos státuszchecklist, kontrollbeállítás vagy eljárás, kivételjegyzék és próbaeredmény.","jóváhagyott IAM-szabály, read-only beállításexport, hitelesítési teszt, kivétel- és felülvizsgálati napló, kontrollgazdai és G1 reviewer sign-off. Továbbá: 5 pontos végrehajtási checklist; scope- és kontrollgazda-jóváhagyás; teszt- vagy működési mintarekord; kivétellista; védett URI, SHA-256 és reviewer-döntés.",P0,M1_0_30D,NEW,Pásztor András,Lángi Zoltán,management_schedule,,,B0,NOW_B0,,partial,remediation_planner,G1_DOMAIN_REVIEW;G2_SECURITY_LEGAL;G3_PRODUCTION_CHANGE,A-004;A-005,no,"Lefedettségpótló AI-javaslat – részletesítve 2026-08-19. Javasolt kontrollgazda: TBD – belső metALCOM IAM-kontrollgazda. Közreműködők: Kollár Csaba – technikai végrehajtó; Lángi Zoltán – IBF review. Javasolt G1 review: 2026-09-11; javasolt teljesítés: 2027-01-31. A dátumok, szerepek, EIR-hatókör és technikai lépések nem jóváhagyottak; a kanonikus target_date ezért üres marad. Részletes rekord: data/action_execution_details.csv. Az SRC-009 megvalósítási útmutatója javaslati forrás; G1 review előtt nem kötelező vagy igazolt megoldás."
A-089,8,8.21,Vezetéstámogató;Irodai;Termelés,Azonosítás és hitelesítés,SRC-008,audit_gap,169–171;258–260;348–350,machine_unvalidated,"A(z) 8.21 A hitelesítésre szolgáló eszközök kezelése követelménycsoportnál 3, közvetlen intézkedéshez eddig nem rendelt auditeltérés található; a legmagasabb értékelés kiemelt. Findingok: F-0132;F-0214;F-0296.","8.21 – A hitelesítésre szolgáló eszközök kezelése: 1) A szervezet számba veszi és dokumentálja azon rendszereket, melyek elérése hitelesítő eszközhöz kötött. 2) A szervezet számba veszi és dokumentálja azon egyének, csoportok, szerepkörök, szolgáltatások vagy eszközök identitását, akik hitelesítő eszközöket kaphatnak. 3) A szervezet létrehozza a hitelesítő eszközök kezelésének szabályzatát. Az alkalmazhatóságot és a végrehajtást érintett EIR-enként rögzítse; az eltérésekhez nevezzen meg felelőst, céldátumot és kompenzáló kontrollt.","8.21 – A hitelesítésre szolgáló eszközök kezelése végrehajtási csomag: jóváhagyott EIR-scope, 4 pontos státuszchecklist, kontrollbeállítás vagy eljárás, kivételjegyzék és próbaeredmény.","jóváhagyott IAM-szabály, read-only beállításexport, hitelesítési teszt, kivétel- és felülvizsgálati napló, kontrollgazdai és G1 reviewer sign-off. Továbbá: 4 pontos végrehajtási checklist; scope- és kontrollgazda-jóváhagyás; teszt- vagy működési mintarekord; kivétellista; védett URI, SHA-256 és reviewer-döntés.",P0,M1_0_30D,NEW,Pásztor András,Lángi Zoltán,management_schedule,,,B0,NOW_B0,,partial,remediation_planner,G1_DOMAIN_REVIEW;G2_SECURITY_LEGAL;G3_PRODUCTION_CHANGE,A-004;A-005,no,"Lefedettségpótló AI-javaslat – részletesítve 2026-08-19. Javasolt kontrollgazda: TBD – belső metALCOM IAM-kontrollgazda. Közreműködők: Kollár Csaba – technikai végrehajtó; Lángi Zoltán – IBF review. Javasolt G1 review: 2026-09-11; javasolt teljesítés: 2027-01-31. A dátumok, szerepek, EIR-hatókör és technikai lépések nem jóváhagyottak; a kanonikus target_date ezért üres marad. Részletes rekord: data/action_execution_details.csv. Az SRC-009 megvalósítási útmutatója javaslati forrás; G1 review előtt nem kötelező vagy igazolt megoldás."
A-090,8,8.22,Vezetéstámogató;Irodai;Termelés,Azonosítás és hitelesítés,SRC-008,audit_gap,171–172;260–261;350–351,machine_unvalidated,"A(z) 8.22 A hitelesítésre szolgáló eszközök kezelése – Jelszó alapú hitelesítés követelménycsoportnál 3, közvetlen intézkedéshez eddig nem rendelt auditeltérés található; a legmagasabb értékelés kiemelt. Findingok: F-0133;F-0215;F-0297.","8.22 – A hitelesítésre szolgáló eszközök kezelése – Jelszó alapú hitelesítés: 1) A szervezet fenntartja a gyakran használt, könnyen kitalálható vagy kompromittált jelszavak listáját, és ezt a listát a szervezet által meghatározott gyakorisággal frissíti. 2) Ellenőrzi, hogy a felhasználók által létrehozott vagy módosított jelszavak szerepelnek-e a gyakran használt, könnyen kitalálható vagy kompromittált jelszavak listáján. 3) Dokumentálja és rendszeres időközönként felülvizsgálja a jelszókezelési folyamatokat, hogy biztosítsa a szabályok betartását és az esetleges szabálytalanságok azonnali észlelését. Az alkalmazhatóságot és a végrehajtást érintett EIR-enként rögzítse; az eltérésekhez nevezzen meg felelőst, céldátumot és kompenzáló kontrollt.","8.22 – A hitelesítésre szolgáló eszközök kezelése – Jelszó alapú hitelesítés végrehajtási csomag: jóváhagyott EIR-scope, 9 pontos státuszchecklist, kontrollbeállítás vagy eljárás, kivételjegyzék és próbaeredmény.","jóváhagyott IAM-szabály, read-only beállításexport, hitelesítési teszt, kivétel- és felülvizsgálati napló, kontrollgazdai és G1 reviewer sign-off. Továbbá: 9 pontos végrehajtási checklist; scope- és kontrollgazda-jóváhagyás; teszt- vagy működési mintarekord; kivétellista; védett URI, SHA-256 és reviewer-döntés.",P0,M1_0_30D,NEW,Pásztor András,Lángi Zoltán,management_schedule,,,B0,NOW_B0,,partial,remediation_planner,G1_DOMAIN_REVIEW;G2_SECURITY_LEGAL;G3_PRODUCTION_CHANGE,A-004;A-005,no,"Lefedettségpótló AI-javaslat – részletesítve 2026-08-19. Javasolt kontrollgazda: TBD – belső metALCOM IAM-kontrollgazda. Közreműködők: Kollár Csaba – technikai végrehajtó; Lángi Zoltán – IBF review. Javasolt G1 review: 2026-09-11; javasolt teljesítés: 2027-01-31. A dátumok, szerepek, EIR-hatókör és technikai lépések nem jóváhagyottak; a kanonikus target_date ezért üres marad. Részletes rekord: data/action_execution_details.csv. Az SRC-009 megvalósítási útmutatója javaslati forrás; G1 review előtt nem kötelező vagy igazolt megoldás."
A-091,8,8.36,Vezetéstámogató;Irodai;Termelés,Azonosítás és hitelesítés,SRC-008,audit_gap,172;261–262;351,machine_unvalidated,"A(z) 8.36 Hitelesítési információk visszajelzésének elrejtése követelménycsoportnál 3, közvetlen intézkedéshez eddig nem rendelt auditeltérés található; a legmagasabb értékelés kiemelt. Findingok: F-0134;F-0216;F-0298.","8.36 – Hitelesítési információk visszajelzésének elrejtése: 1) A szervezetnek először meg kell határoznia, hogy mely eszközök esetében jelentős a jogosulatlan személyek általi hitelesítési információ felfedezésének és kihasználásának veszélye. 2) A szervezetnek ki kell választania a megfelelő módszert a visszacsatolás elrejtésére. 3) A szervezetnek rendszeresen felül kell vizsgálnia és frissítenie kell a hitelesítési visszacsatolás elrejtésének módszerét, hogy biztosítsa a folyamatos védelmet a jogosulatlan hozzáférés ellen. Az alkalmazhatóságot és a végrehajtást érintett EIR-enként rögzítse; az eltérésekhez nevezzen meg felelőst, céldátumot és kompenzáló kontrollt.","8.36 – Hitelesítési információk visszajelzésének elrejtése végrehajtási csomag: jóváhagyott EIR-scope, 5 pontos státuszchecklist, kontrollbeállítás vagy eljárás, kivételjegyzék és próbaeredmény.","jóváhagyott IAM-szabály, read-only beállításexport, hitelesítési teszt, kivétel- és felülvizsgálati napló, kontrollgazdai és G1 reviewer sign-off. Továbbá: 5 pontos végrehajtási checklist; scope- és kontrollgazda-jóváhagyás; teszt- vagy működési mintarekord; kivétellista; védett URI, SHA-256 és reviewer-döntés.",P0,M1_0_30D,NEW,Pásztor András,Lángi Zoltán,management_schedule,,,B0,NOW_B0,,partial,remediation_planner,G1_DOMAIN_REVIEW;G2_SECURITY_LEGAL;G3_PRODUCTION_CHANGE,A-004;A-005,no,"Lefedettségpótló AI-javaslat – részletesítve 2026-08-19. Javasolt kontrollgazda: TBD – belső metALCOM IAM-kontrollgazda. Közreműködők: Kollár Csaba – technikai végrehajtó; Lángi Zoltán – IBF review. Javasolt G1 review: 2026-09-11; javasolt teljesítés: 2027-01-31. A dátumok, szerepek, EIR-hatókör és technikai lépések nem jóváhagyottak; a kanonikus target_date ezért üres marad. Részletes rekord: data/action_execution_details.csv. Az SRC-009 megvalósítási útmutatója javaslati forrás; G1 review előtt nem kötelező vagy igazolt megoldás."
A-092,8,8.37,Vezetéstámogató;Irodai;Termelés,Azonosítás és hitelesítés,SRC-008,audit_gap,172–173;262;351–352,machine_unvalidated,"A(z) 8.37 Hitelesítés kriptográfiai modul esetén követelménycsoportnál 3, közvetlen intézkedéshez eddig nem rendelt auditeltérés található; a legmagasabb értékelés kiemelt. Findingok: F-0135;F-0217;F-0299.","8.37 – Hitelesítés kriptográfiai modul esetén: 1) A szervezetnek meg kell határoznia, hogy milyen kriptográfiai modul hitelesítési mechanizmusokat kíván alkalmazni. 2) A szervezetnek implementálnia kell ezeket a mechanizmusokat az EIR-en belül. 3) A szervezetnek biztosítania kell, hogy a kriptográfiai modul hitelesítési mechanizmusai megfelelnek a hatályos törvényeknek, szabályzatoknak és szabványoknak. Az alkalmazhatóságot és a végrehajtást érintett EIR-enként rögzítse; az eltérésekhez nevezzen meg felelőst, céldátumot és kompenzáló kontrollt.","8.37 – Hitelesítés kriptográfiai modul esetén végrehajtási csomag: jóváhagyott EIR-scope, 6 pontos státuszchecklist, kontrollbeállítás vagy eljárás, kivételjegyzék és próbaeredmény.","jóváhagyott IAM-szabály, read-only beállításexport, hitelesítési teszt, kivétel- és felülvizsgálati napló, kontrollgazdai és G1 reviewer sign-off. Továbbá: 6 pontos végrehajtási checklist; scope- és kontrollgazda-jóváhagyás; teszt- vagy működési mintarekord; kivétellista; védett URI, SHA-256 és reviewer-döntés.",P0,M1_0_30D,NEW,Pásztor András,Lángi Zoltán,management_schedule,,,B0,NOW_B0,,partial,remediation_planner,G1_DOMAIN_REVIEW;G2_SECURITY_LEGAL;G3_PRODUCTION_CHANGE,A-004;A-005,no,"Lefedettségpótló AI-javaslat – részletesítve 2026-08-19. Javasolt kontrollgazda: TBD – belső metALCOM IAM-kontrollgazda. Közreműködők: Kollár Csaba – technikai végrehajtó; Lángi Zoltán – IBF review. Javasolt G1 review: 2026-09-11; javasolt teljesítés: 2027-01-31. A dátumok, szerepek, EIR-hatókör és technikai lépések nem jóváhagyottak; a kanonikus target_date ezért üres marad. Részletes rekord: data/action_execution_details.csv. Az SRC-009 megvalósítási útmutatója javaslati forrás; G1 review előtt nem kötelező vagy igazolt megoldás."
A-093,8,8.38,Vezetéstámogató;Irodai;Termelés,Azonosítás és hitelesítés,SRC-008,audit_gap,173;262–263;352,machine_unvalidated,"A(z) 8.38 Azonosítás és hitelesítés (szervezeten kívüli felhasználók) követelménycsoportnál 3, közvetlen intézkedéshez eddig nem rendelt auditeltérés található; a legmagasabb értékelés kiemelt. Findingok: F-0136;F-0218;F-0300.","8.38 – Azonosítás és hitelesítés (szervezeten kívüli felhasználók): 1) A szervezetnek meg kell határoznia, kiket tekint nem szervezeti felhasználóknak. 2) A szervezetnek biztosítania kell, hogy a nem szervezeti felhasználók egyedileg azonosíthatók és hitelesíthetők legyenek az EIR-ben. 3) A szervezetnek naplóznia kell a nem szervezeti felhasználók tevékenységét és az ő nevükben futó folyamatokat az EIR-ben. Az alkalmazhatóságot és a végrehajtást érintett EIR-enként rögzítse; az eltérésekhez nevezzen meg felelőst, céldátumot és kompenzáló kontrollt.","8.38 – Azonosítás és hitelesítés (szervezeten kívüli felhasználók) végrehajtási csomag: jóváhagyott EIR-scope, 5 pontos státuszchecklist, kontrollbeállítás vagy eljárás, kivételjegyzék és próbaeredmény.","jóváhagyott IAM-szabály, read-only beállításexport, hitelesítési teszt, kivétel- és felülvizsgálati napló, kontrollgazdai és G1 reviewer sign-off. Továbbá: 5 pontos végrehajtási checklist; scope- és kontrollgazda-jóváhagyás; teszt- vagy működési mintarekord; kivétellista; védett URI, SHA-256 és reviewer-döntés.",P0,M1_0_30D,NEW,Pásztor András,Lángi Zoltán,management_schedule,,,B0,NOW_B0,,partial,remediation_planner,G1_DOMAIN_REVIEW;G2_SECURITY_LEGAL;G3_PRODUCTION_CHANGE,A-004;A-005,no,"Lefedettségpótló AI-javaslat – részletesítve 2026-08-19. Javasolt kontrollgazda: TBD – belső metALCOM IAM-kontrollgazda. Közreműködők: Kollár Csaba – technikai végrehajtó; Lángi Zoltán – IBF review. Javasolt G1 review: 2026-09-11; javasolt teljesítés: 2027-01-31. A dátumok, szerepek, EIR-hatókör és technikai lépések nem jóváhagyottak; a kanonikus target_date ezért üres marad. Részletes rekord: data/action_execution_details.csv. Az SRC-009 megvalósítási útmutatója javaslati forrás; G1 review előtt nem kötelező vagy igazolt megoldás."
A-094,8,8.39,Vezetéstámogató;Irodai;Termelés,Azonosítás és hitelesítés,SRC-008,audit_gap,173–174;263;352–353,machine_unvalidated,"A(z) 8.39 Azonosítás és hitelesítés (szervezeten kívüli felhasználók) – követelménycsoportnál 3, közvetlen intézkedéshez eddig nem rendelt auditeltérés található; a legmagasabb értékelés kis mértékű. Findingok: F-0137;F-0219;F-0301.","8.39 – Azonosítás és hitelesítés (szervezeten kívüli felhasználók) – Meghatározott azonosítási profilok használata: 1) A szervezetnek meg kell határoznia az azonosítási profilokat, amelyeket az azonosítási folyamat során alkalmazni kíván. 2) A szervezetnek biztosítania kell, hogy választott és használt nyílt személyazonosság-kezelési szabvány életképes, megbízható, fenntartható és interoperábilis más rendszerekkel, rendszerelemekkel. 3) A szervezetnek rendszeresen felül kell vizsgálnia és frissítenie kell a meghatározott azonosítási profilokat az EIR-ben, annak érdekében, hogy biztosítsa azok folyamatos megfelelőségét. Az alkalmazhatóságot és a végrehajtást érintett EIR-enként rögzítse; az eltérésekhez nevezzen meg felelőst, céldátumot és kompenzáló kontrollt.","8.39 – Azonosítás és hitelesítés (szervezeten kívüli felhasználók) – Meghatározott azonosítási profilok használata végrehajtási csomag: jóváhagyott EIR-scope, 5 pontos státuszchecklist, kontrollbeállítás vagy eljárás, kivételjegyzék és próbaeredmény.","jóváhagyott IAM-szabály, read-only beállításexport, hitelesítési teszt, kivétel- és felülvizsgálati napló, kontrollgazdai és G1 reviewer sign-off. Továbbá: 5 pontos végrehajtási checklist; scope- és kontrollgazda-jóváhagyás; teszt- vagy működési mintarekord; kivétellista; védett URI, SHA-256 és reviewer-döntés.",P1,M2_31_90D,NEW,Pásztor András,Lángi Zoltán,management_schedule,,,B0,NOW_B0,,partial,remediation_planner,G1_DOMAIN_REVIEW;G2_SECURITY_LEGAL;G3_PRODUCTION_CHANGE,A-004;A-005,no,"Lefedettségpótló AI-javaslat – részletesítve 2026-08-19. Javasolt kontrollgazda: TBD – belső metALCOM IAM-kontrollgazda. Közreműködők: Kollár Csaba – technikai végrehajtó; Lángi Zoltán – IBF review. Javasolt G1 review: 2026-09-11; javasolt teljesítés: 2027-04-30. A dátumok, szerepek, EIR-hatókör és technikai lépések nem jóváhagyottak; a kanonikus target_date ezért üres marad. Részletes rekord: data/action_execution_details.csv. Az SRC-009 megvalósítási útmutatója javaslati forrás; G1 review előtt nem kötelező vagy igazolt megoldás."
A-095,8,8.43,Vezetéstámogató;Irodai;Termelés,Azonosítás és hitelesítés,SRC-008,audit_gap,174;263–264;353,machine_unvalidated,"A(z) 8.43 Újrahitelesítés követelménycsoportnál 3, közvetlen intézkedéshez eddig nem rendelt auditeltérés található; a legmagasabb értékelés kis mértékű. Findingok: F-0138;F-0220;F-0302.","8.43 – Újrahitelesítés: 1) A szervezetnek meg kell határoznia azokat a körülményeket vagy helyzeteket, amikor újrahitelesítést kér az egyénektől. 2) A szervezetnek szabályoznia kell az újrahitelesítést, melynek során meghatározza az újrahitelesítési eljárásokat és kritériumokat. 3) A szervezetnek rendszeresen felül kell vizsgálnia és frissítenie kell az újrahitelesítésre vonatkozó szabályzatát és eljárásrendjeit annak érdekében, hogy biztosítsa azok hatékonyságát és aktualitását. Az alkalmazhatóságot és a végrehajtást érintett EIR-enként rögzítse; az eltérésekhez nevezzen meg felelőst, céldátumot és kompenzáló kontrollt.","8.43 – Újrahitelesítés végrehajtási csomag: jóváhagyott EIR-scope, 5 pontos státuszchecklist, kontrollbeállítás vagy eljárás, kivételjegyzék és próbaeredmény.","jóváhagyott IAM-szabály, read-only beállításexport, hitelesítési teszt, kivétel- és felülvizsgálati napló, kontrollgazdai és G1 reviewer sign-off. Továbbá: 5 pontos végrehajtási checklist; scope- és kontrollgazda-jóváhagyás; teszt- vagy működési mintarekord; kivétellista; védett URI, SHA-256 és reviewer-döntés.",P1,M2_31_90D,NEW,Pásztor András,Lángi Zoltán,management_schedule,,,B0,NOW_B0,,partial,remediation_planner,G1_DOMAIN_REVIEW;G2_SECURITY_LEGAL;G3_PRODUCTION_CHANGE,A-004;A-005,no,"Lefedettségpótló AI-javaslat – részletesítve 2026-08-19. Javasolt kontrollgazda: TBD – belső metALCOM IAM-kontrollgazda. Közreműködők: Kollár Csaba – technikai végrehajtó; Lángi Zoltán – IBF review. Javasolt G1 review: 2026-09-11; javasolt teljesítés: 2027-04-30. A dátumok, szerepek, EIR-hatókör és technikai lépések nem jóváhagyottak; a kanonikus target_date ezért üres marad. Részletes rekord: data/action_execution_details.csv. Az SRC-009 megvalósítási útmutatója javaslati forrás; G1 review előtt nem kötelező vagy igazolt megoldás."
A-096,9,9.25,Szervezet,Biztonsági események kezelése,SRC-008,audit_gap,50,machine_unvalidated,"A(z) 9.25 A biztonsági események nyomonkövetése követelménycsoportnál 1, közvetlen intézkedéshez eddig nem rendelt auditeltérés található; a legmagasabb értékelés kiemelt. Findingok: F-0029.","9.25 – A biztonsági események nyomonkövetése: 1) A szervezetnek létre kell hoznia egy eljárásrendet, amely meghatározza, hogyan kell nyomon követni és dokumentálni a biztonsági eseményeket. 2) A biztonsági eseményekkel kapcsolatos információk számos forrásból szerezheti be az érintett szervezet, beleértve a hálózat monitorozását, a biztonsági eseményekről készült jelentéseket, a biztonsági eseményeket kezelő csapatokat, a felhasználói panaszokat, a beszállítói partnereket, a naplók monitorozását, a fizikai hozzáférés… 3) A szervezetnek biztosítania kell, hogy a személyzet megfelelően képzett és felkészült, annak érdekében, hogy a biztonsági eseményeket nyomon követése és dokumentálása megfelelő legyen. Az alkalmazhatóságot és a végrehajtást érintett EIR-enként rögzítse; az eltérésekhez nevezzen meg felelőst, céldátumot és kompenzáló kontrollt.","9.25 – A biztonsági események nyomonkövetése végrehajtási csomag: jóváhagyott EIR-scope, 5 pontos státuszchecklist, kontrollbeállítás vagy eljárás, kivételjegyzék és próbaeredmény.","jóváhagyott eljárás, eseményjegy, értesítési vagy eszkalációs nyom, gyakorlat és lessons-learned rekord, kontrollgazdai és G1 reviewer sign-off. Továbbá: 5 pontos végrehajtási checklist; scope- és kontrollgazda-jóváhagyás; teszt- vagy működési mintarekord; kivétellista; védett URI, SHA-256 és reviewer-döntés.",P0,M1_0_30D,NEW,Pásztor András,Lángi Zoltán,management_schedule,,,B0,NOW_B0,,partial,remediation_planner,G1_DOMAIN_REVIEW;G2_SECURITY_LEGAL;G3_PRODUCTION_CHANGE,A-004;A-005,no,"Lefedettségpótló AI-javaslat – részletesítve 2026-08-19. Javasolt kontrollgazda: TBD – belső metALCOM incidenskezelési kontrollgazda. Közreműködők: Kollár Csaba – technikai végrehajtó; Lángi Zoltán; Dr. Berta Brigitta szükség szerint. Javasolt G1 review: 2026-09-11; javasolt teljesítés: 2027-01-31. A dátumok, szerepek, EIR-hatókör és technikai lépések nem jóváhagyottak; a kanonikus target_date ezért üres marad. Részletes rekord: data/action_execution_details.csv. Az SRC-009 megvalósítási útmutatója javaslati forrás; G1 review előtt nem kötelező vagy igazolt megoldás."
A-097,9,9.27,Szervezet,Biztonsági események kezelése,SRC-008,audit_gap,50–51,machine_unvalidated,"A(z) 9.27 A biztonsági események jelentése követelménycsoportnál 1, közvetlen intézkedéshez eddig nem rendelt auditeltérés található; a legmagasabb értékelés kiemelt. Findingok: F-0030.","9.27 – A biztonsági események jelentése: 1) A szervezetnek olyan szabályzatot kell alkotnia vagy meglévő szabályzatai valamelyikébe (pl. 2) A szervezetnek biztosítania kell, hogy a személyek megfelelő képzést kapjanak a biztonsági események felismerésére és jelentésére. 3) A szervezetnek dokumentálnia kell a biztonsági eseményeket, beleértve a jelentett eseményeket, a megtett intézkedéseket és a következményeket. Az alkalmazhatóságot és a végrehajtást érintett EIR-enként rögzítse; az eltérésekhez nevezzen meg felelőst, céldátumot és kompenzáló kontrollt.","9.27 – A biztonsági események jelentése végrehajtási csomag: jóváhagyott EIR-scope, 5 pontos státuszchecklist, kontrollbeállítás vagy eljárás, kivételjegyzék és próbaeredmény.","jóváhagyott eljárás, eseményjegy, értesítési vagy eszkalációs nyom, gyakorlat és lessons-learned rekord, kontrollgazdai és G1 reviewer sign-off. Továbbá: 5 pontos végrehajtási checklist; scope- és kontrollgazda-jóváhagyás; teszt- vagy működési mintarekord; kivétellista; védett URI, SHA-256 és reviewer-döntés.",P0,M1_0_30D,NEW,Pásztor András,Lángi Zoltán,management_schedule,,,B0,NOW_B0,,partial,remediation_planner,G1_DOMAIN_REVIEW;G2_SECURITY_LEGAL;G3_PRODUCTION_CHANGE,A-004;A-005,no,"Lefedettségpótló AI-javaslat – részletesítve 2026-08-19. Javasolt kontrollgazda: TBD – belső metALCOM incidenskezelési kontrollgazda. Közreműködők: Kollár Csaba – technikai végrehajtó; Lángi Zoltán; Dr. Berta Brigitta szükség szerint. Javasolt G1 review: 2026-09-11; javasolt teljesítés: 2027-01-31. A dátumok, szerepek, EIR-hatókör és technikai lépések nem jóváhagyottak; a kanonikus target_date ezért üres marad. Részletes rekord: data/action_execution_details.csv. Az SRC-009 megvalósítási útmutatója javaslati forrás; G1 review előtt nem kötelező vagy igazolt megoldás."
A-098,9,9.31,Szervezet,Biztonsági események kezelése,SRC-008,audit_gap,51,machine_unvalidated,"A(z) 9.31 Segítségnyújtás a biztonsági események kezeléséhez követelménycsoportnál 1, közvetlen intézkedéshez eddig nem rendelt auditeltérés található; a legmagasabb értékelés kiemelt. Findingok: F-0031.","9.31 – Segítségnyújtás a biztonsági események kezeléséhez: 1) A szervezetnek létre kell hoznia egy helpdesk szolgáltatói és támogatási csoportot, amely támogatást nyújt az EIR felhasználóinak a biztonsági események kezelésében. 2) A szervezetnek be kell vezetnie egy jegykezelő rendszert, amely lehetővé teszi a biztonsági események kezeléséhez köthető jegyek megnyitását és nyomon követését. 3) A szervezetnek folyamatosan felül kell vizsgálnia és szükség esetén frissítenie kell a biztonsági események kezelésére és jelentésére vonatkozó szabályzatait és eljárásrendjeit annak érdekében, hogy hatékony támogassa az EIR felhasználóit a biztonsági események bejelentésében. Az alkalmazhatóságot és a végrehajtást érintett EIR-enként rögzítse; az eltérésekhez nevezzen meg felelőst, céldátumot és kompenzáló kontrollt.","9.31 – Segítségnyújtás a biztonsági események kezeléséhez végrehajtási csomag: jóváhagyott EIR-scope, 5 pontos státuszchecklist, kontrollbeállítás vagy eljárás, kivételjegyzék és próbaeredmény.","jóváhagyott eljárás, eseményjegy, értesítési vagy eszkalációs nyom, gyakorlat és lessons-learned rekord, kontrollgazdai és G1 reviewer sign-off. Továbbá: 5 pontos végrehajtási checklist; scope- és kontrollgazda-jóváhagyás; teszt- vagy működési mintarekord; kivétellista; védett URI, SHA-256 és reviewer-döntés.",P0,M1_0_30D,NEW,Pásztor András,Lángi Zoltán,management_schedule,,,B0,NOW_B0,,partial,remediation_planner,G1_DOMAIN_REVIEW;G2_SECURITY_LEGAL;G3_PRODUCTION_CHANGE,A-004;A-005,no,"Lefedettségpótló AI-javaslat – részletesítve 2026-08-19. Javasolt kontrollgazda: TBD – belső metALCOM incidenskezelési kontrollgazda. Közreműködők: Kollár Csaba – technikai végrehajtó; Lángi Zoltán; Dr. Berta Brigitta szükség szerint. Javasolt G1 review: 2026-09-11; javasolt teljesítés: 2027-01-31. A dátumok, szerepek, EIR-hatókör és technikai lépések nem jóváhagyottak; a kanonikus target_date ezért üres marad. Részletes rekord: data/action_execution_details.csv. Az SRC-009 megvalósítási útmutatója javaslati forrás; G1 review előtt nem kötelező vagy igazolt megoldás."
A-099,10,10.2,Szervezet,Karbantartás,SRC-008,audit_gap,56–58,machine_unvalidated,"A(z) 10.2 Szabályozott karbantartás követelménycsoportnál 1, közvetlen intézkedéshez eddig nem rendelt auditeltérés található; a legmagasabb értékelés kiemelt. Findingok: F-0034.","10.2 – Szabályozott karbantartás: 1) A szervezet ütemezi, dokumentálja és felülvizsgálja a rendszerelemek karbantartásának, javításának és cseréjének nyilvántartásait a gyártó vagy szállító specifikációi és az érintett szervezet követelményei szerint. 2) A szervezetnek jóvá kell hagyja és ellenőriznie kell az összes karbantartási tevékenységet, függetlenül attól, hogy azt a helyszínen vagy távolról végzik-e, és hogy az EIR-t vagy a rendszerelemeket a helyszínen szervizelik-e, vagy más helyszínre szállítják. 3) A szervezet figyelembe veszi az információs rendszerek tartalék alkatrészeinek beszerzésével kapcsolatos szempontokat is. Az alkalmazhatóságot és a végrehajtást érintett EIR-enként rögzítse; az eltérésekhez nevezzen meg felelőst, céldátumot és kompenzáló kontrollt.","10.2 – Szabályozott karbantartás végrehajtási csomag: jóváhagyott EIR-scope, 8 pontos státuszchecklist, kontrollbeállítás vagy eljárás, kivételjegyzék és próbaeredmény.","jóváhagyott karbantartási eljárás, munkajegy, hozzáférési napló, felügyeleti és lezárási ellenőrzés, kontrollgazdai és G1 reviewer sign-off. Továbbá: 8 pontos végrehajtási checklist; scope- és kontrollgazda-jóváhagyás; teszt- vagy működési mintarekord; kivétellista; védett URI, SHA-256 és reviewer-döntés.",P0,M1_0_30D,NEW,Pásztor András,Lángi Zoltán,management_schedule,,,B0,NOW_B0,,partial,remediation_planner,G1_DOMAIN_REVIEW;G2_SECURITY_LEGAL;G3_PRODUCTION_CHANGE,A-004;A-005,no,"Lefedettségpótló AI-javaslat – részletesítve 2026-08-19. Javasolt kontrollgazda: TBD – belső metALCOM karbantartási kontrollgazda. Közreműködők: Kollár Csaba – technikai végrehajtó; Lángi Zoltán – IBF review. Javasolt G1 review: 2026-09-11; javasolt teljesítés: 2027-01-31. A dátumok, szerepek, EIR-hatókör és technikai lépések nem jóváhagyottak; a kanonikus target_date ezért üres marad. Részletes rekord: data/action_execution_details.csv. Az SRC-009 megvalósítási útmutatója javaslati forrás; G1 review előtt nem kötelező vagy igazolt megoldás."
A-100,10,10.11,Szervezet,Karbantartás,SRC-008,audit_gap,58–59,machine_unvalidated,"A(z) 10.11 Távoli karbantartás követelménycsoportnál 1, közvetlen intézkedéshez eddig nem rendelt auditeltérés található; a legmagasabb értékelés kiemelt. Findingok: F-0035.","10.11 – Távoli karbantartás: 1) A szervezet jóváhagyja, nyomon követi és ellenőrzi a távoli karbantartási és diagnosztikai tevékenységeket. 2) A szervezet csak akkor engedélyezi a távoli karbantartási és diagnosztikai eszközök használatát, amennyiben az összhangban áll a szervezeti szabályokkal és az EIR rendszerbiztonsági tervében dokumentált. 3) A szervezet lezárja a munkaszakaszokat és a hálózati kapcsolatokat, amikor a távoli karbantartás befejeződik. Az alkalmazhatóságot és a végrehajtást érintett EIR-enként rögzítse; az eltérésekhez nevezzen meg felelőst, céldátumot és kompenzáló kontrollt.","10.11 – Távoli karbantartás végrehajtási csomag: jóváhagyott EIR-scope, 5 pontos státuszchecklist, kontrollbeállítás vagy eljárás, kivételjegyzék és próbaeredmény.","jóváhagyott karbantartási eljárás, munkajegy, hozzáférési napló, felügyeleti és lezárási ellenőrzés, kontrollgazdai és G1 reviewer sign-off. Továbbá: 5 pontos végrehajtási checklist; scope- és kontrollgazda-jóváhagyás; teszt- vagy működési mintarekord; kivétellista; védett URI, SHA-256 és reviewer-döntés.",P0,M1_0_30D,NEW,Pásztor András,Lángi Zoltán,management_schedule,,,B0,NOW_B0,,partial,remediation_planner,G1_DOMAIN_REVIEW;G2_SECURITY_LEGAL;G3_PRODUCTION_CHANGE,A-004;A-005,no,"Lefedettségpótló AI-javaslat – részletesítve 2026-08-19. Javasolt kontrollgazda: TBD – belső metALCOM karbantartási kontrollgazda. Közreműködők: Kollár Csaba – technikai végrehajtó; Lángi Zoltán – IBF review. Javasolt G1 review: 2026-09-11; javasolt teljesítés: 2027-01-31. A dátumok, szerepek, EIR-hatókör és technikai lépések nem jóváhagyottak; a kanonikus target_date ezért üres marad. Részletes rekord: data/action_execution_details.csv. Az SRC-009 megvalósítási útmutatója javaslati forrás; G1 review előtt nem kötelező vagy igazolt megoldás."
A-101,10,10.18,Szervezet,Karbantartás,SRC-008,audit_gap,59,machine_unvalidated,"A(z) 10.18 Karbantartó személyek követelménycsoportnál 1, közvetlen intézkedéshez eddig nem rendelt auditeltérés található; a legmagasabb értékelés kiemelt. Findingok: F-0036.","10.18 – Karbantartó személyek: 1) A szervezet kialakít egy folyamatot a karbantartási munkákhoz szükséges hozzáférési jogosultságok kezelésére. 2) A szervezet nyilvántartást vezet a hozzáférési jogosultsággal rendelkező karbantartó szervezetekről vagy személyekről. 3) A szervezet ideiglenes hozzáférési jogosultságot adhat a karbantartást végző személyeknek, azonban ennek kockázatát a kockázatelemzésben értékelnie kell. Az alkalmazhatóságot és a végrehajtást érintett EIR-enként rögzítse; az eltérésekhez nevezzen meg felelőst, céldátumot és kompenzáló kontrollt.","10.18 – Karbantartó személyek végrehajtási csomag: jóváhagyott EIR-scope, 5 pontos státuszchecklist, kontrollbeállítás vagy eljárás, kivételjegyzék és próbaeredmény.","jóváhagyott karbantartási eljárás, munkajegy, hozzáférési napló, felügyeleti és lezárási ellenőrzés, kontrollgazdai és G1 reviewer sign-off. Továbbá: 5 pontos végrehajtási checklist; scope- és kontrollgazda-jóváhagyás; teszt- vagy működési mintarekord; kivétellista; védett URI, SHA-256 és reviewer-döntés.",P0,M1_0_30D,NEW,Pásztor András,Lángi Zoltán,management_schedule,,,B0,NOW_B0,,partial,remediation_planner,G1_DOMAIN_REVIEW;G2_SECURITY_LEGAL;G3_PRODUCTION_CHANGE,A-004;A-005,no,"Lefedettségpótló AI-javaslat – részletesítve 2026-08-19. Javasolt kontrollgazda: TBD – belső metALCOM karbantartási kontrollgazda. Közreműködők: Kollár Csaba – technikai végrehajtó; Lángi Zoltán – IBF review. Javasolt G1 review: 2026-09-11; javasolt teljesítés: 2027-01-31. A dátumok, szerepek, EIR-hatókör és technikai lépések nem jóváhagyottak; a kanonikus target_date ezért üres marad. Részletes rekord: data/action_execution_details.csv. Az SRC-009 megvalósítási útmutatója javaslati forrás; G1 review előtt nem kötelező vagy igazolt megoldás."
A-102,12,12.37,Szervezet,Fizikai és környezeti védelem,SRC-008,audit_gap,74–75,machine_unvalidated,"A(z) 12.37 Környezeti védelmi intézkedések követelménycsoportnál 1, közvetlen intézkedéshez eddig nem rendelt auditeltérés található; a legmagasabb értékelés kis mértékű. Findingok: F-0048.","12.37 – Környezeti védelmi intézkedések: 1) A szervezetnek meg kell határoznia a biztonságos szinteket (tartományokat) a környezeti feltételeket illetően . 2) A szervezetnek be kell állítania a környezeti szabályozó rendszereket, hogy fenntartsa ezeket a biztonságos szinteket. 3) A szervezetnek rendszeresen felül kell vizsgálnia a környezeti szabályozási szinteket és a riasztási rendszert, hogy biztosítsa azok hatékonyságát és naprakészségét. Az alkalmazhatóságot és a végrehajtást érintett EIR-enként rögzítse; az eltérésekhez nevezzen meg felelőst, céldátumot és kompenzáló kontrollt.","12.37 – Környezeti védelmi intézkedések végrehajtási csomag: jóváhagyott EIR-scope, 5 pontos státuszchecklist, kontrollbeállítás vagy eljárás, kivételjegyzék és próbaeredmény.","jóváhagyott környezeti követelmény, mérési vagy szenzorrekord, riasztási próba és felülvizsgálati jegyzőkönyv, kontrollgazdai és G1 reviewer sign-off. Továbbá: 5 pontos végrehajtási checklist; scope- és kontrollgazda-jóváhagyás; teszt- vagy működési mintarekord; kivétellista; védett URI, SHA-256 és reviewer-döntés.",P1,M2_31_90D,NEW,Pásztor András,Lángi Zoltán,management_schedule,,,B0,NOW_B0,,partial,remediation_planner,G1_DOMAIN_REVIEW;G2_SECURITY_LEGAL;G3_PRODUCTION_CHANGE,A-004;A-005,no,"Lefedettségpótló AI-javaslat – részletesítve 2026-08-19. Javasolt kontrollgazda: Német Péter – fizikai védelmi kontrollgazda. Közreműködők: Lángi Zoltán – IBF review; Kollár Csaba szükség szerint. Javasolt G1 review: 2026-09-11; javasolt teljesítés: 2027-04-30. A dátumok, szerepek, EIR-hatókör és technikai lépések nem jóváhagyottak; a kanonikus target_date ezért üres marad. Részletes rekord: data/action_execution_details.csv. Az SRC-009 megvalósítási útmutatója javaslati forrás; G1 review előtt nem kötelező vagy igazolt megoldás."
A-103,16,16.16,Szervezet,Rendszer- és szolgáltatásbeszerzés,SRC-008,audit_gap,100,machine_unvalidated,"A(z) 16.16 Biztonságtervezési elvek követelménycsoportnál 1, közvetlen intézkedéshez eddig nem rendelt auditeltérés található; a legmagasabb értékelés kiemelt. Findingok: F-0070.","16.16 – Biztonságtervezési elvek: 1) A szervezetnek meg kell határoznia a biztonságtervezési elveit, amelyeket az EIR fejlesztési életciklusa során alkalmazni fog. 2) A szervezetnek alkalmaznia kell ezeket a biztonságtervezési elveket új EIR fejlesztésénél, vagy amikor az EIR frissítésre kerül. 3) A szervezetnek naplót kell vezetnie az EIR módosításairól és frissítéseiről, hogy nyomon követhető legyen a biztonságtervezési elvek alkalmazása. Az alkalmazhatóságot és a végrehajtást érintett EIR-enként rögzítse; az eltérésekhez nevezzen meg felelőst, céldátumot és kompenzáló kontrollt.","16.16 – Biztonságtervezési elvek végrehajtási csomag: jóváhagyott EIR-scope, 7 pontos státuszchecklist, kontrollbeállítás vagy eljárás, kivételjegyzék és próbaeredmény.","jóváhagyott követelmény- és értékelési checklist, szerződéses vagy tervi kontroll, eltérés- és döntési napló, kontrollgazdai és G1 reviewer sign-off. Továbbá: 7 pontos végrehajtási checklist; scope- és kontrollgazda-jóváhagyás; teszt- vagy működési mintarekord; kivétellista; védett URI, SHA-256 és reviewer-döntés.",P0,M1_0_30D,NEW,Pásztor András,Lángi Zoltán,management_schedule,,,B0,NOW_B0,,partial,remediation_planner,G1_DOMAIN_REVIEW;G2_SECURITY_LEGAL,A-004;A-005,no,"Lefedettségpótló AI-javaslat – részletesítve 2026-08-19. Javasolt kontrollgazda: TBD – belső beszerzési/szerződésgazda. Közreműködők: Dr. Berta Brigitta – jogi review; Lángi Zoltán – IBF review; Kollár Csaba szükség szerint. Javasolt G1 review: 2026-09-11; javasolt teljesítés: 2027-01-31. A dátumok, szerepek, EIR-hatókör és technikai lépések nem jóváhagyottak; a kanonikus target_date ezért üres marad. Részletes rekord: data/action_execution_details.csv. Az SRC-009 megvalósítási útmutatója javaslati forrás; G1 review előtt nem kötelező vagy igazolt megoldás."
A-104,16,16.49,Szervezet,Rendszer- és szolgáltatásbeszerzés,SRC-008,audit_gap,100–101,machine_unvalidated,"A(z) 16.49 Külső elektronikus információs rendszerek szolgáltatásai követelménycsoportnál 1, közvetlen intézkedéshez eddig nem rendelt auditeltérés található; a legmagasabb értékelés kiemelt. Findingok: F-0071.","16.49 – Külső elektronikus információs rendszerek szolgáltatásai: 1) Az érintett szervezetnek szerződéses kötelezettségként meg kell követelnie, hogy az általa igénybe vett EIR-ek szolgáltatásai megfeleljenek az érintett szervezet elektronikus információbiztonsági követelményeinek. 2) Az érintett szervezetnek meg kell határoznia és dokumentálnia kell a szervezeti felügyelet és az érintett szervezet felhasználóinak feladatait és kötelezettségeit a külső EIR-ek szolgáltatásával kapcsolatban. 3) Az érintett szervezetnek biztosítania kell, hogy a külső EIR szolgáltatóval való kapcsolatát szabályozó szerződés tartalmazza a biztonsági események kezelésére vonatkozó eljárásokat, beleértve a biztonsági események jelentését, a válaszidőt és a helyreállítási terveket. Az alkalmazhatóságot és a végrehajtást érintett EIR-enként rögzítse; az eltérésekhez nevezzen meg felelőst, céldátumot és kompenzáló kontrollt.","16.49 – Külső elektronikus információs rendszerek szolgáltatásai végrehajtási csomag: jóváhagyott EIR-scope, 5 pontos státuszchecklist, kontrollbeállítás vagy eljárás, kivételjegyzék és próbaeredmény.","jóváhagyott követelmény- és értékelési checklist, szerződéses vagy tervi kontroll, eltérés- és döntési napló, kontrollgazdai és G1 reviewer sign-off. Továbbá: 5 pontos végrehajtási checklist; scope- és kontrollgazda-jóváhagyás; teszt- vagy működési mintarekord; kivétellista; védett URI, SHA-256 és reviewer-döntés.",P0,M1_0_30D,NEW,Pásztor András,Lángi Zoltán,management_schedule,,,B0,NOW_B0,,partial,remediation_planner,G1_DOMAIN_REVIEW;G2_SECURITY_LEGAL,A-004;A-005,no,"Lefedettségpótló AI-javaslat – részletesítve 2026-08-19. Javasolt kontrollgazda: TBD – belső beszerzési/szerződésgazda. Közreműködők: Dr. Berta Brigitta – jogi review; Lángi Zoltán – IBF review; Kollár Csaba szükség szerint. Javasolt G1 review: 2026-09-11; javasolt teljesítés: 2027-01-31. A dátumok, szerepek, EIR-hatókör és technikai lépések nem jóváhagyottak; a kanonikus target_date ezért üres marad. Részletes rekord: data/action_execution_details.csv. Az SRC-009 megvalósítási útmutatója javaslati forrás; G1 review előtt nem kötelező vagy igazolt megoldás."
A-105,17,17.1,Vezetéstámogató;Irodai;Termelés,Rendszer- és kommunikációvédelem,SRC-008,audit_gap,185–188;275–277;364–367,machine_unvalidated,"A(z) 17.1 Szabályzat és eljárásrendek követelménycsoportnál 3, közvetlen intézkedéshez eddig nem rendelt auditeltérés található; a legmagasabb értékelés elhanyagolható. Findingok: F-0149;F-0231;F-0313.","17.1 – Szabályzat és eljárásrendek: 1) A szervezetnek gondoskodnia kell a rendszer- és kommunikációvédelmi szabályzat és eljárásrendek kidolgozásával, dokumentálásával, jóváhagyásával, kiadásával és megismertetésével kapcsolatos feladatok ellátásáról. 2) A szervezetnek meg kell bizonyosodnia arról, hogy a rendszer- és kommunikációvédelmi szabályzatban foglaltak megfelelnek a szervezetre vonatkozó hatályos jogszabályoknak, irányelveknek, szabályozásoknak, szabványoknak és ajánlásoknak. 3) A szervezetnek felül kell vizsgálnia és szükség esetén frissítenie kell az aktuális rendszer- és kommunikációvédelmi szabályzatot/szabályokat, illetve a kapcsolódó eljárásrendeket a szervezet által meghatározott gyakorisággal, valamint a szervezet által meghatározott események bekövetkezését követően. Az alkalmazhatóságot és a végrehajtást érintett EIR-enként rögzítse; az eltérésekhez nevezzen meg felelőst, céldátumot és kompenzáló kontrollt.","17.1 – Szabályzat és eljárásrendek végrehajtási csomag: jóváhagyott EIR-scope, 6 pontos státuszchecklist, kontrollbeállítás vagy eljárás, kivételjegyzék és próbaeredmény.","jóváhagyott műszaki baseline, read-only konfigurációexport, kulcs- vagy névfeloldási nyilvántartás, teszt és kivételnapló, kontrollgazdai és G1 reviewer sign-off. Továbbá: 6 pontos végrehajtási checklist; scope- és kontrollgazda-jóváhagyás; teszt- vagy működési mintarekord; kivétellista; védett URI, SHA-256 és reviewer-döntés.",P2,M3_3_6M,NEW,Pásztor András,Lángi Zoltán,management_schedule,,,B0,NOW_B0,,partial,remediation_planner,G1_DOMAIN_REVIEW;G2_SECURITY_LEGAL;G3_PRODUCTION_CHANGE,A-004;A-005,no,"Lefedettségpótló AI-javaslat – részletesítve 2026-08-19. Javasolt kontrollgazda: TBD – belső metALCOM infrastruktúra-kontrollgazda. Közreműködők: Kollár Csaba – technikai végrehajtó; Lángi Zoltán – IBF review. Javasolt G1 review: 2026-09-11; javasolt teljesítés: 2027-06-30. A dátumok, szerepek, EIR-hatókör és technikai lépések nem jóváhagyottak; a kanonikus target_date ezért üres marad. Részletes rekord: data/action_execution_details.csv. Az SRC-009 megvalósítási útmutatója javaslati forrás; G1 review előtt nem kötelező vagy igazolt megoldás."
A-106,17,17.12,Vezetéstámogató;Irodai;Termelés,Rendszer- és kommunikációvédelem,SRC-008,audit_gap,188–189;277–278;367–368,machine_unvalidated,"A(z) 17.12 Szolgáltatás- megtagadással járó támadások elleni védelem követelménycsoportnál 3, közvetlen intézkedéshez eddig nem rendelt auditeltérés található; a legmagasabb értékelés kis mértékű. Findingok: F-0150;F-0232;F-0314.","17.12 – Szolgáltatásmegtagadással járó támadások elleni védelem: 1) A szervezetnek azonosítania kell a lehetséges belső és külső okokat, amelyek szolgáltatásmegtagadással járó eseményeket okozhatnak. 2) A szervzezetnek elemzést kell végeznie a hálózati protokollok széles skáláján, hogy felderítse, melyik lehet a leginkább kitett a szolgáltatásmegtagadással járó támadásokkal szemben. 3) A szervezetnek naplóznia kell a szolgáltatásmegtagadással járó támadásokat és a hozzájuk kapcsolódó védelmi intézkedéseket annak érdekében, hogy folyamatosan értékelje és javítsa a védelmi stratégiákat. Az alkalmazhatóságot és a végrehajtást érintett EIR-enként rögzítse; az eltérésekhez nevezzen meg felelőst, céldátumot és kompenzáló kontrollt.","17.12 – Szolgáltatásmegtagadással járó támadások elleni védelem végrehajtási csomag: jóváhagyott EIR-scope, 5 pontos státuszchecklist, kontrollbeállítás vagy eljárás, kivételjegyzék és próbaeredmény.","jóváhagyott műszaki baseline, read-only konfigurációexport, kulcs- vagy névfeloldási nyilvántartás, teszt és kivételnapló, kontrollgazdai és G1 reviewer sign-off. Továbbá: 5 pontos végrehajtási checklist; scope- és kontrollgazda-jóváhagyás; teszt- vagy működési mintarekord; kivétellista; védett URI, SHA-256 és reviewer-döntés.",P1,M2_31_90D,NEW,Pásztor András,Lángi Zoltán,management_schedule,,,B0,NOW_B0,,partial,remediation_planner,G1_DOMAIN_REVIEW;G2_SECURITY_LEGAL;G3_PRODUCTION_CHANGE,A-004;A-005,no,"Lefedettségpótló AI-javaslat – részletesítve 2026-08-19. Javasolt kontrollgazda: TBD – belső metALCOM infrastruktúra-kontrollgazda. Közreműködők: Kollár Csaba – technikai végrehajtó; Lángi Zoltán – IBF review. Javasolt G1 review: 2026-09-11; javasolt teljesítés: 2027-04-30. A dátumok, szerepek, EIR-hatókör és technikai lépések nem jóváhagyottak; a kanonikus target_date ezért üres marad. Részletes rekord: data/action_execution_details.csv. Az SRC-009 megvalósítási útmutatója javaslati forrás; G1 review előtt nem kötelező vagy igazolt megoldás."
A-107,17,17.49,Vezetéstámogató;Irodai;Termelés,Rendszer- és kommunikációvédelem,SRC-008,audit_gap,189–190;279;368–369,machine_unvalidated,"A(z) 17.49 Kriptográfiai kulcs előállítása és kezelése követelménycsoportnál 3, közvetlen intézkedéshez eddig nem rendelt auditeltérés található; a legmagasabb értékelés kiemelt. Findingok: F-0152;F-0234;F-0316.","17.49 – Kriptográfiai kulcs előállítása és kezelése: 1) A szervezet először határozza meg a kriptográfiai kulcskezelési követelményeket, amelyek összhangban vannak az alkalmazandó törvényekkel, végrehajtási rendeletekkel, irányelvekkel, szabályozásokkal, szabályokkal, szabványokkal és útmutatókkal. 2) Az érintett szervezetnek döntenie kell a megfelelő opciókról, paraméterekről és szintekről, amelyeket a kriptográfiai kulcskezelés során alkalmaznak. 3) A szervezetnek dokumentálnia kell a kriptográfiai kulcskezelési és generálási folyamatokat, hogy nyomon követhető legyen a kulcsok életciklusa. Az alkalmazhatóságot és a végrehajtást érintett EIR-enként rögzítse; az eltérésekhez nevezzen meg felelőst, céldátumot és kompenzáló kontrollt.","17.49 – Kriptográfiai kulcs előállítása és kezelése végrehajtási csomag: jóváhagyott EIR-scope, 5 pontos státuszchecklist, kontrollbeállítás vagy eljárás, kivételjegyzék és próbaeredmény.","jóváhagyott műszaki baseline, read-only konfigurációexport, kulcs- vagy névfeloldási nyilvántartás, teszt és kivételnapló, kontrollgazdai és G1 reviewer sign-off. Továbbá: 5 pontos végrehajtási checklist; scope- és kontrollgazda-jóváhagyás; teszt- vagy működési mintarekord; kivétellista; védett URI, SHA-256 és reviewer-döntés.",P0,M1_0_30D,NEW,Pásztor András,Lángi Zoltán,management_schedule,,,B0,NOW_B0,,partial,remediation_planner,G1_DOMAIN_REVIEW;G2_SECURITY_LEGAL;G3_PRODUCTION_CHANGE,A-004;A-005,no,"Lefedettségpótló AI-javaslat – részletesítve 2026-08-19. Javasolt kontrollgazda: TBD – belső metALCOM infrastruktúra-kontrollgazda. Közreműködők: Kollár Csaba – technikai végrehajtó; Lángi Zoltán – IBF review. Javasolt G1 review: 2026-09-11; javasolt teljesítés: 2027-01-31. A dátumok, szerepek, EIR-hatókör és technikai lépések nem jóváhagyottak; a kanonikus target_date ezért üres marad. Részletes rekord: data/action_execution_details.csv. Az SRC-009 megvalósítási útmutatója javaslati forrás; G1 review előtt nem kötelező vagy igazolt megoldás."
A-108,17,17.53,Vezetéstámogató;Irodai;Termelés,Rendszer- és kommunikációvédelem,SRC-008,audit_gap,190;279–280;369,machine_unvalidated,"A(z) 17.53 Kriptográfiai védelem követelménycsoportnál 3, közvetlen intézkedéshez eddig nem rendelt auditeltérés található; a legmagasabb értékelés kis mértékű. Findingok: F-0153;F-0235;F-0317.","17.53 – Kriptográfiai védelem: 1) Az érintett szervezetnek először meg kell határoznia a kriptográfia felhasználási területeit az EIR-en belül. 2) A szervezetnek meg kell valósítania a kriptográfiai megoldásokat az egyes kriptográfiai felhasználási területeken. 3) A szervezetnek dokumentálnia kell a kriptográfiai megoldások implementációját és használatát, hogy biztosítsa a folyamatok átláthatóságát és a kriptográfiai követelményeknek való megfelelőséget. Az alkalmazhatóságot és a végrehajtást érintett EIR-enként rögzítse; az eltérésekhez nevezzen meg felelőst, céldátumot és kompenzáló kontrollt.","17.53 – Kriptográfiai védelem végrehajtási csomag: jóváhagyott EIR-scope, 4 pontos státuszchecklist, kontrollbeállítás vagy eljárás, kivételjegyzék és próbaeredmény.","jóváhagyott műszaki baseline, read-only konfigurációexport, kulcs- vagy névfeloldási nyilvántartás, teszt és kivételnapló, kontrollgazdai és G1 reviewer sign-off. Továbbá: 4 pontos végrehajtási checklist; scope- és kontrollgazda-jóváhagyás; teszt- vagy működési mintarekord; kivétellista; védett URI, SHA-256 és reviewer-döntés.",P1,M2_31_90D,NEW,Pásztor András,Lángi Zoltán,management_schedule,,,B0,NOW_B0,,partial,remediation_planner,G1_DOMAIN_REVIEW;G2_SECURITY_LEGAL;G3_PRODUCTION_CHANGE,A-004;A-005,no,"Lefedettségpótló AI-javaslat – részletesítve 2026-08-19. Javasolt kontrollgazda: TBD – belső metALCOM infrastruktúra-kontrollgazda. Közreműködők: Kollár Csaba – technikai végrehajtó; Lángi Zoltán – IBF review. Javasolt G1 review: 2026-09-11; javasolt teljesítés: 2027-04-30. A dátumok, szerepek, EIR-hatókör és technikai lépések nem jóváhagyottak; a kanonikus target_date ezért üres marad. Részletes rekord: data/action_execution_details.csv. Az SRC-009 megvalósítási útmutatója javaslati forrás; G1 review előtt nem kötelező vagy igazolt megoldás."
A-109,17,17.54,Vezetéstámogató;Irodai;Termelés,Rendszer- és kommunikációvédelem,SRC-008,audit_gap,190–191;280–281;369–370,machine_unvalidated,"A(z) 17.54 Együttműködésen alapuló informatikai eszközök követelménycsoportnál 3, közvetlen intézkedéshez eddig nem rendelt auditeltérés található; a legmagasabb értékelés kiemelt. Findingok: F-0154;F-0236;F-0318.","17.54 – Együttműködésen alapuló informatikai eszközök: 1) A szervezetnek meg kell határoznia azokat az eszközöket és alkalmazásokat, amelyek az együttműködésen alapuló számítástechnikai eszközök kategóriájába tartoznak. 2) A szervezetnek be kell állítania az EIR-t úgy, hogy tiltsa ezeknek az eszközöknek és alkalmazásoknak a távoli aktiválását, kivéve azokat az eseteket, amelyeket a szervezet kifejezetten meghatározott. 3) A szervezetnek naplóznia kell az eszközök és alkalmazások aktiválását, hogy nyomon követhető legyen, mikor és milyen körülmények között történtek a távoli aktiválások. Az alkalmazhatóságot és a végrehajtást érintett EIR-enként rögzítse; az eltérésekhez nevezzen meg felelőst, céldátumot és kompenzáló kontrollt.","17.54 – Együttműködésen alapuló informatikai eszközök végrehajtási csomag: jóváhagyott EIR-scope, 4 pontos státuszchecklist, kontrollbeállítás vagy eljárás, kivételjegyzék és próbaeredmény.","jóváhagyott műszaki baseline, read-only konfigurációexport, kulcs- vagy névfeloldási nyilvántartás, teszt és kivételnapló, kontrollgazdai és G1 reviewer sign-off. Továbbá: 4 pontos végrehajtási checklist; scope- és kontrollgazda-jóváhagyás; teszt- vagy működési mintarekord; kivétellista; védett URI, SHA-256 és reviewer-döntés.",P0,M1_0_30D,NEW,Pásztor András,Lángi Zoltán,management_schedule,,,B0,NOW_B0,,partial,remediation_planner,G1_DOMAIN_REVIEW;G2_SECURITY_LEGAL;G3_PRODUCTION_CHANGE,A-004;A-005,no,"Lefedettségpótló AI-javaslat – részletesítve 2026-08-19. Javasolt kontrollgazda: TBD – belső metALCOM infrastruktúra-kontrollgazda. Közreműködők: Kollár Csaba – technikai végrehajtó; Lángi Zoltán – IBF review. Javasolt G1 review: 2026-09-11; javasolt teljesítés: 2027-01-31. A dátumok, szerepek, EIR-hatókör és technikai lépések nem jóváhagyottak; a kanonikus target_date ezért üres marad. Részletes rekord: data/action_execution_details.csv. Az SRC-009 megvalósítási útmutatója javaslati forrás; G1 review előtt nem kötelező vagy igazolt megoldás."
A-110,17,17.69,Vezetéstámogató;Irodai;Termelés,Rendszer- és kommunikációvédelem,SRC-008,audit_gap,191–192;281;370–371,machine_unvalidated,"A(z) 17.69 Biztonságos név/cím feloldási szolgáltatás (hiteles forrás) követelménycsoportnál 3, közvetlen intézkedéshez eddig nem rendelt auditeltérés található; a legmagasabb értékelés kiemelt. Findingok: F-0155;F-0237;F-0319.","17.69 – Biztonságos név/cím feloldási szolgáltatás (hiteles forrás): 1) Az EIR-nek biztosítania kell a név- és címfeloldási kérésekhez hiteles névfeloldási adatokat, valamint az információ eredetére és a tartalom sértetlenségére vonatkozó kiegészítő adatokat. 2) Az EIR-nek, amennyiben egy elosztott, hierarchikus névtér részeként működik, vissza kell jeleznie a gyermektartományok biztonsági állapotával kapcsolatosan. 3) Az EIR-nek hiteles adatokat kell biztosítania, beleértve a DNS erőforrás rekordokat. Az alkalmazhatóságot és a végrehajtást érintett EIR-enként rögzítse; az eltérésekhez nevezzen meg felelőst, céldátumot és kompenzáló kontrollt.","17.69 – Biztonságos név/cím feloldási szolgáltatás (hiteles forrás) végrehajtási csomag: jóváhagyott EIR-scope, 6 pontos státuszchecklist, kontrollbeállítás vagy eljárás, kivételjegyzék és próbaeredmény.","jóváhagyott műszaki baseline, read-only konfigurációexport, kulcs- vagy névfeloldási nyilvántartás, teszt és kivételnapló, kontrollgazdai és G1 reviewer sign-off. Továbbá: 6 pontos végrehajtási checklist; scope- és kontrollgazda-jóváhagyás; teszt- vagy működési mintarekord; kivétellista; védett URI, SHA-256 és reviewer-döntés.",P0,M1_0_30D,NEW,Pásztor András,Lángi Zoltán,management_schedule,,,B0,NOW_B0,,partial,remediation_planner,G1_DOMAIN_REVIEW;G2_SECURITY_LEGAL;G3_PRODUCTION_CHANGE,A-004;A-005,no,"Lefedettségpótló AI-javaslat – részletesítve 2026-08-19. Javasolt kontrollgazda: TBD – belső metALCOM infrastruktúra-kontrollgazda. Közreműködők: Kollár Csaba – technikai végrehajtó; Lángi Zoltán – IBF review. Javasolt G1 review: 2026-09-11; javasolt teljesítés: 2027-01-31. A dátumok, szerepek, EIR-hatókör és technikai lépések nem jóváhagyottak; a kanonikus target_date ezért üres marad. Részletes rekord: data/action_execution_details.csv. Az SRC-009 megvalósítási útmutatója javaslati forrás; G1 review előtt nem kötelező vagy igazolt megoldás."
A-111,17,17.71,Vezetéstámogató;Irodai;Termelés,Rendszer- és kommunikációvédelem,SRC-008,audit_gap,192;281–282;371,machine_unvalidated,"A(z) 17.71 Biztonságos név/cím feloldó szolgáltatás (rekurzív vagy gyorsítótárat követelménycsoportnál 3, közvetlen intézkedéshez eddig nem rendelt auditeltérés található; a legmagasabb értékelés kiemelt. Findingok: F-0156;F-0238;F-0320.","17.71 – Biztonságos név/cím feloldó szolgáltatás (rekurzív vagy gyorsítótárat használó feloldás): 1) A szervezetnek biztosítania kell, hogy minden név- és címfeloldó szolgáltatásokat igénybe vevő kliens önállóan végezze el ezt a hitelesítést, vagy hitelesített csatornákon keresztül kapcsolódjon a megbízható hitelesítési szolgáltatókhoz. 2) A szervezetnek meg kell határoznia, hogy a DNS kliens feloldóknak vagy el kell végezniük a DNSSEC aláírások hitelesítését, vagy a klienseknek hitelesített csatornákon keresztül kell csatlakozniuk a rekurzív feloldókhoz, amelyek ilyen hitelesítéseket végeznek. 3) A szervezetnek naplóznia kell a hitelesítési folyamatokat és az adatok sértetlenségét, hogy nyomon követhesse és ellenőrizhesse azokat. Az alkalmazhatóságot és a végrehajtást érintett EIR-enként rögzítse; az eltérésekhez nevezzen meg felelőst, céldátumot és kompenzáló kontrollt.","17.71 – Biztonságos név/cím feloldó szolgáltatás (rekurzív vagy gyorsítótárat használó feloldás) végrehajtási csomag: jóváhagyott EIR-scope, 4 pontos státuszchecklist, kontrollbeállítás vagy eljárás, kivételjegyzék és próbaeredmény.","jóváhagyott műszaki baseline, read-only konfigurációexport, kulcs- vagy névfeloldási nyilvántartás, teszt és kivételnapló, kontrollgazdai és G1 reviewer sign-off. Továbbá: 4 pontos végrehajtási checklist; scope- és kontrollgazda-jóváhagyás; teszt- vagy működési mintarekord; kivétellista; védett URI, SHA-256 és reviewer-döntés.",P0,M1_0_30D,NEW,Pásztor András,Lángi Zoltán,management_schedule,,,B0,NOW_B0,,partial,remediation_planner,G1_DOMAIN_REVIEW;G2_SECURITY_LEGAL;G3_PRODUCTION_CHANGE,A-004;A-005,no,"Lefedettségpótló AI-javaslat – részletesítve 2026-08-19. Javasolt kontrollgazda: TBD – belső metALCOM infrastruktúra-kontrollgazda. Közreműködők: Kollár Csaba – technikai végrehajtó; Lángi Zoltán – IBF review. Javasolt G1 review: 2026-09-11; javasolt teljesítés: 2027-01-31. A dátumok, szerepek, EIR-hatókör és technikai lépések nem jóváhagyottak; a kanonikus target_date ezért üres marad. Részletes rekord: data/action_execution_details.csv. Az SRC-009 megvalósítási útmutatója javaslati forrás; G1 review előtt nem kötelező vagy igazolt megoldás."
A-112,17,17.72,Vezetéstámogató;Irodai;Termelés,Rendszer- és kommunikációvédelem,SRC-008,audit_gap,192–193;282;371–372,machine_unvalidated,"A(z) 17.72 Architektúra és tartalékok név/cím feloldási szolgáltatás esetén követelménycsoportnál 3, közvetlen intézkedéshez eddig nem rendelt auditeltérés található; a legmagasabb értékelés kiemelt. Findingok: F-0157;F-0239;F-0321.","17.72 – Architektúra és tartalékok név/cím feloldási szolgáltatás esetén: 1) A szervezetnek biztosítania kell, hogy az EIR-ek, amelyek név- és címfeloldási szolgáltatást biztosítanak, hibatűrő képességgel rendelkeznek. 2) A szervezetnek biztosítania kell, hogy a belső és külső szerepkörök szétválasztása érdekében a kiszolgálók, amelyek belső szerepkörrel rendelkeznek, csak a szervezeten belüli név- és címfeloldási kéréseket dolgozzák fel, míg azon kiszolgálók, amelyek külső szerepkörrel rendelkeznek, csak a szervezeten kívüli kliensektől érkező… 3) A szervezetnek meg kell határoznia azokat a klienseket, amelyek bizonyos szerepekkörökben elérhetnek a hiteles DNS szerverekhez (például címtartományok és explicit listák alapján). Az alkalmazhatóságot és a végrehajtást érintett EIR-enként rögzítse; az eltérésekhez nevezzen meg felelőst, céldátumot és kompenzáló kontrollt.","17.72 – Architektúra és tartalékok név/cím feloldási szolgáltatás esetén végrehajtási csomag: jóváhagyott EIR-scope, 3 pontos státuszchecklist, kontrollbeállítás vagy eljárás, kivételjegyzék és próbaeredmény.","jóváhagyott műszaki baseline, read-only konfigurációexport, kulcs- vagy névfeloldási nyilvántartás, teszt és kivételnapló, kontrollgazdai és G1 reviewer sign-off. Továbbá: 3 pontos végrehajtási checklist; scope- és kontrollgazda-jóváhagyás; teszt- vagy működési mintarekord; kivétellista; védett URI, SHA-256 és reviewer-döntés.",P0,M1_0_30D,NEW,Pásztor András,Lángi Zoltán,management_schedule,,,B0,NOW_B0,,partial,remediation_planner,G1_DOMAIN_REVIEW;G2_SECURITY_LEGAL;G3_PRODUCTION_CHANGE,A-004;A-005,no,"Lefedettségpótló AI-javaslat – részletesítve 2026-08-19. Javasolt kontrollgazda: TBD – belső metALCOM infrastruktúra-kontrollgazda. Közreműködők: Kollár Csaba – technikai végrehajtó; Lángi Zoltán – IBF review. Javasolt G1 review: 2026-09-11; javasolt teljesítés: 2027-01-31. A dátumok, szerepek, EIR-hatókör és technikai lépések nem jóváhagyottak; a kanonikus target_date ezért üres marad. Részletes rekord: data/action_execution_details.csv. Az SRC-009 megvalósítási útmutatója javaslati forrás; G1 review előtt nem kötelező vagy igazolt megoldás."
A-113,17,17.108,Vezetéstámogató;Irodai;Termelés,Rendszer- és kommunikációvédelem,SRC-008,audit_gap,193;282–283;372,machine_unvalidated,"A(z) 17.108 A folyamatok elkülönítése követelménycsoportnál 3, közvetlen intézkedéshez eddig nem rendelt auditeltérés található; a legmagasabb értékelés kiemelt. Findingok: F-0158;F-0240;F-0322.","17.108 – A folyamatok elkülönítése: 1) A szervezetnek biztosítania kell, hogy az EIR-ek megfelelő folyamatai számára elkülönített végrehajtási tartományt tartson fenn. 2) A szervezetnek gondoskodnia kell arról, hogy az EIR-ek folyamatai közötti kommunikáció a biztonsági funkciók által szabályozott módon történjen, és egy folyamat ne tudja módosítani egy másik folyamat végrehajtó kódját. 3) A szervezetnek dokumentálnia kell az általa meghatározott valamennyi végrehajtási tartományt és az azokhoz tartozó végrehajtó folyamatot, melyet rendszeres időnként felül kell vizsgálnia. Az alkalmazhatóságot és a végrehajtást érintett EIR-enként rögzítse; az eltérésekhez nevezzen meg felelőst, céldátumot és kompenzáló kontrollt.","17.108 – A folyamatok elkülönítése végrehajtási csomag: jóváhagyott EIR-scope, 6 pontos státuszchecklist, kontrollbeállítás vagy eljárás, kivételjegyzék és próbaeredmény.","jóváhagyott műszaki baseline, read-only konfigurációexport, kulcs- vagy névfeloldási nyilvántartás, teszt és kivételnapló, kontrollgazdai és G1 reviewer sign-off. Továbbá: 6 pontos végrehajtási checklist; scope- és kontrollgazda-jóváhagyás; teszt- vagy működési mintarekord; kivétellista; védett URI, SHA-256 és reviewer-döntés.",P0,M1_0_30D,NEW,Pásztor András,Lángi Zoltán,management_schedule,,,B0,NOW_B0,,partial,remediation_planner,G1_DOMAIN_REVIEW;G2_SECURITY_LEGAL;G3_PRODUCTION_CHANGE,A-004;A-005,no,"Lefedettségpótló AI-javaslat – részletesítve 2026-08-19. Javasolt kontrollgazda: TBD – belső metALCOM infrastruktúra-kontrollgazda. Közreműködők: Kollár Csaba – technikai végrehajtó; Lángi Zoltán – IBF review. Javasolt G1 review: 2026-09-11; javasolt teljesítés: 2027-01-31. A dátumok, szerepek, EIR-hatókör és technikai lépések nem jóváhagyottak; a kanonikus target_date ezért üres marad. Részletes rekord: data/action_execution_details.csv. Az SRC-009 megvalósítási útmutatója javaslati forrás; G1 review előtt nem kötelező vagy igazolt megoldás."
A-114,18,18.1,Vezetéstámogató;Irodai;Termelés,Rendszer- és információsértetlenség,SRC-008,audit_gap,193–196;283–285;372–375,machine_unvalidated,"A(z) 18.1 Szabályzat és eljárásrendek követelménycsoportnál 3, közvetlen intézkedéshez eddig nem rendelt auditeltérés található; a legmagasabb értékelés kis mértékű. Findingok: F-0159;F-0241;F-0323.","18.1 – Szabályzat és eljárásrendek: 1) Az érintett szervezet dolgozzon ki, dokumentáljon, adja ki és ismertesse meg a szervezet által meghatározott személyekkel szerepkörük szerint az rendszer- és kommunikációvédelmi szabályzatot, amely tartalmazza a szervezeti-, folyamat- és EIR-szintű követelményeket. 2) A szabályzatnak összhangban kell lennie az érintett szervezetre vonatkozó, hatályos jogszabályokkal, irányelvekkel, szabályozásokkal, szabványokkal és ajánlásokkal. 3) Az érintett szervezet jelöljön ki egy meghatározott személyt, aki felelős a rendszer- és kommunikációvédelmi szabályzat és eljárások kidolgozásának, dokumentálásának, kiadásának és megismertetésének irányításáért. Az alkalmazhatóságot és a végrehajtást érintett EIR-enként rögzítse; az eltérésekhez nevezzen meg felelőst, céldátumot és kompenzáló kontrollt.","18.1 – Szabályzat és eljárásrendek végrehajtási csomag: jóváhagyott EIR-scope, 4 pontos státuszchecklist, kontrollbeállítás vagy eljárás, kivételjegyzék és próbaeredmény.","jóváhagyott védelmi és megőrzési szabály, read-only állapotexport, riasztási vagy észlelési teszt és review-napló, kontrollgazdai és G1 reviewer sign-off. Továbbá: 4 pontos végrehajtási checklist; scope- és kontrollgazda-jóváhagyás; teszt- vagy működési mintarekord; kivétellista; védett URI, SHA-256 és reviewer-döntés.",P1,M2_31_90D,NEW,Pásztor András,Lángi Zoltán,management_schedule,,,B0,NOW_B0,,partial,remediation_planner,G1_DOMAIN_REVIEW;G2_SECURITY_LEGAL;G3_PRODUCTION_CHANGE,A-004;A-005,no,"Lefedettségpótló AI-javaslat – részletesítve 2026-08-19. Javasolt kontrollgazda: TBD – belső metALCOM rendszerintegritási kontrollgazda. Közreműködők: Kollár Csaba – technikai végrehajtó; Lángi Zoltán – IBF review. Javasolt G1 review: 2026-09-11; javasolt teljesítés: 2027-04-30. A dátumok, szerepek, EIR-hatókör és technikai lépések nem jóváhagyottak; a kanonikus target_date ezért üres marad. Részletes rekord: data/action_execution_details.csv. Az SRC-009 megvalósítási útmutatója javaslati forrás; G1 review előtt nem kötelező vagy igazolt megoldás."
A-115,18,18.8,Vezetéstámogató;Irodai;Termelés,Rendszer- és információsértetlenség,SRC-008,audit_gap,197–199;286–288;376–378,machine_unvalidated,"A(z) 18.8 Kártékony kódok elleni védelem követelménycsoportnál 3, közvetlen intézkedéshez eddig nem rendelt auditeltérés található; a legmagasabb értékelés elhanyagolható. Findingok: F-0161;F-0243;F-0325.","18.8 – Kártékony kódok elleni védelem: 1) Kártékony kódok elleni védelmi mechanizmusokat szükséges alkalmazni a rendszerek belépési és kilépési pontjain. 2) Automatikusan frissíteni szükséges a védelmi mechanizmusokat minden olyan esetben, amikor új verziók jelennek meg, összhangban a szervezet konfigurációkezelési szabályaival. 3) Biztosítani szükséges további védelmi intézkedéseket, mint például biztonságos kódolási gyakorlatok, konfigurációkezelés és -ellenőrzés, megbízható beszerzési folyamatok és naplózás, hogy biztosítsa, hogy az EIR nem hajt végre más funkciókat, mint amelyeket szándékozott. Az alkalmazhatóságot és a végrehajtást érintett EIR-enként rögzítse; az eltérésekhez nevezzen meg felelőst, céldátumot és kompenzáló kontrollt.","18.8 – Kártékony kódok elleni védelem végrehajtási csomag: jóváhagyott EIR-scope, 6 pontos státuszchecklist, kontrollbeállítás vagy eljárás, kivételjegyzék és próbaeredmény.","jóváhagyott védelmi és megőrzési szabály, read-only állapotexport, riasztási vagy észlelési teszt és review-napló, kontrollgazdai és G1 reviewer sign-off. Továbbá: 6 pontos végrehajtási checklist; scope- és kontrollgazda-jóváhagyás; teszt- vagy működési mintarekord; kivétellista; védett URI, SHA-256 és reviewer-döntés.",P2,M3_3_6M,NEW,Pásztor András,Lángi Zoltán,management_schedule,,,B0,NOW_B0,,partial,remediation_planner,G1_DOMAIN_REVIEW;G2_SECURITY_LEGAL;G3_PRODUCTION_CHANGE,A-004;A-005,no,"Lefedettségpótló AI-javaslat – részletesítve 2026-08-19. Javasolt kontrollgazda: TBD – belső metALCOM rendszerintegritási kontrollgazda. Közreműködők: Kollár Csaba – technikai végrehajtó; Lángi Zoltán – IBF review. Javasolt G1 review: 2026-09-11; javasolt teljesítés: 2027-06-30. A dátumok, szerepek, EIR-hatókör és technikai lépések nem jóváhagyottak; a kanonikus target_date ezért üres marad. Részletes rekord: data/action_execution_details.csv. Az SRC-009 megvalósítási útmutatója javaslati forrás; G1 review előtt nem kötelező vagy igazolt megoldás."
A-116,18,18.13,Vezetéstámogató;Irodai;Termelés,Rendszer- és információsértetlenség,SRC-008,audit_gap,199–200;288–290;378–379,machine_unvalidated,"A(z) 18.13 Az EIR monitorozása követelménycsoportnál 3, közvetlen intézkedéshez eddig nem rendelt auditeltérés található; a legmagasabb értékelés elhanyagolható. Findingok: F-0162;F-0244;F-0326.","18.13 – Az EIR monitorozása: 1) Szükséges az EIR monitorozása, hogy észlelésre kerüljenek a támadások és a potenciális támadásokra utaló jelek, összhangban a meghatározott szervezeti célokkal. 2) Azonosítani szükséges a rendszerek jogosulatlan használatát a meghatározott technikák és módszerek alkalmazásával. 3) A naplózás fontos része az EIR felügyeletének, melynek során figyelemmel kell kísérni a rendszerben történő eseményeket és tevékenységeket. Az alkalmazhatóságot és a végrehajtást érintett EIR-enként rögzítse; az eltérésekhez nevezzen meg felelőst, céldátumot és kompenzáló kontrollt.","18.13 – Az EIR monitorozása végrehajtási csomag: jóváhagyott EIR-scope, 8 pontos státuszchecklist, kontrollbeállítás vagy eljárás, kivételjegyzék és próbaeredmény.","jóváhagyott védelmi és megőrzési szabály, read-only állapotexport, riasztási vagy észlelési teszt és review-napló, kontrollgazdai és G1 reviewer sign-off. Továbbá: 8 pontos végrehajtási checklist; scope- és kontrollgazda-jóváhagyás; teszt- vagy működési mintarekord; kivétellista; védett URI, SHA-256 és reviewer-döntés.",P2,M3_3_6M,NEW,Pásztor András,Lángi Zoltán,management_schedule,,,B0,NOW_B0,,partial,remediation_planner,G1_DOMAIN_REVIEW;G2_SECURITY_LEGAL;G3_PRODUCTION_CHANGE,A-004;A-005,no,"Lefedettségpótló AI-javaslat – részletesítve 2026-08-19. Javasolt kontrollgazda: TBD – belső metALCOM rendszerintegritási kontrollgazda. Közreműködők: Kollár Csaba – technikai végrehajtó; Lángi Zoltán – IBF review. Javasolt G1 review: 2026-09-11; javasolt teljesítés: 2027-06-30. A dátumok, szerepek, EIR-hatókör és technikai lépések nem jóváhagyottak; a kanonikus target_date ezért üres marad. Részletes rekord: data/action_execution_details.csv. Az SRC-009 megvalósítási útmutatója javaslati forrás; G1 review előtt nem kötelező vagy igazolt megoldás."
A-117,18,18.37,Vezetéstámogató;Irodai;Termelés,Rendszer- és információsértetlenség,SRC-008,audit_gap,200–202;290–291;379–381,machine_unvalidated,"A(z) 18.37 Biztonsági riasztások és tájékoztatások követelménycsoportnál 3, közvetlen intézkedéshez eddig nem rendelt auditeltérés található; a legmagasabb értékelés kis mértékű. Findingok: F-0163;F-0245;F-0327.","18.37 – Biztonsági riasztások és tájékoztatások: 1) A szervezetnek biztosítania kell, hogy folyamatosan fogadja a meghatározott külső szervezetektől a biztonsági figyelmeztetéseket, tanácsokat és iránymutatásokat. 2) A szervezetnek alkalmaznia kell a biztonsági iránymutatásokat az azokban foglaltak szerint. Az alkalmazhatóságot és a végrehajtást érintett EIR-enként rögzítse; az eltérésekhez nevezzen meg felelőst, céldátumot és kompenzáló kontrollt.","18.37 – Biztonsági riasztások és tájékoztatások végrehajtási csomag: jóváhagyott EIR-scope, 2 pontos státuszchecklist, kontrollbeállítás vagy eljárás, kivételjegyzék és próbaeredmény.","jóváhagyott védelmi és megőrzési szabály, read-only állapotexport, riasztási vagy észlelési teszt és review-napló, kontrollgazdai és G1 reviewer sign-off. Továbbá: 2 pontos végrehajtási checklist; scope- és kontrollgazda-jóváhagyás; teszt- vagy működési mintarekord; kivétellista; védett URI, SHA-256 és reviewer-döntés.",P1,M2_31_90D,NEW,Pásztor András,Lángi Zoltán,management_schedule,,,B0,NOW_B0,,partial,remediation_planner,G1_DOMAIN_REVIEW;G2_SECURITY_LEGAL;G3_PRODUCTION_CHANGE,A-004;A-005,no,"Lefedettségpótló AI-javaslat – részletesítve 2026-08-19. Javasolt kontrollgazda: TBD – belső metALCOM rendszerintegritási kontrollgazda. Közreműködők: Kollár Csaba – technikai végrehajtó; Lángi Zoltán – IBF review. Javasolt G1 review: 2026-09-11; javasolt teljesítés: 2027-04-30. A dátumok, szerepek, EIR-hatókör és technikai lépések nem jóváhagyottak; a kanonikus target_date ezért üres marad. Részletes rekord: data/action_execution_details.csv. Az SRC-009 megvalósítási útmutatója javaslati forrás; G1 review előtt nem kötelező vagy igazolt megoldás."
A-118,18,18.67,Vezetéstámogató;Irodai;Termelés,Rendszer- és információsértetlenség,SRC-008,audit_gap,202;291–292;381,machine_unvalidated,"A(z) 18.67 Információ kezelése és megőrzése követelménycsoportnál 3, közvetlen intézkedéshez eddig nem rendelt auditeltérés található; a legmagasabb értékelés kiemelt. Findingok: F-0164;F-0246;F-0328.","18.67 – Információ kezelése és megőrzése: 1) . 2) A szervezetnek alkalmaznia kell a meghatározott szabályzatokat és eljárásokat a rendszerből kikerülő információk kezelésének és megőrzésének során. Az alkalmazhatóságot és a végrehajtást érintett EIR-enként rögzítse; az eltérésekhez nevezzen meg felelőst, céldátumot és kompenzáló kontrollt.","18.67 – Információ kezelése és megőrzése végrehajtási csomag: jóváhagyott EIR-scope, 2 pontos státuszchecklist, kontrollbeállítás vagy eljárás, kivételjegyzék és próbaeredmény.","jóváhagyott védelmi és megőrzési szabály, read-only állapotexport, riasztási vagy észlelési teszt és review-napló, kontrollgazdai és G1 reviewer sign-off. Továbbá: 2 pontos végrehajtási checklist; scope- és kontrollgazda-jóváhagyás; teszt- vagy működési mintarekord; kivétellista; védett URI, SHA-256 és reviewer-döntés.",P0,M1_0_30D,NEW,Pásztor András,Lángi Zoltán,management_schedule,,,B0,NOW_B0,,partial,remediation_planner,G1_DOMAIN_REVIEW;G2_SECURITY_LEGAL;G3_PRODUCTION_CHANGE,A-004;A-005,no,"Lefedettségpótló AI-javaslat – részletesítve 2026-08-19. Javasolt kontrollgazda: TBD – belső metALCOM rendszerintegritási kontrollgazda. Közreműködők: Kollár Csaba – technikai végrehajtó; Lángi Zoltán – IBF review. Javasolt G1 review: 2026-09-11; javasolt teljesítés: 2027-01-31. A dátumok, szerepek, EIR-hatókör és technikai lépések nem jóváhagyottak; a kanonikus target_date ezért üres marad. Részletes rekord: data/action_execution_details.csv. Az SRC-009 megvalósítási útmutatója javaslati forrás; G1 review előtt nem kötelező vagy igazolt megoldás."
A-119,19,19.2,Szervezet,Ellátási lánc kockázatkezelése,SRC-008,audit_gap,104–106,machine_unvalidated,"A(z) 19.2 Ellátási láncra vonatkozó kockázatmenedzsment szabályzat követelménycsoportnál 1, közvetlen intézkedéshez eddig nem rendelt auditeltérés található; a legmagasabb értékelés elhanyagolható. Findingok: F-0073.","19.2 – Ellátási láncra vonatkozó kockázatmenedzsment szabályzat: 1) A szervezetnek meg kell határoznia azon rendszereket, rendszerelemeket vagy rendszerszolgáltatásokat, melyek ellátási láncával kapcsolatos kockázatokat kezelni kell. 2) A szervezetnek meg kell határoznia egy szabályzatot a szükséges kockázatkezelési intézkedések elvégzésére a meghatározott rendszerek, rendszerelemek vagy rendszerszolgáltatások ellátási láncával kapcsolatosan. 3) A szervezetnek felül kell vizsgálnia az ellátási lánc kockázatkezelési szabályzatot a meghatározott gyakorisággal. Az alkalmazhatóságot és a végrehajtást érintett EIR-enként rögzítse; az eltérésekhez nevezzen meg felelőst, céldátumot és kompenzáló kontrollt.","19.2 – Ellátási láncra vonatkozó kockázatmenedzsment szabályzat végrehajtási csomag: jóváhagyott EIR-scope, 6 pontos státuszchecklist, kontrollbeállítás vagy eljárás, kivételjegyzék és próbaeredmény.","jóváhagyott ellátásilánc-szabály, beszállítói vagy rendszerelem-ellenőrzés, szerződéses rekord és döntési napló, kontrollgazdai és G1 reviewer sign-off. Továbbá: 6 pontos végrehajtási checklist; scope- és kontrollgazda-jóváhagyás; teszt- vagy működési mintarekord; kivétellista; védett URI, SHA-256 és reviewer-döntés.",P2,M3_3_6M,NEW,Pásztor András,Lángi Zoltán,management_schedule,,,B0,NOW_B0,,partial,remediation_planner,G1_DOMAIN_REVIEW;G2_SECURITY_LEGAL,A-004;A-005,no,"Lefedettségpótló AI-javaslat – részletesítve 2026-08-19. Javasolt kontrollgazda: TBD – belső ellátásilánc-/beszerzési kontrollgazda. Közreműködők: Dr. Berta Brigitta – jogi review; Lángi Zoltán – IBF review; Kollár Csaba szükség szerint. Javasolt G1 review: 2026-09-11; javasolt teljesítés: 2027-06-30. A dátumok, szerepek, EIR-hatókör és technikai lépések nem jóváhagyottak; a kanonikus target_date ezért üres marad. Részletes rekord: data/action_execution_details.csv. Az SRC-009 megvalósítási útmutatója javaslati forrás; G1 review előtt nem kötelező vagy igazolt megoldás."
A-120,19,19.7,Szervezet,Ellátási lánc kockázatkezelése,SRC-008,audit_gap,108,machine_unvalidated,"A(z) 19.7 Ellátási lánc ellenőrzések és folyamatok – Alvállalkozók követelménycsoportnál 1, közvetlen intézkedéshez eddig nem rendelt auditeltérés található; a legmagasabb értékelés kiemelt. Findingok: F-0075.","19.7 – Ellátási lánc ellenőrzések és folyamatok – Alvállalkozók: 1) A szervezetnek fel kell mérnie a kiberbiztonsági kockázatokat, amelyek az EIR-rel összefüggő szerződésekben szerepelnek. 2) A szervezetnek biztosítania kell, hogy a fővállalkozók tisztában vannak az EIR-rel összefüggő szerződésekben szereplő információbiztonsági követelményekkel. 3) A szerveztnek rendszeresen felül kell vizsgálnia a fővállalkozóktól elvárt az EIR-rel összefüggő szerződésekben szereplő információbiztonsági követelmények relevanicáját és ha szükséges módosítania kell azokat. Az alkalmazhatóságot és a végrehajtást érintett EIR-enként rögzítse; az eltérésekhez nevezzen meg felelőst, céldátumot és kompenzáló kontrollt.","19.7 – Ellátási lánc ellenőrzések és folyamatok – Alvállalkozók végrehajtási csomag: jóváhagyott EIR-scope, 4 pontos státuszchecklist, kontrollbeállítás vagy eljárás, kivételjegyzék és próbaeredmény.","jóváhagyott ellátásilánc-szabály, beszállítói vagy rendszerelem-ellenőrzés, szerződéses rekord és döntési napló, kontrollgazdai és G1 reviewer sign-off. Továbbá: 4 pontos végrehajtási checklist; scope- és kontrollgazda-jóváhagyás; teszt- vagy működési mintarekord; kivétellista; védett URI, SHA-256 és reviewer-döntés.",P0,M1_0_30D,NEW,Pásztor András,Lángi Zoltán,management_schedule,,,B0,NOW_B0,,partial,remediation_planner,G1_DOMAIN_REVIEW;G2_SECURITY_LEGAL,A-004;A-005,no,"Lefedettségpótló AI-javaslat – részletesítve 2026-08-19. Javasolt kontrollgazda: TBD – belső ellátásilánc-/beszerzési kontrollgazda. Közreműködők: Dr. Berta Brigitta – jogi review; Lángi Zoltán – IBF review; Kollár Csaba szükség szerint. Javasolt G1 review: 2026-09-11; javasolt teljesítés: 2027-01-31. A dátumok, szerepek, EIR-hatókör és technikai lépések nem jóváhagyottak; a kanonikus target_date ezért üres marad. Részletes rekord: data/action_execution_details.csv. Az SRC-009 megvalósítási útmutatója javaslati forrás; G1 review előtt nem kötelező vagy igazolt megoldás."
A-121,19,19.13,Szervezet,Ellátási lánc kockázatkezelése,SRC-008,audit_gap,108–109,machine_unvalidated,"A(z) 19.13 Beszerzési stratégiák, eszközök és módszerek követelménycsoportnál 1, közvetlen intézkedéshez eddig nem rendelt auditeltérés található; a legmagasabb értékelés kiemelt. Findingok: F-0076.","19.13 – Beszerzési stratégiák, eszközök és módszerek: 1) A szervezetnek azonosítania kell az ellátási láncból eredő kockázatokat. 2) A szervezetnek meg kell határoznia a beszerzési stratégiáit, amelyek segítenek kivédeni, azonosítani és csökkenteni az ellátási láncból eredő kockázatokat. 3) A szervezetnek dokumentálnia kell a beszerzési startégiát, az alkalmazott eszközöket és technikákat, melyeket rendszeresen felül kell vizsgálnia a változó fenyegetési környezet elleni eredményes védekezés érdekében. Az alkalmazhatóságot és a végrehajtást érintett EIR-enként rögzítse; az eltérésekhez nevezzen meg felelőst, céldátumot és kompenzáló kontrollt.","19.13 – Beszerzési stratégiák, eszközök és módszerek végrehajtási csomag: jóváhagyott EIR-scope, 5 pontos státuszchecklist, kontrollbeállítás vagy eljárás, kivételjegyzék és próbaeredmény.","jóváhagyott ellátásilánc-szabály, beszállítói vagy rendszerelem-ellenőrzés, szerződéses rekord és döntési napló, kontrollgazdai és G1 reviewer sign-off. Továbbá: 5 pontos végrehajtási checklist; scope- és kontrollgazda-jóváhagyás; teszt- vagy működési mintarekord; kivétellista; védett URI, SHA-256 és reviewer-döntés.",P0,M1_0_30D,NEW,Pásztor András,Lángi Zoltán,management_schedule,,,B0,NOW_B0,,partial,remediation_planner,G1_DOMAIN_REVIEW;G2_SECURITY_LEGAL,A-004;A-005,no,"Lefedettségpótló AI-javaslat – részletesítve 2026-08-19. Javasolt kontrollgazda: TBD – belső ellátásilánc-/beszerzési kontrollgazda. Közreműködők: Dr. Berta Brigitta – jogi review; Lángi Zoltán – IBF review; Kollár Csaba szükség szerint. Javasolt G1 review: 2026-09-11; javasolt teljesítés: 2027-01-31. A dátumok, szerepek, EIR-hatókör és technikai lépések nem jóváhagyottak; a kanonikus target_date ezért üres marad. Részletes rekord: data/action_execution_details.csv. Az SRC-009 megvalósítási útmutatója javaslati forrás; G1 review előtt nem kötelező vagy igazolt megoldás."
A-122,19,19.19,Szervezet,Ellátási lánc kockázatkezelése,SRC-008,audit_gap,109,machine_unvalidated,"A(z) 19.19 Értesítési megállapodások követelménycsoportnál 1, közvetlen intézkedéshez eddig nem rendelt auditeltérés található; a legmagasabb értékelés kis mértékű. Findingok: F-0077.","19.19 – Értesítési megállapodások: 1) A szervezetnek meg kell határoznia a beszállítói láncában részt vevő szervezeteket. 2) A szervezetnek megállapodásokat kell kötnie a beszállítói láncában részt vevő szervezetekkel, amelyek meghatározzák a felelősségi köröket, a biztonsági követelményeket és a kommunikációs protokollokat. 3) A szervezetnek lehetősége van a fenti eljárások és technikák segítségével javítania a beszállítói láncot ért biztonsági eseményekre való szervezeti reagálást. Az alkalmazhatóságot és a végrehajtást érintett EIR-enként rögzítse; az eltérésekhez nevezzen meg felelőst, céldátumot és kompenzáló kontrollt.","19.19 – Értesítési megállapodások végrehajtási csomag: jóváhagyott EIR-scope, 5 pontos státuszchecklist, kontrollbeállítás vagy eljárás, kivételjegyzék és próbaeredmény.","jóváhagyott ellátásilánc-szabály, beszállítói vagy rendszerelem-ellenőrzés, szerződéses rekord és döntési napló, kontrollgazdai és G1 reviewer sign-off. Továbbá: 5 pontos végrehajtási checklist; scope- és kontrollgazda-jóváhagyás; teszt- vagy működési mintarekord; kivétellista; védett URI, SHA-256 és reviewer-döntés.",P1,M2_31_90D,NEW,Pásztor András,Lángi Zoltán,management_schedule,,,B0,NOW_B0,,partial,remediation_planner,G1_DOMAIN_REVIEW;G2_SECURITY_LEGAL,A-004;A-005,no,"Lefedettségpótló AI-javaslat – részletesítve 2026-08-19. Javasolt kontrollgazda: TBD – belső ellátásilánc-/beszerzési kontrollgazda. Közreműködők: Dr. Berta Brigitta – jogi review; Lángi Zoltán – IBF review; Kollár Csaba szükség szerint. Javasolt G1 review: 2026-09-11; javasolt teljesítés: 2027-04-30. A dátumok, szerepek, EIR-hatókör és technikai lépések nem jóváhagyottak; a kanonikus target_date ezért üres marad. Részletes rekord: data/action_execution_details.csv. Az SRC-009 megvalósítási útmutatója javaslati forrás; G1 review előtt nem kötelező vagy igazolt megoldás."
A-123,19,19.22,Szervezet,Ellátási lánc kockázatkezelése,SRC-008,audit_gap,109–110,machine_unvalidated,"A(z) 19.22 Rendszerek vagy rendszerelemek vizsgálata követelménycsoportnál 1, közvetlen intézkedéshez eddig nem rendelt auditeltérés található; a legmagasabb értékelés elhanyagolható. Findingok: F-0078.","19.22 – Rendszerek vagy rendszerelemek vizsgálata: 1) A szervezetnek meg kell határoznia mely rendszerelemeket szükséges ellenőrizni a hamisítás felderítésének érdekében. 2) A szervezetnek szükség esetén meg kell határoznia milyen gyakorisággal ellenőrzi a meghatározott rendszerelemeket a hamisítás felderítésének érdekében. 3) A szervezetnek dokumentálnia kell a meghatározott ellenőrzés szükségességére utaló jeleket, és valamennyi elvégzett ellenőrzést . Az alkalmazhatóságot és a végrehajtást érintett EIR-enként rögzítse; az eltérésekhez nevezzen meg felelőst, céldátumot és kompenzáló kontrollt.","19.22 – Rendszerek vagy rendszerelemek vizsgálata végrehajtási csomag: jóváhagyott EIR-scope, 4 pontos státuszchecklist, kontrollbeállítás vagy eljárás, kivételjegyzék és próbaeredmény.","jóváhagyott ellátásilánc-szabály, beszállítói vagy rendszerelem-ellenőrzés, szerződéses rekord és döntési napló, kontrollgazdai és G1 reviewer sign-off. Továbbá: 4 pontos végrehajtási checklist; scope- és kontrollgazda-jóváhagyás; teszt- vagy működési mintarekord; kivétellista; védett URI, SHA-256 és reviewer-döntés.",P2,M3_3_6M,NEW,Pásztor András,Lángi Zoltán,management_schedule,,,B0,NOW_B0,,partial,remediation_planner,G1_DOMAIN_REVIEW;G2_SECURITY_LEGAL,A-004;A-005,no,"Lefedettségpótló AI-javaslat – részletesítve 2026-08-19. Javasolt kontrollgazda: TBD – belső ellátásilánc-/beszerzési kontrollgazda. Közreműködők: Dr. Berta Brigitta – jogi review; Lángi Zoltán – IBF review; Kollár Csaba szükség szerint. Javasolt G1 review: 2026-09-11; javasolt teljesítés: 2027-06-30. A dátumok, szerepek, EIR-hatókör és technikai lépések nem jóváhagyottak; a kanonikus target_date ezért üres marad. Részletes rekord: data/action_execution_details.csv. Az SRC-009 megvalósítási útmutatója javaslati forrás; G1 review előtt nem kötelező vagy igazolt megoldás."
A-124,19,19.23,Szervezet,Ellátási lánc kockázatkezelése,SRC-008,audit_gap,110–111,machine_unvalidated,"A(z) 19.23 Rendszerelem hitelessége követelménycsoportnál 1, közvetlen intézkedéshez eddig nem rendelt auditeltérés található; a legmagasabb értékelés kiemelt. Findingok: F-0079.","19.23 – Rendszerelem hitelessége: 1) A szervezetnek ki kell alakítania a hamisítás elleni szabályokat és eljárásokat. 2) A szervezetnek jelentenie kell a hamisított rendszerelemeket és azok forrását a szervezet által meghatározott személyeknek vagy szerepköröknek. 3) A szervezetnek dokumentálnia kell, amennyiben hamisított rendszerelemeket vagy alkatrészeket fedez fel és fel kel vennie a kapcsolatot a hamisított alkatrész forrásával, vagy az illetékes hatósággal. Az alkalmazhatóságot és a végrehajtást érintett EIR-enként rögzítse; az eltérésekhez nevezzen meg felelőst, céldátumot és kompenzáló kontrollt.","19.23 – Rendszerelem hitelessége végrehajtási csomag: jóváhagyott EIR-scope, 3 pontos státuszchecklist, kontrollbeállítás vagy eljárás, kivételjegyzék és próbaeredmény.","jóváhagyott ellátásilánc-szabály, beszállítói vagy rendszerelem-ellenőrzés, szerződéses rekord és döntési napló, kontrollgazdai és G1 reviewer sign-off. Továbbá: 3 pontos végrehajtási checklist; scope- és kontrollgazda-jóváhagyás; teszt- vagy működési mintarekord; kivétellista; védett URI, SHA-256 és reviewer-döntés.",P0,M1_0_30D,NEW,Pásztor András,Lángi Zoltán,management_schedule,,,B0,NOW_B0,,partial,remediation_planner,G1_DOMAIN_REVIEW;G2_SECURITY_LEGAL,A-004;A-005,no,"Lefedettségpótló AI-javaslat – részletesítve 2026-08-19. Javasolt kontrollgazda: TBD – belső ellátásilánc-/beszerzési kontrollgazda. Közreműködők: Dr. Berta Brigitta – jogi review; Lángi Zoltán – IBF review; Kollár Csaba szükség szerint. Javasolt G1 review: 2026-09-11; javasolt teljesítés: 2027-01-31. A dátumok, szerepek, EIR-hatókör és technikai lépések nem jóváhagyottak; a kanonikus target_date ezért üres marad. Részletes rekord: data/action_execution_details.csv. Az SRC-009 megvalósítási útmutatója javaslati forrás; G1 review előtt nem kötelező vagy igazolt megoldás."
A-125,19,19.24,Szervezet,Ellátási lánc kockázatkezelése,SRC-008,audit_gap,111–112,machine_unvalidated,"A(z) 19.24 Rendszerelem hitelessége – Hamisítás elleni képzés követelménycsoportnál 1, közvetlen intézkedéshez eddig nem rendelt auditeltérés található; a legmagasabb értékelés kis mértékű. Findingok: F-0080.","19.24 – Rendszerelem hitelessége – Hamisítás elleni képzés: 1) A szervezetnek meg kell határoznia, mely személyek vagy szerepkörök felelősek az rendszerek felügyeletéért és kezeléséért. 2) A szervezetnek ki kell dolgoznia egy képzési programot, amely részletesen bemutatja, hogyan lehet felismerni a hamisított hardvert, szoftvert és firmware-t. 3) A szervezetnek implementálnia kell a képzési programot, és biztosítania kell, hogy a meghatározott személyek vagy szerepkörök részt vesznek a képzésen. Az alkalmazhatóságot és a végrehajtást érintett EIR-enként rögzítse; az eltérésekhez nevezzen meg felelőst, céldátumot és kompenzáló kontrollt.","19.24 – Rendszerelem hitelessége – Hamisítás elleni képzés végrehajtási csomag: jóváhagyott EIR-scope, 3 pontos státuszchecklist, kontrollbeállítás vagy eljárás, kivételjegyzék és próbaeredmény.","jóváhagyott ellátásilánc-szabály, beszállítói vagy rendszerelem-ellenőrzés, szerződéses rekord és döntési napló, kontrollgazdai és G1 reviewer sign-off. Továbbá: 3 pontos végrehajtási checklist; scope- és kontrollgazda-jóváhagyás; teszt- vagy működési mintarekord; kivétellista; védett URI, SHA-256 és reviewer-döntés.",P1,M2_31_90D,NEW,Pásztor András,Lángi Zoltán,management_schedule,,,B0,NOW_B0,,partial,remediation_planner,G1_DOMAIN_REVIEW;G2_SECURITY_LEGAL,A-004;A-005,no,"Lefedettségpótló AI-javaslat – részletesítve 2026-08-19. Javasolt kontrollgazda: TBD – belső ellátásilánc-/beszerzési kontrollgazda. Közreműködők: Koncz Erika – képzési közreműködő; Dr. Berta Brigitta; Lángi Zoltán. Javasolt G1 review: 2026-09-11; javasolt teljesítés: 2027-04-30. A dátumok, szerepek, EIR-hatókör és technikai lépések nem jóváhagyottak; a kanonikus target_date ezért üres marad. Részletes rekord: data/action_execution_details.csv. Az SRC-009 megvalósítási útmutatója javaslati forrás; G1 review előtt nem kötelező vagy igazolt megoldás."
A-126,19,19.25,Szervezet,Ellátási lánc kockázatkezelése,SRC-008,audit_gap,112,machine_unvalidated,"A(z) 19.25 Rendszerelem hitelessége – Konfigurációfelügyelet követelménycsoportnál 1, közvetlen intézkedéshez eddig nem rendelt auditeltérés található; a legmagasabb értékelés kiemelt. Findingok: F-0081.","19.25 – Rendszerelem hitelessége – Konfigurációfelügyelet: 1) A szervezetnek nyilvántartást kell vezetnie a rendszerelemekről, amelyek szervizelésre vagy javításra várnak, vagy amelyeket már szervizeltek vagy javítottak, és arra várnak, hogy újból üzembe állítsák őket 2) A szervezetnek ki kell dolgoznia egy konfiguráció felügyeleti rendszert, mely lehetővé teszi a konfiguráció felügyeletét a meghatározott rendszerelemekre. 3) A szervezetnek minden egyes rendszerelemen elvégzett módosítást naplóznia kell, hogy nyomon követhetőek legyenek a változások a rendszerelem teljes életciklusa alatt. Az alkalmazhatóságot és a végrehajtást érintett EIR-enként rögzítse; az eltérésekhez nevezzen meg felelőst, céldátumot és kompenzáló kontrollt.","19.25 – Rendszerelem hitelessége – Konfigurációfelügyelet végrehajtási csomag: jóváhagyott EIR-scope, 4 pontos státuszchecklist, kontrollbeállítás vagy eljárás, kivételjegyzék és próbaeredmény.","jóváhagyott ellátásilánc-szabály, beszállítói vagy rendszerelem-ellenőrzés, szerződéses rekord és döntési napló, kontrollgazdai és G1 reviewer sign-off. Továbbá: 4 pontos végrehajtási checklist; scope- és kontrollgazda-jóváhagyás; teszt- vagy működési mintarekord; kivétellista; védett URI, SHA-256 és reviewer-döntés.",P0,M1_0_30D,NEW,Pásztor András,Lángi Zoltán,management_schedule,,,B0,NOW_B0,,partial,remediation_planner,G1_DOMAIN_REVIEW;G2_SECURITY_LEGAL,A-004;A-005,no,"Lefedettségpótló AI-javaslat – részletesítve 2026-08-19. Javasolt kontrollgazda: TBD – belső ellátásilánc-/beszerzési kontrollgazda. Közreműködők: Dr. Berta Brigitta – jogi review; Lángi Zoltán – IBF review; Kollár Csaba szükség szerint. Javasolt G1 review: 2026-09-11; javasolt teljesítés: 2027-01-31. A dátumok, szerepek, EIR-hatókör és technikai lépések nem jóváhagyottak; a kanonikus target_date ezért üres marad. Részletes rekord: data/action_execution_details.csv. Az SRC-009 megvalósítási útmutatója javaslati forrás; G1 review előtt nem kötelező vagy igazolt megoldás."
A-127,19,19.27,Szervezet,Ellátási lánc kockázatkezelése,SRC-008,audit_gap,112–113,machine_unvalidated,"A(z) 19.27 Rendszerelem selejtezése, megsemmisítése követelménycsoportnál 1, közvetlen intézkedéshez eddig nem rendelt auditeltérés található; a legmagasabb értékelés kiemelt. Findingok: F-0082.","19.27 – Rendszerelem selejtezése, megsemmisítése: 1) A szervezetnek meg kell határoznia, mely adatokat, dokumentációkat, eszközöket és rendszerelemeket kell selejteznie. 2) A szervezetnek ki kell dolgoznia egy módszertant és technikákat a selejtezésre. 3) A szervezetnek dokumentálnia kell a selejtezést és annak tárgyát képező rendszerelemet, alkatrészt vagy adatot, valamint gondoskodnia kell az érintett elemek kivezetéséről rendszerelem leltárból. Az alkalmazhatóságot és a végrehajtást érintett EIR-enként rögzítse; az eltérésekhez nevezzen meg felelőst, céldátumot és kompenzáló kontrollt.","19.27 – Rendszerelem selejtezése, megsemmisítése végrehajtási csomag: jóváhagyott EIR-scope, 4 pontos státuszchecklist, kontrollbeállítás vagy eljárás, kivételjegyzék és próbaeredmény.","jóváhagyott ellátásilánc-szabály, beszállítói vagy rendszerelem-ellenőrzés, szerződéses rekord és döntési napló, kontrollgazdai és G1 reviewer sign-off. Továbbá: 4 pontos végrehajtási checklist; scope- és kontrollgazda-jóváhagyás; teszt- vagy működési mintarekord; kivétellista; védett URI, SHA-256 és reviewer-döntés.",P0,M1_0_30D,NEW,Pásztor András,Lángi Zoltán,management_schedule,,,B0,NOW_B0,,partial,remediation_planner,G1_DOMAIN_REVIEW;G2_SECURITY_LEGAL,A-004;A-005,no,"Lefedettségpótló AI-javaslat – részletesítve 2026-08-19. Javasolt kontrollgazda: TBD – belső ellátásilánc-/beszerzési kontrollgazda. Közreműködők: Dr. Berta Brigitta – jogi review; Lángi Zoltán – IBF review; Kollár Csaba szükség szerint. Javasolt G1 review: 2026-09-11; javasolt teljesítés: 2027-01-31. A dátumok, szerepek, EIR-hatókör és technikai lépések nem jóváhagyottak; a kanonikus target_date ezért üres marad. Részletes rekord: data/action_execution_details.csv. Az SRC-009 megvalósítási útmutatója javaslati forrás; G1 review előtt nem kötelező vagy igazolt megoldás."
