control_ref,identifier_status,title_status,applicability_status,requirement_similarity,requirement_comparison_status,amendment_status,official_source_ref,official_pdf_pages,human_review_status,notes
1.1,MATCH,MATCH,MATCH,1.000000,NORMALIZED_EXACT,UNCHANGED_BY_18_2024,SRC-010,45,PENDING_G1_REVIEW,"Deterministic text comparison only; not a legal or domain approval. Workbook explanation, implementation guidance and cross-references are non-normative."
1.2,MATCH,MATCH,MATCH,1.000000,NORMALIZED_EXACT,UNCHANGED_BY_18_2024,SRC-010,45,PENDING_G1_REVIEW,"Deterministic text comparison only; not a legal or domain approval. Workbook explanation, implementation guidance and cross-references are non-normative."
1.3,MATCH,MATCH,MATCH,1.000000,NORMALIZED_EXACT,UNCHANGED_BY_18_2024,SRC-010,45;46,PENDING_G1_REVIEW,"Deterministic text comparison only; not a legal or domain approval. Workbook explanation, implementation guidance and cross-references are non-normative."
1.4,MATCH,MATCH,MATCH,1.000000,NORMALIZED_EXACT,UNCHANGED_BY_18_2024,SRC-010,46,PENDING_G1_REVIEW,"Deterministic text comparison only; not a legal or domain approval. Workbook explanation, implementation guidance and cross-references are non-normative."
1.5,MATCH,MATCH,MATCH,1.000000,NORMALIZED_EXACT,UNCHANGED_BY_18_2024,SRC-010,46,PENDING_G1_REVIEW,"Deterministic text comparison only; not a legal or domain approval. Workbook explanation, implementation guidance and cross-references are non-normative."
1.6,MATCH,MATCH,MATCH,1.000000,NORMALIZED_EXACT,UNCHANGED_BY_18_2024,SRC-010,46,PENDING_G1_REVIEW,"Deterministic text comparison only; not a legal or domain approval. Workbook explanation, implementation guidance and cross-references are non-normative."
1.7,MATCH,MATCH,MATCH,1.000000,NORMALIZED_EXACT,UNCHANGED_BY_18_2024,SRC-010,46,PENDING_G1_REVIEW,"Deterministic text comparison only; not a legal or domain approval. Workbook explanation, implementation guidance and cross-references are non-normative."
1.8,MATCH,MATCH,MATCH,1.000000,NORMALIZED_EXACT,UNCHANGED_BY_18_2024,SRC-010,46,PENDING_G1_REVIEW,"Deterministic text comparison only; not a legal or domain approval. Workbook explanation, implementation guidance and cross-references are non-normative."
1.9,MATCH,MATCH,MATCH,1.000000,NORMALIZED_EXACT,UNCHANGED_BY_18_2024,SRC-010,46,PENDING_G1_REVIEW,"Deterministic text comparison only; not a legal or domain approval. Workbook explanation, implementation guidance and cross-references are non-normative."
1.10,MATCH,MATCH,MATCH,0.998148,HIGH_SIMILARITY_REVIEW_REQUIRED,UNCHANGED_BY_18_2024,SRC-010,46,PENDING_G1_REVIEW,"Deterministic text comparison only; not a legal or domain approval. Workbook explanation, implementation guidance and cross-references are non-normative."
1.11,MATCH,MATCH,MATCH,1.000000,NORMALIZED_EXACT,UNCHANGED_BY_18_2024,SRC-010,46;47,PENDING_G1_REVIEW,"Deterministic text comparison only; not a legal or domain approval. Workbook explanation, implementation guidance and cross-references are non-normative."
1.12,MATCH,MATCH,MATCH,1.000000,NORMALIZED_EXACT,UNCHANGED_BY_18_2024,SRC-010,47,PENDING_G1_REVIEW,"Deterministic text comparison only; not a legal or domain approval. Workbook explanation, implementation guidance and cross-references are non-normative."
1.13,MATCH,MATCH,MATCH,1.000000,NORMALIZED_EXACT,UNCHANGED_BY_18_2024,SRC-010,47,PENDING_G1_REVIEW,"Deterministic text comparison only; not a legal or domain approval. Workbook explanation, implementation guidance and cross-references are non-normative."
1.14,MATCH,MATCH,MATCH,1.000000,NORMALIZED_EXACT,UNCHANGED_BY_18_2024,SRC-010,47,PENDING_G1_REVIEW,"Deterministic text comparison only; not a legal or domain approval. Workbook explanation, implementation guidance and cross-references are non-normative."
1.15,MATCH,MATCH,MATCH,1.000000,NORMALIZED_EXACT,UNCHANGED_BY_18_2024,SRC-010,47,PENDING_G1_REVIEW,"Deterministic text comparison only; not a legal or domain approval. Workbook explanation, implementation guidance and cross-references are non-normative."
1.16,MATCH,MATCH,MATCH,1.000000,NORMALIZED_EXACT,UNCHANGED_BY_18_2024,SRC-010,47,PENDING_G1_REVIEW,"Deterministic text comparison only; not a legal or domain approval. Workbook explanation, implementation guidance and cross-references are non-normative."
1.17,MATCH,MATCH,MATCH,1.000000,NORMALIZED_EXACT,UNCHANGED_BY_18_2024,SRC-010,47,PENDING_G1_REVIEW,"Deterministic text comparison only; not a legal or domain approval. Workbook explanation, implementation guidance and cross-references are non-normative."
1.18,MATCH,MATCH,MATCH,1.000000,NORMALIZED_EXACT,UNCHANGED_BY_18_2024,SRC-010,47,PENDING_G1_REVIEW,"Deterministic text comparison only; not a legal or domain approval. Workbook explanation, implementation guidance and cross-references are non-normative."
1.19,MATCH,MATCH,MATCH,1.000000,NORMALIZED_EXACT,UNCHANGED_BY_18_2024,SRC-010,47;48,PENDING_G1_REVIEW,"Deterministic text comparison only; not a legal or domain approval. Workbook explanation, implementation guidance and cross-references are non-normative."
1.20,MATCH,MATCH,MATCH,1.000000,NORMALIZED_EXACT,UNCHANGED_BY_18_2024,SRC-010,48,PENDING_G1_REVIEW,"Deterministic text comparison only; not a legal or domain approval. Workbook explanation, implementation guidance and cross-references are non-normative."
1.21,MATCH,MATCH,MATCH,1.000000,NORMALIZED_EXACT,UNCHANGED_BY_18_2024,SRC-010,48,PENDING_G1_REVIEW,"Deterministic text comparison only; not a legal or domain approval. Workbook explanation, implementation guidance and cross-references are non-normative."
1.22,MATCH,MATCH,MATCH,1.000000,NORMALIZED_EXACT,UNCHANGED_BY_18_2024,SRC-010,48,PENDING_G1_REVIEW,"Deterministic text comparison only; not a legal or domain approval. Workbook explanation, implementation guidance and cross-references are non-normative."
1.23,MATCH,MATCH,MATCH,1.000000,NORMALIZED_EXACT,UNCHANGED_BY_18_2024,SRC-010,48;49,PENDING_G1_REVIEW,"Deterministic text comparison only; not a legal or domain approval. Workbook explanation, implementation guidance and cross-references are non-normative."
2.1,MATCH,MATCH,MATCH,1.000000,NORMALIZED_EXACT,UNCHANGED_BY_18_2024,SRC-010,49;50,PENDING_G1_REVIEW,"Deterministic text comparison only; not a legal or domain approval. Workbook explanation, implementation guidance and cross-references are non-normative."
2.2,MATCH,MATCH,MATCH,1.000000,NORMALIZED_EXACT,UNCHANGED_BY_18_2024,SRC-010,50,PENDING_G1_REVIEW,"Deterministic text comparison only; not a legal or domain approval. Workbook explanation, implementation guidance and cross-references are non-normative."
2.3,MATCH,MATCH,MATCH,1.000000,NORMALIZED_EXACT,UNCHANGED_BY_18_2024,SRC-010,50,PENDING_G1_REVIEW,"Deterministic text comparison only; not a legal or domain approval. Workbook explanation, implementation guidance and cross-references are non-normative."
2.4,MATCH,MATCH,MATCH,1.000000,NORMALIZED_EXACT,UNCHANGED_BY_18_2024,SRC-010,50,PENDING_G1_REVIEW,"Deterministic text comparison only; not a legal or domain approval. Workbook explanation, implementation guidance and cross-references are non-normative."
2.5,MATCH,MATCH,MATCH,1.000000,NORMALIZED_EXACT,UNCHANGED_BY_18_2024,SRC-010,50,PENDING_G1_REVIEW,"Deterministic text comparison only; not a legal or domain approval. Workbook explanation, implementation guidance and cross-references are non-normative."
2.6,MATCH,MATCH,MATCH,1.000000,NORMALIZED_EXACT,UNCHANGED_BY_18_2024,SRC-010,50,PENDING_G1_REVIEW,"Deterministic text comparison only; not a legal or domain approval. Workbook explanation, implementation guidance and cross-references are non-normative."
2.7,MATCH,MATCH,MATCH,1.000000,NORMALIZED_EXACT,UNCHANGED_BY_18_2024,SRC-010,50,PENDING_G1_REVIEW,"Deterministic text comparison only; not a legal or domain approval. Workbook explanation, implementation guidance and cross-references are non-normative."
2.8,MATCH,MATCH,MATCH,1.000000,NORMALIZED_EXACT,UNCHANGED_BY_18_2024,SRC-010,50;51,PENDING_G1_REVIEW,"Deterministic text comparison only; not a legal or domain approval. Workbook explanation, implementation guidance and cross-references are non-normative."
2.9,MATCH,MATCH,MATCH,1.000000,NORMALIZED_EXACT,UNCHANGED_BY_18_2024,SRC-010,51,PENDING_G1_REVIEW,"Deterministic text comparison only; not a legal or domain approval. Workbook explanation, implementation guidance and cross-references are non-normative."
2.10,MATCH,MATCH,MATCH,1.000000,NORMALIZED_EXACT,UNCHANGED_BY_18_2024,SRC-010,51,PENDING_G1_REVIEW,"Deterministic text comparison only; not a legal or domain approval. Workbook explanation, implementation guidance and cross-references are non-normative."
2.11,MATCH,MATCH,MATCH,1.000000,NORMALIZED_EXACT,UNCHANGED_BY_18_2024,SRC-010,51,PENDING_G1_REVIEW,"Deterministic text comparison only; not a legal or domain approval. Workbook explanation, implementation guidance and cross-references are non-normative."
2.12,MATCH,MATCH,MATCH,1.000000,NORMALIZED_EXACT,UNCHANGED_BY_18_2024,SRC-010,51,PENDING_G1_REVIEW,"Deterministic text comparison only; not a legal or domain approval. Workbook explanation, implementation guidance and cross-references are non-normative."
2.13,MATCH,MATCH,MATCH,1.000000,NORMALIZED_EXACT,UNCHANGED_BY_18_2024,SRC-010,51,PENDING_G1_REVIEW,"Deterministic text comparison only; not a legal or domain approval. Workbook explanation, implementation guidance and cross-references are non-normative."
2.14,MATCH,MATCH,MATCH,1.000000,NORMALIZED_EXACT,UNCHANGED_BY_18_2024,SRC-010,51,PENDING_G1_REVIEW,"Deterministic text comparison only; not a legal or domain approval. Workbook explanation, implementation guidance and cross-references are non-normative."
2.15,MATCH,MATCH,MATCH,1.000000,NORMALIZED_EXACT,UNCHANGED_BY_18_2024,SRC-010,51,PENDING_G1_REVIEW,"Deterministic text comparison only; not a legal or domain approval. Workbook explanation, implementation guidance and cross-references are non-normative."
2.16,MATCH,MATCH,MATCH,1.000000,NORMALIZED_EXACT,UNCHANGED_BY_18_2024,SRC-010,51,PENDING_G1_REVIEW,"Deterministic text comparison only; not a legal or domain approval. Workbook explanation, implementation guidance and cross-references are non-normative."
2.17,MATCH,MATCH,MATCH,0.997819,TEXT_DIFFERENCE_REVIEW_REQUIRED,UNCHANGED_BY_18_2024,SRC-010,51;52,PENDING_G1_REVIEW,"Material negation difference: the workbook omits 'nem' from 2.17.2.4. Deterministic comparison only; not a legal or domain approval."
2.18,MATCH,MATCH,MATCH,1.000000,NORMALIZED_EXACT,UNCHANGED_BY_18_2024,SRC-010,52,PENDING_G1_REVIEW,"Deterministic text comparison only; not a legal or domain approval. Workbook explanation, implementation guidance and cross-references are non-normative."
2.19,MATCH,MATCH,MATCH,1.000000,NORMALIZED_EXACT,UNCHANGED_BY_18_2024,SRC-010,52,PENDING_G1_REVIEW,"Deterministic text comparison only; not a legal or domain approval. Workbook explanation, implementation guidance and cross-references are non-normative."
2.20,MATCH,MATCH,MATCH,1.000000,NORMALIZED_EXACT,UNCHANGED_BY_18_2024,SRC-010,52,PENDING_G1_REVIEW,"Deterministic text comparison only; not a legal or domain approval. Workbook explanation, implementation guidance and cross-references are non-normative."
2.21,MATCH,MATCH,MATCH,1.000000,NORMALIZED_EXACT,UNCHANGED_BY_18_2024,SRC-010,52,PENDING_G1_REVIEW,"Deterministic text comparison only; not a legal or domain approval. Workbook explanation, implementation guidance and cross-references are non-normative."
2.22,MATCH,MATCH,MATCH,1.000000,NORMALIZED_EXACT,UNCHANGED_BY_18_2024,SRC-010,52,PENDING_G1_REVIEW,"Deterministic text comparison only; not a legal or domain approval. Workbook explanation, implementation guidance and cross-references are non-normative."
2.23,MATCH,MATCH,MATCH,1.000000,NORMALIZED_EXACT,UNCHANGED_BY_18_2024,SRC-010,52,PENDING_G1_REVIEW,"Deterministic text comparison only; not a legal or domain approval. Workbook explanation, implementation guidance and cross-references are non-normative."
2.24,MATCH,MATCH,MATCH,1.000000,NORMALIZED_EXACT,UNCHANGED_BY_18_2024,SRC-010,52,PENDING_G1_REVIEW,"Deterministic text comparison only; not a legal or domain approval. Workbook explanation, implementation guidance and cross-references are non-normative."
2.25,MATCH,MATCH,MATCH,1.000000,NORMALIZED_EXACT,UNCHANGED_BY_18_2024,SRC-010,52,PENDING_G1_REVIEW,"Deterministic text comparison only; not a legal or domain approval. Workbook explanation, implementation guidance and cross-references are non-normative."
2.26,MATCH,MATCH,MATCH,1.000000,NORMALIZED_EXACT,UNCHANGED_BY_18_2024,SRC-010,52;53,PENDING_G1_REVIEW,"Deterministic text comparison only; not a legal or domain approval. Workbook explanation, implementation guidance and cross-references are non-normative."
2.27,MATCH,MATCH,MATCH,1.000000,NORMALIZED_EXACT,UNCHANGED_BY_18_2024,SRC-010,53,PENDING_G1_REVIEW,"Deterministic text comparison only; not a legal or domain approval. Workbook explanation, implementation guidance and cross-references are non-normative."
2.28,MATCH,MATCH,MATCH,1.000000,NORMALIZED_EXACT,UNCHANGED_BY_18_2024,SRC-010,53,PENDING_G1_REVIEW,"Deterministic text comparison only; not a legal or domain approval. Workbook explanation, implementation guidance and cross-references are non-normative."
2.29,MATCH,MATCH,MATCH,1.000000,NORMALIZED_EXACT,UNCHANGED_BY_18_2024,SRC-010,53,PENDING_G1_REVIEW,"Deterministic text comparison only; not a legal or domain approval. Workbook explanation, implementation guidance and cross-references are non-normative."
2.30,MATCH,MATCH,MATCH,1.000000,NORMALIZED_EXACT,UNCHANGED_BY_18_2024,SRC-010,53,PENDING_G1_REVIEW,"Deterministic text comparison only; not a legal or domain approval. Workbook explanation, implementation guidance and cross-references are non-normative."
2.31,MATCH,MATCH,MATCH,1.000000,NORMALIZED_EXACT,UNCHANGED_BY_18_2024,SRC-010,53,PENDING_G1_REVIEW,"Deterministic text comparison only; not a legal or domain approval. Workbook explanation, implementation guidance and cross-references are non-normative."
2.32,MATCH,MATCH,MATCH,1.000000,NORMALIZED_EXACT,UNCHANGED_BY_18_2024,SRC-010,53,PENDING_G1_REVIEW,"Deterministic text comparison only; not a legal or domain approval. Workbook explanation, implementation guidance and cross-references are non-normative."
2.33,MATCH,MATCH,MATCH,1.000000,NORMALIZED_EXACT,UNCHANGED_BY_18_2024,SRC-010,53,PENDING_G1_REVIEW,"Deterministic text comparison only; not a legal or domain approval. Workbook explanation, implementation guidance and cross-references are non-normative."
2.34,MATCH,MATCH,MATCH,1.000000,NORMALIZED_EXACT,UNCHANGED_BY_18_2024,SRC-010,53,PENDING_G1_REVIEW,"Deterministic text comparison only; not a legal or domain approval. Workbook explanation, implementation guidance and cross-references are non-normative."
2.35,MATCH,MATCH,MATCH,1.000000,NORMALIZED_EXACT,UNCHANGED_BY_18_2024,SRC-010,53,PENDING_G1_REVIEW,"Deterministic text comparison only; not a legal or domain approval. Workbook explanation, implementation guidance and cross-references are non-normative."
2.36,MATCH,MATCH,MATCH,1.000000,NORMALIZED_EXACT,UNCHANGED_BY_18_2024,SRC-010,53,PENDING_G1_REVIEW,"Deterministic text comparison only; not a legal or domain approval. Workbook explanation, implementation guidance and cross-references are non-normative."
2.37,MATCH,MATCH,MATCH,1.000000,NORMALIZED_EXACT,UNCHANGED_BY_18_2024,SRC-010,53,PENDING_G1_REVIEW,"Deterministic text comparison only; not a legal or domain approval. Workbook explanation, implementation guidance and cross-references are non-normative."
2.38,MATCH,MATCH,MATCH,1.000000,NORMALIZED_EXACT,UNCHANGED_BY_18_2024,SRC-010,53,PENDING_G1_REVIEW,"Deterministic text comparison only; not a legal or domain approval. Workbook explanation, implementation guidance and cross-references are non-normative."
2.39,MATCH,MATCH,MATCH,1.000000,NORMALIZED_EXACT,UNCHANGED_BY_18_2024,SRC-010,53,PENDING_G1_REVIEW,"Deterministic text comparison only; not a legal or domain approval. Workbook explanation, implementation guidance and cross-references are non-normative."
2.40,MATCH,MATCH,MATCH,1.000000,NORMALIZED_EXACT,UNCHANGED_BY_18_2024,SRC-010,53;54,PENDING_G1_REVIEW,"Deterministic text comparison only; not a legal or domain approval. Workbook explanation, implementation guidance and cross-references are non-normative."
2.41,MATCH,MATCH,MATCH,1.000000,NORMALIZED_EXACT,UNCHANGED_BY_18_2024,SRC-010,54,PENDING_G1_REVIEW,"Deterministic text comparison only; not a legal or domain approval. Workbook explanation, implementation guidance and cross-references are non-normative."
2.42,MATCH,MATCH,MATCH,1.000000,NORMALIZED_EXACT,UNCHANGED_BY_18_2024,SRC-010,54,PENDING_G1_REVIEW,"Deterministic text comparison only; not a legal or domain approval. Workbook explanation, implementation guidance and cross-references are non-normative."
2.43,MATCH,MATCH,MATCH,1.000000,NORMALIZED_EXACT,UNCHANGED_BY_18_2024,SRC-010,54,PENDING_G1_REVIEW,"Deterministic text comparison only; not a legal or domain approval. Workbook explanation, implementation guidance and cross-references are non-normative."
2.44,MATCH,MATCH,MATCH,1.000000,NORMALIZED_EXACT,UNCHANGED_BY_18_2024,SRC-010,54,PENDING_G1_REVIEW,"Deterministic text comparison only; not a legal or domain approval. Workbook explanation, implementation guidance and cross-references are non-normative."
2.45,MATCH,MATCH,MATCH,1.000000,NORMALIZED_EXACT,UNCHANGED_BY_18_2024,SRC-010,54,PENDING_G1_REVIEW,"Deterministic text comparison only; not a legal or domain approval. Workbook explanation, implementation guidance and cross-references are non-normative."
2.46,MATCH,MATCH,MATCH,1.000000,NORMALIZED_EXACT,UNCHANGED_BY_18_2024,SRC-010,54,PENDING_G1_REVIEW,"Deterministic text comparison only; not a legal or domain approval. Workbook explanation, implementation guidance and cross-references are non-normative."
2.47,MATCH,MATCH,MATCH,1.000000,NORMALIZED_EXACT,UNCHANGED_BY_18_2024,SRC-010,54,PENDING_G1_REVIEW,"Deterministic text comparison only; not a legal or domain approval. Workbook explanation, implementation guidance and cross-references are non-normative."
2.48,MATCH,MATCH,MATCH,1.000000,NORMALIZED_EXACT,UNCHANGED_BY_18_2024,SRC-010,54,PENDING_G1_REVIEW,"Deterministic text comparison only; not a legal or domain approval. Workbook explanation, implementation guidance and cross-references are non-normative."
2.49,MATCH,MATCH,MATCH,1.000000,NORMALIZED_EXACT,UNCHANGED_BY_18_2024,SRC-010,54,PENDING_G1_REVIEW,"Deterministic text comparison only; not a legal or domain approval. Workbook explanation, implementation guidance and cross-references are non-normative."
2.50,MATCH,MATCH,MATCH,1.000000,NORMALIZED_EXACT,UNCHANGED_BY_18_2024,SRC-010,54,PENDING_G1_REVIEW,"Deterministic text comparison only; not a legal or domain approval. Workbook explanation, implementation guidance and cross-references are non-normative."
2.51,MATCH,MATCH,MATCH,1.000000,NORMALIZED_EXACT,UNCHANGED_BY_18_2024,SRC-010,54,PENDING_G1_REVIEW,"Deterministic text comparison only; not a legal or domain approval. Workbook explanation, implementation guidance and cross-references are non-normative."
2.52,MATCH,MATCH,MATCH,1.000000,NORMALIZED_EXACT,UNCHANGED_BY_18_2024,SRC-010,54,PENDING_G1_REVIEW,"Deterministic text comparison only; not a legal or domain approval. Workbook explanation, implementation guidance and cross-references are non-normative."
2.53,MATCH,MATCH,MATCH,1.000000,NORMALIZED_EXACT,UNCHANGED_BY_18_2024,SRC-010,54,PENDING_G1_REVIEW,"Deterministic text comparison only; not a legal or domain approval. Workbook explanation, implementation guidance and cross-references are non-normative."
2.54,MATCH,MATCH,MATCH,1.000000,NORMALIZED_EXACT,UNCHANGED_BY_18_2024,SRC-010,54;55,PENDING_G1_REVIEW,"Deterministic text comparison only; not a legal or domain approval. Workbook explanation, implementation guidance and cross-references are non-normative."
2.55,MATCH,MATCH,MATCH,1.000000,NORMALIZED_EXACT,UNCHANGED_BY_18_2024,SRC-010,55,PENDING_G1_REVIEW,"Deterministic text comparison only; not a legal or domain approval. Workbook explanation, implementation guidance and cross-references are non-normative."
2.56,MATCH,MATCH,MATCH,1.000000,NORMALIZED_EXACT,UNCHANGED_BY_18_2024,SRC-010,55,PENDING_G1_REVIEW,"Deterministic text comparison only; not a legal or domain approval. Workbook explanation, implementation guidance and cross-references are non-normative."
2.57,MATCH,MATCH,MATCH,1.000000,NORMALIZED_EXACT,UNCHANGED_BY_18_2024,SRC-010,55,PENDING_G1_REVIEW,"Deterministic text comparison only; not a legal or domain approval. Workbook explanation, implementation guidance and cross-references are non-normative."
2.58,MATCH,MATCH,MATCH,1.000000,NORMALIZED_EXACT,UNCHANGED_BY_18_2024,SRC-010,55,PENDING_G1_REVIEW,"Deterministic text comparison only; not a legal or domain approval. Workbook explanation, implementation guidance and cross-references are non-normative."
2.59,MATCH,MATCH,MATCH,1.000000,NORMALIZED_EXACT,UNCHANGED_BY_18_2024,SRC-010,55,PENDING_G1_REVIEW,"Deterministic text comparison only; not a legal or domain approval. Workbook explanation, implementation guidance and cross-references are non-normative."
2.60,MATCH,MATCH,MATCH,1.000000,NORMALIZED_EXACT,UNCHANGED_BY_18_2024,SRC-010,55,PENDING_G1_REVIEW,"Deterministic text comparison only; not a legal or domain approval. Workbook explanation, implementation guidance and cross-references are non-normative."
2.61,MATCH,MATCH,MATCH,1.000000,NORMALIZED_EXACT,UNCHANGED_BY_18_2024,SRC-010,55,PENDING_G1_REVIEW,"Deterministic text comparison only; not a legal or domain approval. Workbook explanation, implementation guidance and cross-references are non-normative."
2.62,MATCH,MATCH,MATCH,1.000000,NORMALIZED_EXACT,UNCHANGED_BY_18_2024,SRC-010,55,PENDING_G1_REVIEW,"Deterministic text comparison only; not a legal or domain approval. Workbook explanation, implementation guidance and cross-references are non-normative."
2.63,MATCH,MATCH,MATCH,1.000000,NORMALIZED_EXACT,UNCHANGED_BY_18_2024,SRC-010,55,PENDING_G1_REVIEW,"Deterministic text comparison only; not a legal or domain approval. Workbook explanation, implementation guidance and cross-references are non-normative."
2.64,MATCH,MATCH,MATCH,1.000000,NORMALIZED_EXACT,UNCHANGED_BY_18_2024,SRC-010,55,PENDING_G1_REVIEW,"Deterministic text comparison only; not a legal or domain approval. Workbook explanation, implementation guidance and cross-references are non-normative."
2.65,MATCH,MATCH,MATCH,1.000000,NORMALIZED_EXACT,UNCHANGED_BY_18_2024,SRC-010,55,PENDING_G1_REVIEW,"Deterministic text comparison only; not a legal or domain approval. Workbook explanation, implementation guidance and cross-references are non-normative."
2.66,MATCH,MATCH,MATCH,1.000000,NORMALIZED_EXACT,UNCHANGED_BY_18_2024,SRC-010,55;56,PENDING_G1_REVIEW,"Deterministic text comparison only; not a legal or domain approval. Workbook explanation, implementation guidance and cross-references are non-normative."
2.67,MATCH,MATCH,MATCH,1.000000,NORMALIZED_EXACT,UNCHANGED_BY_18_2024,SRC-010,56,PENDING_G1_REVIEW,"Deterministic text comparison only; not a legal or domain approval. Workbook explanation, implementation guidance and cross-references are non-normative."
2.68,MATCH,MATCH,MATCH,1.000000,NORMALIZED_EXACT,UNCHANGED_BY_18_2024,SRC-010,56,PENDING_G1_REVIEW,"Deterministic text comparison only; not a legal or domain approval. Workbook explanation, implementation guidance and cross-references are non-normative."
2.69,MATCH,MATCH,MATCH,1.000000,NORMALIZED_EXACT,UNCHANGED_BY_18_2024,SRC-010,56,PENDING_G1_REVIEW,"Deterministic text comparison only; not a legal or domain approval. Workbook explanation, implementation guidance and cross-references are non-normative."
2.70,MATCH,MATCH,MATCH,1.000000,NORMALIZED_EXACT,UNCHANGED_BY_18_2024,SRC-010,56,PENDING_G1_REVIEW,"Deterministic text comparison only; not a legal or domain approval. Workbook explanation, implementation guidance and cross-references are non-normative."
2.71,MATCH,MATCH,MATCH,1.000000,NORMALIZED_EXACT,UNCHANGED_BY_18_2024,SRC-010,56,PENDING_G1_REVIEW,"Deterministic text comparison only; not a legal or domain approval. Workbook explanation, implementation guidance and cross-references are non-normative."
2.72,MATCH,MATCH,MATCH,1.000000,NORMALIZED_EXACT,UNCHANGED_BY_18_2024,SRC-010,56,PENDING_G1_REVIEW,"Deterministic text comparison only; not a legal or domain approval. Workbook explanation, implementation guidance and cross-references are non-normative."
2.73,MATCH,MATCH,MATCH,1.000000,NORMALIZED_EXACT,UNCHANGED_BY_18_2024,SRC-010,56,PENDING_G1_REVIEW,"Deterministic text comparison only; not a legal or domain approval. Workbook explanation, implementation guidance and cross-references are non-normative."
2.74,MATCH,MATCH,MATCH,1.000000,NORMALIZED_EXACT,UNCHANGED_BY_18_2024,SRC-010,56;57,PENDING_G1_REVIEW,"Deterministic text comparison only; not a legal or domain approval. Workbook explanation, implementation guidance and cross-references are non-normative."
2.75,MATCH,MATCH,MATCH,1.000000,NORMALIZED_EXACT,UNCHANGED_BY_18_2024,SRC-010,57,PENDING_G1_REVIEW,"Deterministic text comparison only; not a legal or domain approval. Workbook explanation, implementation guidance and cross-references are non-normative."
2.76,MATCH,MATCH,MATCH,1.000000,NORMALIZED_EXACT,UNCHANGED_BY_18_2024,SRC-010,57,PENDING_G1_REVIEW,"Deterministic text comparison only; not a legal or domain approval. Workbook explanation, implementation guidance and cross-references are non-normative."
2.77,MATCH,MATCH,MATCH,1.000000,NORMALIZED_EXACT,UNCHANGED_BY_18_2024,SRC-010,57,PENDING_G1_REVIEW,"Deterministic text comparison only; not a legal or domain approval. Workbook explanation, implementation guidance and cross-references are non-normative."
2.78,MATCH,MATCH,MATCH,1.000000,NORMALIZED_EXACT,UNCHANGED_BY_18_2024,SRC-010,57,PENDING_G1_REVIEW,"Deterministic text comparison only; not a legal or domain approval. Workbook explanation, implementation guidance and cross-references are non-normative."
2.79,MATCH,MATCH,MATCH,1.000000,NORMALIZED_EXACT,UNCHANGED_BY_18_2024,SRC-010,57,PENDING_G1_REVIEW,"Deterministic text comparison only; not a legal or domain approval. Workbook explanation, implementation guidance and cross-references are non-normative."
2.80,MATCH,MATCH,MATCH,1.000000,NORMALIZED_EXACT,UNCHANGED_BY_18_2024,SRC-010,57,PENDING_G1_REVIEW,"Deterministic text comparison only; not a legal or domain approval. Workbook explanation, implementation guidance and cross-references are non-normative."
2.81,MATCH,MATCH,MATCH,1.000000,NORMALIZED_EXACT,UNCHANGED_BY_18_2024,SRC-010,57,PENDING_G1_REVIEW,"Deterministic text comparison only; not a legal or domain approval. Workbook explanation, implementation guidance and cross-references are non-normative."
2.82,MATCH,MATCH,MATCH,1.000000,NORMALIZED_EXACT,UNCHANGED_BY_18_2024,SRC-010,57,PENDING_G1_REVIEW,"Deterministic text comparison only; not a legal or domain approval. Workbook explanation, implementation guidance and cross-references are non-normative."
2.83,MATCH,MATCH,MATCH,1.000000,NORMALIZED_EXACT,UNCHANGED_BY_18_2024,SRC-010,57,PENDING_G1_REVIEW,"Deterministic text comparison only; not a legal or domain approval. Workbook explanation, implementation guidance and cross-references are non-normative."
2.84,MATCH,MATCH,MATCH,1.000000,NORMALIZED_EXACT,UNCHANGED_BY_18_2024,SRC-010,57,PENDING_G1_REVIEW,"Deterministic text comparison only; not a legal or domain approval. Workbook explanation, implementation guidance and cross-references are non-normative."
2.85,MATCH,MATCH,MATCH,1.000000,NORMALIZED_EXACT,UNCHANGED_BY_18_2024,SRC-010,57,PENDING_G1_REVIEW,"Deterministic text comparison only; not a legal or domain approval. Workbook explanation, implementation guidance and cross-references are non-normative."
2.86,MATCH,MATCH,MATCH,1.000000,NORMALIZED_EXACT,UNCHANGED_BY_18_2024,SRC-010,57;58,PENDING_G1_REVIEW,"Deterministic text comparison only; not a legal or domain approval. Workbook explanation, implementation guidance and cross-references are non-normative."
2.87,MATCH,MATCH,MATCH,1.000000,NORMALIZED_EXACT,UNCHANGED_BY_18_2024,SRC-010,58,PENDING_G1_REVIEW,"Deterministic text comparison only; not a legal or domain approval. Workbook explanation, implementation guidance and cross-references are non-normative."
2.88,MATCH,MATCH,MATCH,1.000000,NORMALIZED_EXACT,UNCHANGED_BY_18_2024,SRC-010,58,PENDING_G1_REVIEW,"Deterministic text comparison only; not a legal or domain approval. Workbook explanation, implementation guidance and cross-references are non-normative."
2.89,MATCH,MATCH,MATCH,1.000000,NORMALIZED_EXACT,UNCHANGED_BY_18_2024,SRC-010,58,PENDING_G1_REVIEW,"Deterministic text comparison only; not a legal or domain approval. Workbook explanation, implementation guidance and cross-references are non-normative."
2.90,MATCH,MATCH,MATCH,1.000000,NORMALIZED_EXACT,UNCHANGED_BY_18_2024,SRC-010,58,PENDING_G1_REVIEW,"Deterministic text comparison only; not a legal or domain approval. Workbook explanation, implementation guidance and cross-references are non-normative."
2.91,MATCH,MATCH,MATCH,1.000000,NORMALIZED_EXACT,UNCHANGED_BY_18_2024,SRC-010,58,PENDING_G1_REVIEW,"Deterministic text comparison only; not a legal or domain approval. Workbook explanation, implementation guidance and cross-references are non-normative."
2.92,MATCH,MATCH,MATCH,1.000000,NORMALIZED_EXACT,UNCHANGED_BY_18_2024,SRC-010,58,PENDING_G1_REVIEW,"Deterministic text comparison only; not a legal or domain approval. Workbook explanation, implementation guidance and cross-references are non-normative."
2.93,MATCH,MATCH,MATCH,1.000000,NORMALIZED_EXACT,UNCHANGED_BY_18_2024,SRC-010,58,PENDING_G1_REVIEW,"Deterministic text comparison only; not a legal or domain approval. Workbook explanation, implementation guidance and cross-references are non-normative."
2.94,MATCH,MATCH,MATCH,1.000000,NORMALIZED_EXACT,UNCHANGED_BY_18_2024,SRC-010,58,PENDING_G1_REVIEW,"Deterministic text comparison only; not a legal or domain approval. Workbook explanation, implementation guidance and cross-references are non-normative."
2.95,MATCH,MATCH,MATCH,1.000000,NORMALIZED_EXACT,UNCHANGED_BY_18_2024,SRC-010,58,PENDING_G1_REVIEW,"Deterministic text comparison only; not a legal or domain approval. Workbook explanation, implementation guidance and cross-references are non-normative."
2.96,MATCH,MATCH,MATCH,1.000000,NORMALIZED_EXACT,UNCHANGED_BY_18_2024,SRC-010,58,PENDING_G1_REVIEW,"Deterministic text comparison only; not a legal or domain approval. Workbook explanation, implementation guidance and cross-references are non-normative."
2.97,MATCH,MATCH,MATCH,1.000000,NORMALIZED_EXACT,UNCHANGED_BY_18_2024,SRC-010,58,PENDING_G1_REVIEW,"Deterministic text comparison only; not a legal or domain approval. Workbook explanation, implementation guidance and cross-references are non-normative."
2.98,MATCH,MATCH,MATCH,1.000000,NORMALIZED_EXACT,UNCHANGED_BY_18_2024,SRC-010,58;59,PENDING_G1_REVIEW,"Deterministic text comparison only; not a legal or domain approval. Workbook explanation, implementation guidance and cross-references are non-normative."
2.99,MATCH,MATCH,MATCH,1.000000,NORMALIZED_EXACT,UNCHANGED_BY_18_2024,SRC-010,59,PENDING_G1_REVIEW,"Deterministic text comparison only; not a legal or domain approval. Workbook explanation, implementation guidance and cross-references are non-normative."
2.100,MATCH,MATCH,MATCH,1.000000,NORMALIZED_EXACT,UNCHANGED_BY_18_2024,SRC-010,59,PENDING_G1_REVIEW,"Deterministic text comparison only; not a legal or domain approval. Workbook explanation, implementation guidance and cross-references are non-normative."
2.101,MATCH,MATCH,MATCH,1.000000,NORMALIZED_EXACT,UNCHANGED_BY_18_2024,SRC-010,59,PENDING_G1_REVIEW,"Deterministic text comparison only; not a legal or domain approval. Workbook explanation, implementation guidance and cross-references are non-normative."
2.102,MATCH,MATCH,MATCH,1.000000,NORMALIZED_EXACT,UNCHANGED_BY_18_2024,SRC-010,59,PENDING_G1_REVIEW,"Deterministic text comparison only; not a legal or domain approval. Workbook explanation, implementation guidance and cross-references are non-normative."
2.103,MATCH,MATCH,MATCH,1.000000,NORMALIZED_EXACT,UNCHANGED_BY_18_2024,SRC-010,59,PENDING_G1_REVIEW,"Deterministic text comparison only; not a legal or domain approval. Workbook explanation, implementation guidance and cross-references are non-normative."
2.104,MATCH,MATCH,MATCH,1.000000,NORMALIZED_EXACT,UNCHANGED_BY_18_2024,SRC-010,59,PENDING_G1_REVIEW,"Deterministic text comparison only; not a legal or domain approval. Workbook explanation, implementation guidance and cross-references are non-normative."
2.105,MATCH,MATCH,MATCH,1.000000,NORMALIZED_EXACT,UNCHANGED_BY_18_2024,SRC-010,59,PENDING_G1_REVIEW,"Deterministic text comparison only; not a legal or domain approval. Workbook explanation, implementation guidance and cross-references are non-normative."
2.106,MATCH,MATCH,MATCH,1.000000,NORMALIZED_EXACT,UNCHANGED_BY_18_2024,SRC-010,59,PENDING_G1_REVIEW,"Deterministic text comparison only; not a legal or domain approval. Workbook explanation, implementation guidance and cross-references are non-normative."
2.107,MATCH,MATCH,MATCH,1.000000,NORMALIZED_EXACT,UNCHANGED_BY_18_2024,SRC-010,59,PENDING_G1_REVIEW,"Deterministic text comparison only; not a legal or domain approval. Workbook explanation, implementation guidance and cross-references are non-normative."
2.108,MATCH,MATCH,MATCH,1.000000,NORMALIZED_EXACT,UNCHANGED_BY_18_2024,SRC-010,59,PENDING_G1_REVIEW,"Deterministic text comparison only; not a legal or domain approval. Workbook explanation, implementation guidance and cross-references are non-normative."
2.109,MATCH,MATCH,MATCH,1.000000,NORMALIZED_EXACT,UNCHANGED_BY_18_2024,SRC-010,59,PENDING_G1_REVIEW,"Deterministic text comparison only; not a legal or domain approval. Workbook explanation, implementation guidance and cross-references are non-normative."
2.110,MATCH,MATCH,MATCH,1.000000,NORMALIZED_EXACT,UNCHANGED_BY_18_2024,SRC-010,59,PENDING_G1_REVIEW,"Deterministic text comparison only; not a legal or domain approval. Workbook explanation, implementation guidance and cross-references are non-normative."
2.111,MATCH,MATCH,MATCH,1.000000,NORMALIZED_EXACT,UNCHANGED_BY_18_2024,SRC-010,59,PENDING_G1_REVIEW,"Deterministic text comparison only; not a legal or domain approval. Workbook explanation, implementation guidance and cross-references are non-normative."
2.112,MATCH,MATCH,MATCH,1.000000,NORMALIZED_EXACT,UNCHANGED_BY_18_2024,SRC-010,59;60,PENDING_G1_REVIEW,"Deterministic text comparison only; not a legal or domain approval. Workbook explanation, implementation guidance and cross-references are non-normative."
2.113,MATCH,MATCH,MATCH,1.000000,NORMALIZED_EXACT,UNCHANGED_BY_18_2024,SRC-010,60,PENDING_G1_REVIEW,"Deterministic text comparison only; not a legal or domain approval. Workbook explanation, implementation guidance and cross-references are non-normative."
2.114,MATCH,MATCH,MATCH,1.000000,NORMALIZED_EXACT,UNCHANGED_BY_18_2024,SRC-010,60,PENDING_G1_REVIEW,"Deterministic text comparison only; not a legal or domain approval. Workbook explanation, implementation guidance and cross-references are non-normative."
2.115,MATCH,MATCH,MATCH,1.000000,NORMALIZED_EXACT,UNCHANGED_BY_18_2024,SRC-010,60,PENDING_G1_REVIEW,"Deterministic text comparison only; not a legal or domain approval. Workbook explanation, implementation guidance and cross-references are non-normative."
2.116,MATCH,MATCH,MATCH,1.000000,NORMALIZED_EXACT,UNCHANGED_BY_18_2024,SRC-010,60,PENDING_G1_REVIEW,"Deterministic text comparison only; not a legal or domain approval. Workbook explanation, implementation guidance and cross-references are non-normative."
2.117,MATCH,MATCH,MATCH,1.000000,NORMALIZED_EXACT,UNCHANGED_BY_18_2024,SRC-010,60,PENDING_G1_REVIEW,"Deterministic text comparison only; not a legal or domain approval. Workbook explanation, implementation guidance and cross-references are non-normative."
2.118,MATCH,MATCH,MATCH,1.000000,NORMALIZED_EXACT,UNCHANGED_BY_18_2024,SRC-010,60,PENDING_G1_REVIEW,"Deterministic text comparison only; not a legal or domain approval. Workbook explanation, implementation guidance and cross-references are non-normative."
2.119,MATCH,MATCH,MATCH,1.000000,NORMALIZED_EXACT,UNCHANGED_BY_18_2024,SRC-010,60,PENDING_G1_REVIEW,"Deterministic text comparison only; not a legal or domain approval. Workbook explanation, implementation guidance and cross-references are non-normative."
2.120,MATCH,MATCH,MATCH,1.000000,NORMALIZED_EXACT,UNCHANGED_BY_18_2024,SRC-010,60,PENDING_G1_REVIEW,"Deterministic text comparison only; not a legal or domain approval. Workbook explanation, implementation guidance and cross-references are non-normative."
2.121,MATCH,MATCH,MATCH,1.000000,NORMALIZED_EXACT,UNCHANGED_BY_18_2024,SRC-010,60;61,PENDING_G1_REVIEW,"Deterministic text comparison only; not a legal or domain approval. Workbook explanation, implementation guidance and cross-references are non-normative."
2.122,MATCH,MATCH,MATCH,1.000000,NORMALIZED_EXACT,UNCHANGED_BY_18_2024,SRC-010,61,PENDING_G1_REVIEW,"Deterministic text comparison only; not a legal or domain approval. Workbook explanation, implementation guidance and cross-references are non-normative."
2.123,MATCH,MATCH,MATCH,1.000000,NORMALIZED_EXACT,UNCHANGED_BY_18_2024,SRC-010,61,PENDING_G1_REVIEW,"Deterministic text comparison only; not a legal or domain approval. Workbook explanation, implementation guidance and cross-references are non-normative."
2.124,MATCH,MATCH,MATCH,1.000000,NORMALIZED_EXACT,UNCHANGED_BY_18_2024,SRC-010,61,PENDING_G1_REVIEW,"Deterministic text comparison only; not a legal or domain approval. Workbook explanation, implementation guidance and cross-references are non-normative."
2.125,MATCH,MATCH,MATCH,1.000000,NORMALIZED_EXACT,UNCHANGED_BY_18_2024,SRC-010,61,PENDING_G1_REVIEW,"Deterministic text comparison only; not a legal or domain approval. Workbook explanation, implementation guidance and cross-references are non-normative."
2.126,MATCH,MATCH,MATCH,1.000000,NORMALIZED_EXACT,UNCHANGED_BY_18_2024,SRC-010,61,PENDING_G1_REVIEW,"Deterministic text comparison only; not a legal or domain approval. Workbook explanation, implementation guidance and cross-references are non-normative."
2.127,MATCH,MATCH,MATCH,1.000000,NORMALIZED_EXACT,UNCHANGED_BY_18_2024,SRC-010,61,PENDING_G1_REVIEW,"Deterministic text comparison only; not a legal or domain approval. Workbook explanation, implementation guidance and cross-references are non-normative."
2.128,MATCH,MATCH,MATCH,1.000000,NORMALIZED_EXACT,UNCHANGED_BY_18_2024,SRC-010,61,PENDING_G1_REVIEW,"Deterministic text comparison only; not a legal or domain approval. Workbook explanation, implementation guidance and cross-references are non-normative."
2.129,MATCH,MATCH,MATCH,1.000000,NORMALIZED_EXACT,UNCHANGED_BY_18_2024,SRC-010,61;62,PENDING_G1_REVIEW,"Deterministic text comparison only; not a legal or domain approval. Workbook explanation, implementation guidance and cross-references are non-normative."
3.1,MATCH,MATCH,MATCH,1.000000,NORMALIZED_EXACT,UNCHANGED_BY_18_2024,SRC-010,62,PENDING_G1_REVIEW,"Deterministic text comparison only; not a legal or domain approval. Workbook explanation, implementation guidance and cross-references are non-normative."
3.2,MATCH,MATCH,MATCH,1.000000,NORMALIZED_EXACT,UNCHANGED_BY_18_2024,SRC-010,62,PENDING_G1_REVIEW,"Deterministic text comparison only; not a legal or domain approval. Workbook explanation, implementation guidance and cross-references are non-normative."
3.3,MATCH,MATCH,MATCH,1.000000,NORMALIZED_EXACT,UNCHANGED_BY_18_2024,SRC-010,62,PENDING_G1_REVIEW,"Deterministic text comparison only; not a legal or domain approval. Workbook explanation, implementation guidance and cross-references are non-normative."
3.4,MATCH,MATCH,MATCH,1.000000,NORMALIZED_EXACT,UNCHANGED_BY_18_2024,SRC-010,62,PENDING_G1_REVIEW,"Deterministic text comparison only; not a legal or domain approval. Workbook explanation, implementation guidance and cross-references are non-normative."
3.5,MATCH,MATCH,MATCH,1.000000,NORMALIZED_EXACT,UNCHANGED_BY_18_2024,SRC-010,62,PENDING_G1_REVIEW,"Deterministic text comparison only; not a legal or domain approval. Workbook explanation, implementation guidance and cross-references are non-normative."
3.6,MATCH,MATCH,MATCH,1.000000,NORMALIZED_EXACT,UNCHANGED_BY_18_2024,SRC-010,62;63,PENDING_G1_REVIEW,"Deterministic text comparison only; not a legal or domain approval. Workbook explanation, implementation guidance and cross-references are non-normative."
3.7,MATCH,MATCH,MATCH,1.000000,NORMALIZED_EXACT,UNCHANGED_BY_18_2024,SRC-010,63,PENDING_G1_REVIEW,"Deterministic text comparison only; not a legal or domain approval. Workbook explanation, implementation guidance and cross-references are non-normative."
3.8,MATCH,MATCH,MATCH,1.000000,NORMALIZED_EXACT,UNCHANGED_BY_18_2024,SRC-010,63,PENDING_G1_REVIEW,"Deterministic text comparison only; not a legal or domain approval. Workbook explanation, implementation guidance and cross-references are non-normative."
3.9,MATCH,MATCH,MATCH,1.000000,NORMALIZED_EXACT,UNCHANGED_BY_18_2024,SRC-010,63,PENDING_G1_REVIEW,"Deterministic text comparison only; not a legal or domain approval. Workbook explanation, implementation guidance and cross-references are non-normative."
3.10,MATCH,MATCH,MATCH,1.000000,NORMALIZED_EXACT,UNCHANGED_BY_18_2024,SRC-010,63,PENDING_G1_REVIEW,"Deterministic text comparison only; not a legal or domain approval. Workbook explanation, implementation guidance and cross-references are non-normative."
3.11,MATCH,MATCH,MATCH,1.000000,NORMALIZED_EXACT,UNCHANGED_BY_18_2024,SRC-010,63,PENDING_G1_REVIEW,"Deterministic text comparison only; not a legal or domain approval. Workbook explanation, implementation guidance and cross-references are non-normative."
3.12,MATCH,MATCH,MATCH,1.000000,NORMALIZED_EXACT,UNCHANGED_BY_18_2024,SRC-010,63,PENDING_G1_REVIEW,"Deterministic text comparison only; not a legal or domain approval. Workbook explanation, implementation guidance and cross-references are non-normative."
3.13,MATCH,MATCH,MATCH,1.000000,NORMALIZED_EXACT,UNCHANGED_BY_18_2024,SRC-010,63,PENDING_G1_REVIEW,"Deterministic text comparison only; not a legal or domain approval. Workbook explanation, implementation guidance and cross-references are non-normative."
3.14,MATCH,MATCH,MATCH,1.000000,NORMALIZED_EXACT,UNCHANGED_BY_18_2024,SRC-010,63;64,PENDING_G1_REVIEW,"Deterministic text comparison only; not a legal or domain approval. Workbook explanation, implementation guidance and cross-references are non-normative."
4.1,MATCH,MATCH,MATCH,1.000000,NORMALIZED_EXACT,UNCHANGED_BY_18_2024,SRC-010,64,PENDING_G1_REVIEW,"Deterministic text comparison only; not a legal or domain approval. Workbook explanation, implementation guidance and cross-references are non-normative."
4.2,MATCH,MATCH,MATCH,1.000000,NORMALIZED_EXACT,UNCHANGED_BY_18_2024,SRC-010,64,PENDING_G1_REVIEW,"Deterministic text comparison only; not a legal or domain approval. Workbook explanation, implementation guidance and cross-references are non-normative."
4.3,MATCH,MATCH,MATCH,1.000000,NORMALIZED_EXACT,UNCHANGED_BY_18_2024,SRC-010,64,PENDING_G1_REVIEW,"Deterministic text comparison only; not a legal or domain approval. Workbook explanation, implementation guidance and cross-references are non-normative."
4.4,MATCH,MATCH,MATCH,1.000000,NORMALIZED_EXACT,UNCHANGED_BY_18_2024,SRC-010,64;65,PENDING_G1_REVIEW,"Deterministic text comparison only; not a legal or domain approval. Workbook explanation, implementation guidance and cross-references are non-normative."
4.5,MATCH,MATCH,MATCH,1.000000,NORMALIZED_EXACT,UNCHANGED_BY_18_2024,SRC-010,65,PENDING_G1_REVIEW,"Deterministic text comparison only; not a legal or domain approval. Workbook explanation, implementation guidance and cross-references are non-normative."
4.6,MATCH,MATCH,MATCH,1.000000,NORMALIZED_EXACT,UNCHANGED_BY_18_2024,SRC-010,65,PENDING_G1_REVIEW,"Deterministic text comparison only; not a legal or domain approval. Workbook explanation, implementation guidance and cross-references are non-normative."
4.7,MATCH,MATCH,MATCH,1.000000,NORMALIZED_EXACT,UNCHANGED_BY_18_2024,SRC-010,65,PENDING_G1_REVIEW,"Deterministic text comparison only; not a legal or domain approval. Workbook explanation, implementation guidance and cross-references are non-normative."
4.8,MATCH,MATCH,MATCH,1.000000,NORMALIZED_EXACT,UNCHANGED_BY_18_2024,SRC-010,65,PENDING_G1_REVIEW,"Deterministic text comparison only; not a legal or domain approval. Workbook explanation, implementation guidance and cross-references are non-normative."
4.9,MATCH,MATCH,MATCH,1.000000,NORMALIZED_EXACT,UNCHANGED_BY_18_2024,SRC-010,65,PENDING_G1_REVIEW,"Deterministic text comparison only; not a legal or domain approval. Workbook explanation, implementation guidance and cross-references are non-normative."
4.10,MATCH,MATCH,MATCH,1.000000,NORMALIZED_EXACT,UNCHANGED_BY_18_2024,SRC-010,65,PENDING_G1_REVIEW,"Deterministic text comparison only; not a legal or domain approval. Workbook explanation, implementation guidance and cross-references are non-normative."
4.11,MATCH,MATCH,MATCH,1.000000,NORMALIZED_EXACT,UNCHANGED_BY_18_2024,SRC-010,65,PENDING_G1_REVIEW,"Deterministic text comparison only; not a legal or domain approval. Workbook explanation, implementation guidance and cross-references are non-normative."
4.12,MATCH,MATCH,MATCH,1.000000,NORMALIZED_EXACT,UNCHANGED_BY_18_2024,SRC-010,65,PENDING_G1_REVIEW,"Deterministic text comparison only; not a legal or domain approval. Workbook explanation, implementation guidance and cross-references are non-normative."
4.13,MATCH,MATCH,MATCH,1.000000,NORMALIZED_EXACT,UNCHANGED_BY_18_2024,SRC-010,65,PENDING_G1_REVIEW,"Deterministic text comparison only; not a legal or domain approval. Workbook explanation, implementation guidance and cross-references are non-normative."
4.14,MATCH,MATCH,MATCH,1.000000,NORMALIZED_EXACT,UNCHANGED_BY_18_2024,SRC-010,65,PENDING_G1_REVIEW,"Deterministic text comparison only; not a legal or domain approval. Workbook explanation, implementation guidance and cross-references are non-normative."
4.15,MATCH,MATCH,MATCH,1.000000,NORMALIZED_EXACT,UNCHANGED_BY_18_2024,SRC-010,65,PENDING_G1_REVIEW,"Deterministic text comparison only; not a legal or domain approval. Workbook explanation, implementation guidance and cross-references are non-normative."
4.16,MATCH,MATCH,MATCH,1.000000,NORMALIZED_EXACT,UNCHANGED_BY_18_2024,SRC-010,65,PENDING_G1_REVIEW,"Deterministic text comparison only; not a legal or domain approval. Workbook explanation, implementation guidance and cross-references are non-normative."
4.17,MATCH,MATCH,MATCH,1.000000,NORMALIZED_EXACT,UNCHANGED_BY_18_2024,SRC-010,65,PENDING_G1_REVIEW,"Deterministic text comparison only; not a legal or domain approval. Workbook explanation, implementation guidance and cross-references are non-normative."
4.18,MATCH,MATCH,MATCH,1.000000,NORMALIZED_EXACT,UNCHANGED_BY_18_2024,SRC-010,65;66,PENDING_G1_REVIEW,"Deterministic text comparison only; not a legal or domain approval. Workbook explanation, implementation guidance and cross-references are non-normative."
4.19,MATCH,MATCH,MATCH,1.000000,NORMALIZED_EXACT,UNCHANGED_BY_18_2024,SRC-010,66,PENDING_G1_REVIEW,"Deterministic text comparison only; not a legal or domain approval. Workbook explanation, implementation guidance and cross-references are non-normative."
4.20,MATCH,MATCH,MATCH,1.000000,NORMALIZED_EXACT,UNCHANGED_BY_18_2024,SRC-010,66,PENDING_G1_REVIEW,"Deterministic text comparison only; not a legal or domain approval. Workbook explanation, implementation guidance and cross-references are non-normative."
4.21,MATCH,MATCH,MATCH,1.000000,NORMALIZED_EXACT,UNCHANGED_BY_18_2024,SRC-010,66,PENDING_G1_REVIEW,"Deterministic text comparison only; not a legal or domain approval. Workbook explanation, implementation guidance and cross-references are non-normative."
4.22,MATCH,MATCH,MATCH,1.000000,NORMALIZED_EXACT,UNCHANGED_BY_18_2024,SRC-010,66,PENDING_G1_REVIEW,"Deterministic text comparison only; not a legal or domain approval. Workbook explanation, implementation guidance and cross-references are non-normative."
4.23,MATCH,MATCH,MATCH,1.000000,NORMALIZED_EXACT,UNCHANGED_BY_18_2024,SRC-010,66,PENDING_G1_REVIEW,"Deterministic text comparison only; not a legal or domain approval. Workbook explanation, implementation guidance and cross-references are non-normative."
4.24,MATCH,MATCH,MATCH,1.000000,NORMALIZED_EXACT,UNCHANGED_BY_18_2024,SRC-010,66,PENDING_G1_REVIEW,"Deterministic text comparison only; not a legal or domain approval. Workbook explanation, implementation guidance and cross-references are non-normative."
4.25,MATCH,MATCH,MATCH,1.000000,NORMALIZED_EXACT,UNCHANGED_BY_18_2024,SRC-010,66,PENDING_G1_REVIEW,"Deterministic text comparison only; not a legal or domain approval. Workbook explanation, implementation guidance and cross-references are non-normative."
4.26,MATCH,MATCH,MATCH,1.000000,NORMALIZED_EXACT,UNCHANGED_BY_18_2024,SRC-010,66,PENDING_G1_REVIEW,"Deterministic text comparison only; not a legal or domain approval. Workbook explanation, implementation guidance and cross-references are non-normative."
4.27,MATCH,MATCH,MATCH,1.000000,NORMALIZED_EXACT,UNCHANGED_BY_18_2024,SRC-010,66,PENDING_G1_REVIEW,"Deterministic text comparison only; not a legal or domain approval. Workbook explanation, implementation guidance and cross-references are non-normative."
4.28,MATCH,MATCH,MATCH,1.000000,NORMALIZED_EXACT,UNCHANGED_BY_18_2024,SRC-010,66,PENDING_G1_REVIEW,"Deterministic text comparison only; not a legal or domain approval. Workbook explanation, implementation guidance and cross-references are non-normative."
4.29,MATCH,MATCH,MATCH,1.000000,NORMALIZED_EXACT,UNCHANGED_BY_18_2024,SRC-010,66,PENDING_G1_REVIEW,"Deterministic text comparison only; not a legal or domain approval. Workbook explanation, implementation guidance and cross-references are non-normative."
4.30,MATCH,MATCH,MATCH,1.000000,NORMALIZED_EXACT,UNCHANGED_BY_18_2024,SRC-010,66,PENDING_G1_REVIEW,"Deterministic text comparison only; not a legal or domain approval. Workbook explanation, implementation guidance and cross-references are non-normative."
4.31,MATCH,MATCH,MATCH,1.000000,NORMALIZED_EXACT,UNCHANGED_BY_18_2024,SRC-010,66,PENDING_G1_REVIEW,"Deterministic text comparison only; not a legal or domain approval. Workbook explanation, implementation guidance and cross-references are non-normative."
4.32,MATCH,MATCH,MATCH,1.000000,NORMALIZED_EXACT,UNCHANGED_BY_18_2024,SRC-010,66;67,PENDING_G1_REVIEW,"Deterministic text comparison only; not a legal or domain approval. Workbook explanation, implementation guidance and cross-references are non-normative."
4.33,MATCH,MATCH,MATCH,1.000000,NORMALIZED_EXACT,UNCHANGED_BY_18_2024,SRC-010,67,PENDING_G1_REVIEW,"Deterministic text comparison only; not a legal or domain approval. Workbook explanation, implementation guidance and cross-references are non-normative."
4.34,MATCH,MATCH,MATCH,1.000000,NORMALIZED_EXACT,UNCHANGED_BY_18_2024,SRC-010,67,PENDING_G1_REVIEW,"Deterministic text comparison only; not a legal or domain approval. Workbook explanation, implementation guidance and cross-references are non-normative."
4.35,MATCH,MATCH,MATCH,1.000000,NORMALIZED_EXACT,UNCHANGED_BY_18_2024,SRC-010,67,PENDING_G1_REVIEW,"Deterministic text comparison only; not a legal or domain approval. Workbook explanation, implementation guidance and cross-references are non-normative."
4.36,MATCH,MATCH,MATCH,1.000000,NORMALIZED_EXACT,UNCHANGED_BY_18_2024,SRC-010,67,PENDING_G1_REVIEW,"Deterministic text comparison only; not a legal or domain approval. Workbook explanation, implementation guidance and cross-references are non-normative."
4.37,MATCH,MATCH,MATCH,1.000000,NORMALIZED_EXACT,UNCHANGED_BY_18_2024,SRC-010,67,PENDING_G1_REVIEW,"Deterministic text comparison only; not a legal or domain approval. Workbook explanation, implementation guidance and cross-references are non-normative."
4.38,MATCH,MATCH,MATCH,1.000000,NORMALIZED_EXACT,UNCHANGED_BY_18_2024,SRC-010,67,PENDING_G1_REVIEW,"Deterministic text comparison only; not a legal or domain approval. Workbook explanation, implementation guidance and cross-references are non-normative."
4.39,MATCH,MATCH,MATCH,1.000000,NORMALIZED_EXACT,UNCHANGED_BY_18_2024,SRC-010,67,PENDING_G1_REVIEW,"Deterministic text comparison only; not a legal or domain approval. Workbook explanation, implementation guidance and cross-references are non-normative."
4.40,MATCH,MATCH,MATCH,1.000000,NORMALIZED_EXACT,UNCHANGED_BY_18_2024,SRC-010,67,PENDING_G1_REVIEW,"Deterministic text comparison only; not a legal or domain approval. Workbook explanation, implementation guidance and cross-references are non-normative."
4.41,MATCH,MATCH,MATCH,1.000000,NORMALIZED_EXACT,UNCHANGED_BY_18_2024,SRC-010,67,PENDING_G1_REVIEW,"Deterministic text comparison only; not a legal or domain approval. Workbook explanation, implementation guidance and cross-references are non-normative."
4.42,MATCH,MATCH,MATCH,1.000000,NORMALIZED_EXACT,UNCHANGED_BY_18_2024,SRC-010,67,PENDING_G1_REVIEW,"Deterministic text comparison only; not a legal or domain approval. Workbook explanation, implementation guidance and cross-references are non-normative."
4.43,MATCH,MATCH,MATCH,1.000000,NORMALIZED_EXACT,UNCHANGED_BY_18_2024,SRC-010,67;68,PENDING_G1_REVIEW,"Deterministic text comparison only; not a legal or domain approval. Workbook explanation, implementation guidance and cross-references are non-normative."
4.44,MATCH,MATCH,MATCH,1.000000,NORMALIZED_EXACT,UNCHANGED_BY_18_2024,SRC-010,68,PENDING_G1_REVIEW,"Deterministic text comparison only; not a legal or domain approval. Workbook explanation, implementation guidance and cross-references are non-normative."
4.45,MATCH,MATCH,MATCH,1.000000,NORMALIZED_EXACT,UNCHANGED_BY_18_2024,SRC-010,68,PENDING_G1_REVIEW,"Deterministic text comparison only; not a legal or domain approval. Workbook explanation, implementation guidance and cross-references are non-normative."
4.46,MATCH,MATCH,MATCH,1.000000,NORMALIZED_EXACT,UNCHANGED_BY_18_2024,SRC-010,68,PENDING_G1_REVIEW,"Deterministic text comparison only; not a legal or domain approval. Workbook explanation, implementation guidance and cross-references are non-normative."
4.47,MATCH,MATCH,MATCH,1.000000,NORMALIZED_EXACT,UNCHANGED_BY_18_2024,SRC-010,68,PENDING_G1_REVIEW,"Deterministic text comparison only; not a legal or domain approval. Workbook explanation, implementation guidance and cross-references are non-normative."
4.48,MATCH,MATCH,MATCH,1.000000,NORMALIZED_EXACT,UNCHANGED_BY_18_2024,SRC-010,68,PENDING_G1_REVIEW,"Deterministic text comparison only; not a legal or domain approval. Workbook explanation, implementation guidance and cross-references are non-normative."
4.49,MATCH,MATCH,MATCH,1.000000,NORMALIZED_EXACT,UNCHANGED_BY_18_2024,SRC-010,68,PENDING_G1_REVIEW,"Deterministic text comparison only; not a legal or domain approval. Workbook explanation, implementation guidance and cross-references are non-normative."
4.50,MATCH,MATCH,MATCH,1.000000,NORMALIZED_EXACT,UNCHANGED_BY_18_2024,SRC-010,68,PENDING_G1_REVIEW,"Deterministic text comparison only; not a legal or domain approval. Workbook explanation, implementation guidance and cross-references are non-normative."
4.51,MATCH,MATCH,MATCH,1.000000,NORMALIZED_EXACT,UNCHANGED_BY_18_2024,SRC-010,68,PENDING_G1_REVIEW,"Deterministic text comparison only; not a legal or domain approval. Workbook explanation, implementation guidance and cross-references are non-normative."
4.52,MATCH,MATCH,MATCH,1.000000,NORMALIZED_EXACT,UNCHANGED_BY_18_2024,SRC-010,68;69,PENDING_G1_REVIEW,"Deterministic text comparison only; not a legal or domain approval. Workbook explanation, implementation guidance and cross-references are non-normative."
5.1,MATCH,MATCH,MATCH,1.000000,NORMALIZED_EXACT,UNCHANGED_BY_18_2024,SRC-010,69,PENDING_G1_REVIEW,"Deterministic text comparison only; not a legal or domain approval. Workbook explanation, implementation guidance and cross-references are non-normative."
5.2,MATCH,MATCH,MATCH,1.000000,NORMALIZED_EXACT,UNCHANGED_BY_18_2024,SRC-010,69,PENDING_G1_REVIEW,"Deterministic text comparison only; not a legal or domain approval. Workbook explanation, implementation guidance and cross-references are non-normative."
5.3,MATCH,MATCH,MATCH,0.813397,TEXT_DIFFERENCE_REVIEW_REQUIRED,AMENDED_BY_18_2024,SRC-010,178,PENDING_G1_REVIEW,"Deterministic text comparison only; not a legal or domain approval. Workbook explanation, implementation guidance and cross-references are non-normative."
5.4,MATCH,MATCH,MATCH,0.723404,TEXT_DIFFERENCE_REVIEW_REQUIRED,AMENDED_BY_18_2024,SRC-010,178,PENDING_G1_REVIEW,"Deterministic text comparison only; not a legal or domain approval. Workbook explanation, implementation guidance and cross-references are non-normative."
5.5,MATCH,MATCH,MATCH,1.000000,NORMALIZED_EXACT,UNCHANGED_BY_18_2024,SRC-010,70,PENDING_G1_REVIEW,"Deterministic text comparison only; not a legal or domain approval. Workbook explanation, implementation guidance and cross-references are non-normative."
5.6,MATCH,MATCH,MATCH,1.000000,NORMALIZED_EXACT,UNCHANGED_BY_18_2024,SRC-010,70,PENDING_G1_REVIEW,"Deterministic text comparison only; not a legal or domain approval. Workbook explanation, implementation guidance and cross-references are non-normative."
5.7,MATCH,MATCH,MATCH,1.000000,NORMALIZED_EXACT,UNCHANGED_BY_18_2024,SRC-010,70,PENDING_G1_REVIEW,"Deterministic text comparison only; not a legal or domain approval. Workbook explanation, implementation guidance and cross-references are non-normative."
5.8,MATCH,MATCH,MATCH,1.000000,NORMALIZED_EXACT,UNCHANGED_BY_18_2024,SRC-010,70,PENDING_G1_REVIEW,"Deterministic text comparison only; not a legal or domain approval. Workbook explanation, implementation guidance and cross-references are non-normative."
5.9,MATCH,MATCH,MATCH,1.000000,NORMALIZED_EXACT,UNCHANGED_BY_18_2024,SRC-010,70,PENDING_G1_REVIEW,"Deterministic text comparison only; not a legal or domain approval. Workbook explanation, implementation guidance and cross-references are non-normative."
5.10,MATCH,MATCH,MATCH,1.000000,NORMALIZED_EXACT,UNCHANGED_BY_18_2024,SRC-010,70,PENDING_G1_REVIEW,"Deterministic text comparison only; not a legal or domain approval. Workbook explanation, implementation guidance and cross-references are non-normative."
5.11,MATCH,MATCH,MATCH,1.000000,NORMALIZED_EXACT,UNCHANGED_BY_18_2024,SRC-010,70;71,PENDING_G1_REVIEW,"Deterministic text comparison only; not a legal or domain approval. Workbook explanation, implementation guidance and cross-references are non-normative."
5.12,MATCH,MATCH,MATCH,1.000000,NORMALIZED_EXACT,UNCHANGED_BY_18_2024,SRC-010,71,PENDING_G1_REVIEW,"Deterministic text comparison only; not a legal or domain approval. Workbook explanation, implementation guidance and cross-references are non-normative."
5.13,MATCH,MATCH,MATCH,1.000000,NORMALIZED_EXACT,UNCHANGED_BY_18_2024,SRC-010,71,PENDING_G1_REVIEW,"Deterministic text comparison only; not a legal or domain approval. Workbook explanation, implementation guidance and cross-references are non-normative."
5.14,MATCH,MATCH,MATCH,1.000000,NORMALIZED_EXACT,UNCHANGED_BY_18_2024,SRC-010,71,PENDING_G1_REVIEW,"Deterministic text comparison only; not a legal or domain approval. Workbook explanation, implementation guidance and cross-references are non-normative."
5.15,MATCH,MATCH,MATCH,1.000000,NORMALIZED_EXACT,UNCHANGED_BY_18_2024,SRC-010,71,PENDING_G1_REVIEW,"Deterministic text comparison only; not a legal or domain approval. Workbook explanation, implementation guidance and cross-references are non-normative."
5.16,MATCH,MATCH,MATCH,1.000000,NORMALIZED_EXACT,UNCHANGED_BY_18_2024,SRC-010,71,PENDING_G1_REVIEW,"Deterministic text comparison only; not a legal or domain approval. Workbook explanation, implementation guidance and cross-references are non-normative."
5.17,MATCH,MATCH,MATCH,1.000000,NORMALIZED_EXACT,UNCHANGED_BY_18_2024,SRC-010,71,PENDING_G1_REVIEW,"Deterministic text comparison only; not a legal or domain approval. Workbook explanation, implementation guidance and cross-references are non-normative."
5.18,MATCH,MATCH,MATCH,1.000000,NORMALIZED_EXACT,UNCHANGED_BY_18_2024,SRC-010,71,PENDING_G1_REVIEW,"Deterministic text comparison only; not a legal or domain approval. Workbook explanation, implementation guidance and cross-references are non-normative."
5.19,MATCH,MATCH,MATCH,1.000000,NORMALIZED_EXACT,UNCHANGED_BY_18_2024,SRC-010,71;72,PENDING_G1_REVIEW,"Deterministic text comparison only; not a legal or domain approval. Workbook explanation, implementation guidance and cross-references are non-normative."
5.20,MATCH,MATCH,MATCH,1.000000,NORMALIZED_EXACT,UNCHANGED_BY_18_2024,SRC-010,72,PENDING_G1_REVIEW,"Deterministic text comparison only; not a legal or domain approval. Workbook explanation, implementation guidance and cross-references are non-normative."
5.21,MATCH,MATCH,MATCH,1.000000,NORMALIZED_EXACT,UNCHANGED_BY_18_2024,SRC-010,72,PENDING_G1_REVIEW,"Deterministic text comparison only; not a legal or domain approval. Workbook explanation, implementation guidance and cross-references are non-normative."
5.22,MATCH,MATCH,MATCH,1.000000,NORMALIZED_EXACT,UNCHANGED_BY_18_2024,SRC-010,72,PENDING_G1_REVIEW,"Deterministic text comparison only; not a legal or domain approval. Workbook explanation, implementation guidance and cross-references are non-normative."
5.23,MATCH,MATCH,MATCH,1.000000,NORMALIZED_EXACT,UNCHANGED_BY_18_2024,SRC-010,72,PENDING_G1_REVIEW,"Deterministic text comparison only; not a legal or domain approval. Workbook explanation, implementation guidance and cross-references are non-normative."
5.24,MATCH,MATCH,MATCH,1.000000,NORMALIZED_EXACT,UNCHANGED_BY_18_2024,SRC-010,72,PENDING_G1_REVIEW,"Deterministic text comparison only; not a legal or domain approval. Workbook explanation, implementation guidance and cross-references are non-normative."
5.25,MATCH,MATCH,MATCH,1.000000,NORMALIZED_EXACT,UNCHANGED_BY_18_2024,SRC-010,72,PENDING_G1_REVIEW,"Deterministic text comparison only; not a legal or domain approval. Workbook explanation, implementation guidance and cross-references are non-normative."
5.26,MATCH,MATCH,MATCH,1.000000,NORMALIZED_EXACT,UNCHANGED_BY_18_2024,SRC-010,72;73,PENDING_G1_REVIEW,"Deterministic text comparison only; not a legal or domain approval. Workbook explanation, implementation guidance and cross-references are non-normative."
6.1,MATCH,MATCH,MATCH,1.000000,NORMALIZED_EXACT,UNCHANGED_BY_18_2024,SRC-010,73,PENDING_G1_REVIEW,"Deterministic text comparison only; not a legal or domain approval. Workbook explanation, implementation guidance and cross-references are non-normative."
6.2,MATCH,MATCH,MATCH,1.000000,NORMALIZED_EXACT,UNCHANGED_BY_18_2024,SRC-010,73,PENDING_G1_REVIEW,"Deterministic text comparison only; not a legal or domain approval. Workbook explanation, implementation guidance and cross-references are non-normative."
6.3,MATCH,MATCH,MATCH,1.000000,NORMALIZED_EXACT,UNCHANGED_BY_18_2024,SRC-010,73,PENDING_G1_REVIEW,"Deterministic text comparison only; not a legal or domain approval. Workbook explanation, implementation guidance and cross-references are non-normative."
6.4,MATCH,MATCH,MATCH,1.000000,NORMALIZED_EXACT,UNCHANGED_BY_18_2024,SRC-010,73,PENDING_G1_REVIEW,"Deterministic text comparison only; not a legal or domain approval. Workbook explanation, implementation guidance and cross-references are non-normative."
6.5,MATCH,MATCH,MATCH,1.000000,NORMALIZED_EXACT,UNCHANGED_BY_18_2024,SRC-010,73;74,PENDING_G1_REVIEW,"Deterministic text comparison only; not a legal or domain approval. Workbook explanation, implementation guidance and cross-references are non-normative."
6.6,MATCH,MATCH,MATCH,1.000000,NORMALIZED_EXACT,UNCHANGED_BY_18_2024,SRC-010,74,PENDING_G1_REVIEW,"Deterministic text comparison only; not a legal or domain approval. Workbook explanation, implementation guidance and cross-references are non-normative."
6.7,MATCH,MATCH,MATCH,1.000000,NORMALIZED_EXACT,UNCHANGED_BY_18_2024,SRC-010,74,PENDING_G1_REVIEW,"Deterministic text comparison only; not a legal or domain approval. Workbook explanation, implementation guidance and cross-references are non-normative."
6.8,MATCH,MATCH,MATCH,1.000000,NORMALIZED_EXACT,UNCHANGED_BY_18_2024,SRC-010,74,PENDING_G1_REVIEW,"Deterministic text comparison only; not a legal or domain approval. Workbook explanation, implementation guidance and cross-references are non-normative."
6.9,MATCH,MATCH,MATCH,1.000000,NORMALIZED_EXACT,UNCHANGED_BY_18_2024,SRC-010,74,PENDING_G1_REVIEW,"Deterministic text comparison only; not a legal or domain approval. Workbook explanation, implementation guidance and cross-references are non-normative."
6.10,MATCH,MATCH,MATCH,1.000000,NORMALIZED_EXACT,UNCHANGED_BY_18_2024,SRC-010,74,PENDING_G1_REVIEW,"Deterministic text comparison only; not a legal or domain approval. Workbook explanation, implementation guidance and cross-references are non-normative."
6.11,MATCH,MATCH,MATCH,1.000000,NORMALIZED_EXACT,UNCHANGED_BY_18_2024,SRC-010,74,PENDING_G1_REVIEW,"Deterministic text comparison only; not a legal or domain approval. Workbook explanation, implementation guidance and cross-references are non-normative."
6.12,MATCH,MATCH,MATCH,1.000000,NORMALIZED_EXACT,UNCHANGED_BY_18_2024,SRC-010,74,PENDING_G1_REVIEW,"Deterministic text comparison only; not a legal or domain approval. Workbook explanation, implementation guidance and cross-references are non-normative."
6.13,MATCH,MATCH,MATCH,1.000000,NORMALIZED_EXACT,UNCHANGED_BY_18_2024,SRC-010,74,PENDING_G1_REVIEW,"Deterministic text comparison only; not a legal or domain approval. Workbook explanation, implementation guidance and cross-references are non-normative."
6.14,MATCH,MATCH,MATCH,1.000000,NORMALIZED_EXACT,UNCHANGED_BY_18_2024,SRC-010,74;75,PENDING_G1_REVIEW,"Deterministic text comparison only; not a legal or domain approval. Workbook explanation, implementation guidance and cross-references are non-normative."
6.15,MATCH,MATCH,MATCH,1.000000,NORMALIZED_EXACT,UNCHANGED_BY_18_2024,SRC-010,75,PENDING_G1_REVIEW,"Deterministic text comparison only; not a legal or domain approval. Workbook explanation, implementation guidance and cross-references are non-normative."
6.16,MATCH,MATCH,MATCH,1.000000,NORMALIZED_EXACT,UNCHANGED_BY_18_2024,SRC-010,75,PENDING_G1_REVIEW,"Deterministic text comparison only; not a legal or domain approval. Workbook explanation, implementation guidance and cross-references are non-normative."
6.17,MATCH,MATCH,MATCH,1.000000,NORMALIZED_EXACT,UNCHANGED_BY_18_2024,SRC-010,75,PENDING_G1_REVIEW,"Deterministic text comparison only; not a legal or domain approval. Workbook explanation, implementation guidance and cross-references are non-normative."
6.18,MATCH,MATCH,MATCH,1.000000,NORMALIZED_EXACT,UNCHANGED_BY_18_2024,SRC-010,75,PENDING_G1_REVIEW,"Deterministic text comparison only; not a legal or domain approval. Workbook explanation, implementation guidance and cross-references are non-normative."
6.19,MATCH,MATCH,MATCH,1.000000,NORMALIZED_EXACT,UNCHANGED_BY_18_2024,SRC-010,75,PENDING_G1_REVIEW,"Deterministic text comparison only; not a legal or domain approval. Workbook explanation, implementation guidance and cross-references are non-normative."
6.20,MATCH,MATCH,MATCH,1.000000,NORMALIZED_EXACT,UNCHANGED_BY_18_2024,SRC-010,75,PENDING_G1_REVIEW,"Deterministic text comparison only; not a legal or domain approval. Workbook explanation, implementation guidance and cross-references are non-normative."
6.21,MATCH,MATCH,MATCH,1.000000,NORMALIZED_EXACT,UNCHANGED_BY_18_2024,SRC-010,75,PENDING_G1_REVIEW,"Deterministic text comparison only; not a legal or domain approval. Workbook explanation, implementation guidance and cross-references are non-normative."
6.22,MATCH,MATCH,MATCH,1.000000,NORMALIZED_EXACT,UNCHANGED_BY_18_2024,SRC-010,75,PENDING_G1_REVIEW,"Deterministic text comparison only; not a legal or domain approval. Workbook explanation, implementation guidance and cross-references are non-normative."
6.23,MATCH,MATCH,MATCH,1.000000,NORMALIZED_EXACT,UNCHANGED_BY_18_2024,SRC-010,75,PENDING_G1_REVIEW,"Deterministic text comparison only; not a legal or domain approval. Workbook explanation, implementation guidance and cross-references are non-normative."
6.24,MATCH,MATCH,MATCH,1.000000,NORMALIZED_EXACT,UNCHANGED_BY_18_2024,SRC-010,75,PENDING_G1_REVIEW,"Deterministic text comparison only; not a legal or domain approval. Workbook explanation, implementation guidance and cross-references are non-normative."
6.25,MATCH,MATCH,MATCH,1.000000,NORMALIZED_EXACT,UNCHANGED_BY_18_2024,SRC-010,75;76,PENDING_G1_REVIEW,"Deterministic text comparison only; not a legal or domain approval. Workbook explanation, implementation guidance and cross-references are non-normative."
6.26,MATCH,MATCH,MATCH,1.000000,NORMALIZED_EXACT,UNCHANGED_BY_18_2024,SRC-010,76,PENDING_G1_REVIEW,"Deterministic text comparison only; not a legal or domain approval. Workbook explanation, implementation guidance and cross-references are non-normative."
6.27,MATCH,MATCH,MATCH,1.000000,NORMALIZED_EXACT,UNCHANGED_BY_18_2024,SRC-010,76,PENDING_G1_REVIEW,"Deterministic text comparison only; not a legal or domain approval. Workbook explanation, implementation guidance and cross-references are non-normative."
6.28,MATCH,MATCH,MATCH,1.000000,NORMALIZED_EXACT,UNCHANGED_BY_18_2024,SRC-010,76,PENDING_G1_REVIEW,"Deterministic text comparison only; not a legal or domain approval. Workbook explanation, implementation guidance and cross-references are non-normative."
6.29,MATCH,MATCH,MATCH,1.000000,NORMALIZED_EXACT,UNCHANGED_BY_18_2024,SRC-010,76,PENDING_G1_REVIEW,"Deterministic text comparison only; not a legal or domain approval. Workbook explanation, implementation guidance and cross-references are non-normative."
6.30,MATCH,MATCH,MATCH,1.000000,NORMALIZED_EXACT,UNCHANGED_BY_18_2024,SRC-010,76,PENDING_G1_REVIEW,"Deterministic text comparison only; not a legal or domain approval. Workbook explanation, implementation guidance and cross-references are non-normative."
6.31,MATCH,MATCH,MATCH,1.000000,NORMALIZED_EXACT,UNCHANGED_BY_18_2024,SRC-010,76,PENDING_G1_REVIEW,"Deterministic text comparison only; not a legal or domain approval. Workbook explanation, implementation guidance and cross-references are non-normative."
6.32,MATCH,MATCH,MATCH,1.000000,NORMALIZED_EXACT,UNCHANGED_BY_18_2024,SRC-010,76,PENDING_G1_REVIEW,"Deterministic text comparison only; not a legal or domain approval. Workbook explanation, implementation guidance and cross-references are non-normative."
6.33,MATCH,MATCH,MATCH,1.000000,NORMALIZED_EXACT,UNCHANGED_BY_18_2024,SRC-010,76,PENDING_G1_REVIEW,"Deterministic text comparison only; not a legal or domain approval. Workbook explanation, implementation guidance and cross-references are non-normative."
6.34,MATCH,MATCH,MATCH,1.000000,NORMALIZED_EXACT,UNCHANGED_BY_18_2024,SRC-010,76,PENDING_G1_REVIEW,"Deterministic text comparison only; not a legal or domain approval. Workbook explanation, implementation guidance and cross-references are non-normative."
6.35,MATCH,MATCH,MATCH,1.000000,NORMALIZED_EXACT,UNCHANGED_BY_18_2024,SRC-010,76;77,PENDING_G1_REVIEW,"Deterministic text comparison only; not a legal or domain approval. Workbook explanation, implementation guidance and cross-references are non-normative."
6.36,MATCH,MATCH,MATCH,1.000000,NORMALIZED_EXACT,UNCHANGED_BY_18_2024,SRC-010,77,PENDING_G1_REVIEW,"Deterministic text comparison only; not a legal or domain approval. Workbook explanation, implementation guidance and cross-references are non-normative."
6.37,MATCH,MATCH,MATCH,1.000000,NORMALIZED_EXACT,UNCHANGED_BY_18_2024,SRC-010,77,PENDING_G1_REVIEW,"Deterministic text comparison only; not a legal or domain approval. Workbook explanation, implementation guidance and cross-references are non-normative."
6.38,MATCH,MATCH,MATCH,1.000000,NORMALIZED_EXACT,UNCHANGED_BY_18_2024,SRC-010,77,PENDING_G1_REVIEW,"Deterministic text comparison only; not a legal or domain approval. Workbook explanation, implementation guidance and cross-references are non-normative."
6.39,MATCH,MATCH,MATCH,1.000000,NORMALIZED_EXACT,UNCHANGED_BY_18_2024,SRC-010,77,PENDING_G1_REVIEW,"Deterministic text comparison only; not a legal or domain approval. Workbook explanation, implementation guidance and cross-references are non-normative."
6.40,MATCH,MATCH,MATCH,1.000000,NORMALIZED_EXACT,UNCHANGED_BY_18_2024,SRC-010,77,PENDING_G1_REVIEW,"Deterministic text comparison only; not a legal or domain approval. Workbook explanation, implementation guidance and cross-references are non-normative."
6.41,MATCH,MATCH,MATCH,1.000000,NORMALIZED_EXACT,UNCHANGED_BY_18_2024,SRC-010,77,PENDING_G1_REVIEW,"Deterministic text comparison only; not a legal or domain approval. Workbook explanation, implementation guidance and cross-references are non-normative."
6.42,MATCH,MATCH,MATCH,1.000000,NORMALIZED_EXACT,UNCHANGED_BY_18_2024,SRC-010,77,PENDING_G1_REVIEW,"Deterministic text comparison only; not a legal or domain approval. Workbook explanation, implementation guidance and cross-references are non-normative."
6.43,MATCH,MATCH,MATCH,1.000000,NORMALIZED_EXACT,UNCHANGED_BY_18_2024,SRC-010,77,PENDING_G1_REVIEW,"Deterministic text comparison only; not a legal or domain approval. Workbook explanation, implementation guidance and cross-references are non-normative."
6.44,MATCH,MATCH,MATCH,1.000000,NORMALIZED_EXACT,UNCHANGED_BY_18_2024,SRC-010,77,PENDING_G1_REVIEW,"Deterministic text comparison only; not a legal or domain approval. Workbook explanation, implementation guidance and cross-references are non-normative."
6.45,MATCH,MATCH,MATCH,1.000000,NORMALIZED_EXACT,UNCHANGED_BY_18_2024,SRC-010,77;78,PENDING_G1_REVIEW,"Deterministic text comparison only; not a legal or domain approval. Workbook explanation, implementation guidance and cross-references are non-normative."
6.46,MATCH,MATCH,MATCH,1.000000,NORMALIZED_EXACT,UNCHANGED_BY_18_2024,SRC-010,78,PENDING_G1_REVIEW,"Deterministic text comparison only; not a legal or domain approval. Workbook explanation, implementation guidance and cross-references are non-normative."
6.47,MATCH,MATCH,MATCH,1.000000,NORMALIZED_EXACT,UNCHANGED_BY_18_2024,SRC-010,78,PENDING_G1_REVIEW,"Deterministic text comparison only; not a legal or domain approval. Workbook explanation, implementation guidance and cross-references are non-normative."
6.48,MATCH,MATCH,MATCH,1.000000,NORMALIZED_EXACT,UNCHANGED_BY_18_2024,SRC-010,78,PENDING_G1_REVIEW,"Deterministic text comparison only; not a legal or domain approval. Workbook explanation, implementation guidance and cross-references are non-normative."
6.49,MATCH,MATCH,MATCH,1.000000,NORMALIZED_EXACT,UNCHANGED_BY_18_2024,SRC-010,78,PENDING_G1_REVIEW,"Deterministic text comparison only; not a legal or domain approval. Workbook explanation, implementation guidance and cross-references are non-normative."
6.50,MATCH,MATCH,MATCH,1.000000,NORMALIZED_EXACT,UNCHANGED_BY_18_2024,SRC-010,78,PENDING_G1_REVIEW,"Deterministic text comparison only; not a legal or domain approval. Workbook explanation, implementation guidance and cross-references are non-normative."
6.51,MATCH,MATCH,MATCH,1.000000,NORMALIZED_EXACT,UNCHANGED_BY_18_2024,SRC-010,78,PENDING_G1_REVIEW,"Deterministic text comparison only; not a legal or domain approval. Workbook explanation, implementation guidance and cross-references are non-normative."
6.52,MATCH,MATCH,MATCH,1.000000,NORMALIZED_EXACT,UNCHANGED_BY_18_2024,SRC-010,78,PENDING_G1_REVIEW,"Deterministic text comparison only; not a legal or domain approval. Workbook explanation, implementation guidance and cross-references are non-normative."
6.53,MATCH,MATCH,MATCH,1.000000,NORMALIZED_EXACT,UNCHANGED_BY_18_2024,SRC-010,78;79,PENDING_G1_REVIEW,"Deterministic text comparison only; not a legal or domain approval. Workbook explanation, implementation guidance and cross-references are non-normative."
7.1,MATCH,MATCH,MATCH,1.000000,NORMALIZED_EXACT,UNCHANGED_BY_18_2024,SRC-010,79;80,PENDING_G1_REVIEW,"Deterministic text comparison only; not a legal or domain approval. Workbook explanation, implementation guidance and cross-references are non-normative."
7.2,MATCH,MATCH,MATCH,1.000000,NORMALIZED_EXACT,UNCHANGED_BY_18_2024,SRC-010,80,PENDING_G1_REVIEW,"Deterministic text comparison only; not a legal or domain approval. Workbook explanation, implementation guidance and cross-references are non-normative."
7.3,MATCH,MATCH,MATCH,1.000000,NORMALIZED_EXACT,UNCHANGED_BY_18_2024,SRC-010,80,PENDING_G1_REVIEW,"Deterministic text comparison only; not a legal or domain approval. Workbook explanation, implementation guidance and cross-references are non-normative."
7.4,MATCH,MATCH,MATCH,1.000000,NORMALIZED_EXACT,UNCHANGED_BY_18_2024,SRC-010,80,PENDING_G1_REVIEW,"Deterministic text comparison only; not a legal or domain approval. Workbook explanation, implementation guidance and cross-references are non-normative."
7.5,MATCH,MATCH,MATCH,1.000000,NORMALIZED_EXACT,UNCHANGED_BY_18_2024,SRC-010,80,PENDING_G1_REVIEW,"Deterministic text comparison only; not a legal or domain approval. Workbook explanation, implementation guidance and cross-references are non-normative."
7.6,MATCH,MATCH,MATCH,1.000000,NORMALIZED_EXACT,UNCHANGED_BY_18_2024,SRC-010,80;81,PENDING_G1_REVIEW,"Deterministic text comparison only; not a legal or domain approval. Workbook explanation, implementation guidance and cross-references are non-normative."
7.7,MATCH,MATCH,MATCH,1.000000,NORMALIZED_EXACT,UNCHANGED_BY_18_2024,SRC-010,81,PENDING_G1_REVIEW,"Deterministic text comparison only; not a legal or domain approval. Workbook explanation, implementation guidance and cross-references are non-normative."
7.8,MATCH,MATCH,MATCH,1.000000,NORMALIZED_EXACT,UNCHANGED_BY_18_2024,SRC-010,81,PENDING_G1_REVIEW,"Deterministic text comparison only; not a legal or domain approval. Workbook explanation, implementation guidance and cross-references are non-normative."
7.9,MATCH,MATCH,MATCH,1.000000,NORMALIZED_EXACT,UNCHANGED_BY_18_2024,SRC-010,81,PENDING_G1_REVIEW,"Deterministic text comparison only; not a legal or domain approval. Workbook explanation, implementation guidance and cross-references are non-normative."
7.10,MATCH,MATCH,MATCH,1.000000,NORMALIZED_EXACT,UNCHANGED_BY_18_2024,SRC-010,81,PENDING_G1_REVIEW,"Deterministic text comparison only; not a legal or domain approval. Workbook explanation, implementation guidance and cross-references are non-normative."
7.11,MATCH,MATCH,MATCH,1.000000,NORMALIZED_EXACT,UNCHANGED_BY_18_2024,SRC-010,81,PENDING_G1_REVIEW,"Deterministic text comparison only; not a legal or domain approval. Workbook explanation, implementation guidance and cross-references are non-normative."
7.12,MATCH,MATCH,MATCH,1.000000,NORMALIZED_EXACT,UNCHANGED_BY_18_2024,SRC-010,81,PENDING_G1_REVIEW,"Deterministic text comparison only; not a legal or domain approval. Workbook explanation, implementation guidance and cross-references are non-normative."
7.13,MATCH,MATCH,MATCH,1.000000,NORMALIZED_EXACT,UNCHANGED_BY_18_2024,SRC-010,81,PENDING_G1_REVIEW,"Deterministic text comparison only; not a legal or domain approval. Workbook explanation, implementation guidance and cross-references are non-normative."
7.14,MATCH,MATCH,MATCH,1.000000,NORMALIZED_EXACT,UNCHANGED_BY_18_2024,SRC-010,81,PENDING_G1_REVIEW,"Deterministic text comparison only; not a legal or domain approval. Workbook explanation, implementation guidance and cross-references are non-normative."
7.15,MATCH,MATCH,MATCH,1.000000,NORMALIZED_EXACT,UNCHANGED_BY_18_2024,SRC-010,81,PENDING_G1_REVIEW,"Deterministic text comparison only; not a legal or domain approval. Workbook explanation, implementation guidance and cross-references are non-normative."
7.16,MATCH,MATCH,MATCH,1.000000,NORMALIZED_EXACT,UNCHANGED_BY_18_2024,SRC-010,81,PENDING_G1_REVIEW,"Deterministic text comparison only; not a legal or domain approval. Workbook explanation, implementation guidance and cross-references are non-normative."
7.17,MATCH,MATCH,MATCH,1.000000,NORMALIZED_EXACT,UNCHANGED_BY_18_2024,SRC-010,81,PENDING_G1_REVIEW,"Deterministic text comparison only; not a legal or domain approval. Workbook explanation, implementation guidance and cross-references are non-normative."
7.18,MATCH,MATCH,MATCH,1.000000,NORMALIZED_EXACT,UNCHANGED_BY_18_2024,SRC-010,81;82,PENDING_G1_REVIEW,"Deterministic text comparison only; not a legal or domain approval. Workbook explanation, implementation guidance and cross-references are non-normative."
7.19,MATCH,MATCH,MATCH,1.000000,NORMALIZED_EXACT,UNCHANGED_BY_18_2024,SRC-010,82,PENDING_G1_REVIEW,"Deterministic text comparison only; not a legal or domain approval. Workbook explanation, implementation guidance and cross-references are non-normative."
7.20,MATCH,MATCH,MATCH,1.000000,NORMALIZED_EXACT,UNCHANGED_BY_18_2024,SRC-010,82,PENDING_G1_REVIEW,"Deterministic text comparison only; not a legal or domain approval. Workbook explanation, implementation guidance and cross-references are non-normative."
7.21,MATCH,MATCH,MATCH,1.000000,NORMALIZED_EXACT,UNCHANGED_BY_18_2024,SRC-010,82,PENDING_G1_REVIEW,"Deterministic text comparison only; not a legal or domain approval. Workbook explanation, implementation guidance and cross-references are non-normative."
7.22,MATCH,MATCH,MATCH,1.000000,NORMALIZED_EXACT,UNCHANGED_BY_18_2024,SRC-010,82,PENDING_G1_REVIEW,"Deterministic text comparison only; not a legal or domain approval. Workbook explanation, implementation guidance and cross-references are non-normative."
7.23,MATCH,MATCH,MATCH,1.000000,NORMALIZED_EXACT,UNCHANGED_BY_18_2024,SRC-010,82,PENDING_G1_REVIEW,"Deterministic text comparison only; not a legal or domain approval. Workbook explanation, implementation guidance and cross-references are non-normative."
7.24,MATCH,MATCH,MATCH,1.000000,NORMALIZED_EXACT,UNCHANGED_BY_18_2024,SRC-010,82,PENDING_G1_REVIEW,"Deterministic text comparison only; not a legal or domain approval. Workbook explanation, implementation guidance and cross-references are non-normative."
7.25,MATCH,MATCH,MATCH,1.000000,NORMALIZED_EXACT,UNCHANGED_BY_18_2024,SRC-010,82,PENDING_G1_REVIEW,"Deterministic text comparison only; not a legal or domain approval. Workbook explanation, implementation guidance and cross-references are non-normative."
7.26,MATCH,MATCH,MATCH,1.000000,NORMALIZED_EXACT,UNCHANGED_BY_18_2024,SRC-010,82,PENDING_G1_REVIEW,"Deterministic text comparison only; not a legal or domain approval. Workbook explanation, implementation guidance and cross-references are non-normative."
7.27,MATCH,MATCH,MATCH,1.000000,NORMALIZED_EXACT,UNCHANGED_BY_18_2024,SRC-010,82,PENDING_G1_REVIEW,"Deterministic text comparison only; not a legal or domain approval. Workbook explanation, implementation guidance and cross-references are non-normative."
7.28,MATCH,MATCH,MATCH,1.000000,NORMALIZED_EXACT,UNCHANGED_BY_18_2024,SRC-010,82,PENDING_G1_REVIEW,"Deterministic text comparison only; not a legal or domain approval. Workbook explanation, implementation guidance and cross-references are non-normative."
7.29,MATCH,MATCH,MATCH,1.000000,NORMALIZED_EXACT,UNCHANGED_BY_18_2024,SRC-010,82;83,PENDING_G1_REVIEW,"Deterministic text comparison only; not a legal or domain approval. Workbook explanation, implementation guidance and cross-references are non-normative."
7.30,MATCH,MATCH,MATCH,1.000000,NORMALIZED_EXACT,UNCHANGED_BY_18_2024,SRC-010,83,PENDING_G1_REVIEW,"Deterministic text comparison only; not a legal or domain approval. Workbook explanation, implementation guidance and cross-references are non-normative."
7.31,MATCH,MATCH,MATCH,1.000000,NORMALIZED_EXACT,UNCHANGED_BY_18_2024,SRC-010,83,PENDING_G1_REVIEW,"Deterministic text comparison only; not a legal or domain approval. Workbook explanation, implementation guidance and cross-references are non-normative."
7.32,MATCH,MATCH,MATCH,1.000000,NORMALIZED_EXACT,UNCHANGED_BY_18_2024,SRC-010,83,PENDING_G1_REVIEW,"Deterministic text comparison only; not a legal or domain approval. Workbook explanation, implementation guidance and cross-references are non-normative."
7.33,MATCH,MATCH,MATCH,1.000000,NORMALIZED_EXACT,UNCHANGED_BY_18_2024,SRC-010,83,PENDING_G1_REVIEW,"Deterministic text comparison only; not a legal or domain approval. Workbook explanation, implementation guidance and cross-references are non-normative."
7.34,MATCH,MATCH,MATCH,1.000000,NORMALIZED_EXACT,UNCHANGED_BY_18_2024,SRC-010,83,PENDING_G1_REVIEW,"Deterministic text comparison only; not a legal or domain approval. Workbook explanation, implementation guidance and cross-references are non-normative."
7.35,MATCH,MATCH,MATCH,1.000000,NORMALIZED_EXACT,UNCHANGED_BY_18_2024,SRC-010,83,PENDING_G1_REVIEW,"Deterministic text comparison only; not a legal or domain approval. Workbook explanation, implementation guidance and cross-references are non-normative."
7.36,MATCH,MATCH,MATCH,1.000000,NORMALIZED_EXACT,UNCHANGED_BY_18_2024,SRC-010,83,PENDING_G1_REVIEW,"Deterministic text comparison only; not a legal or domain approval. Workbook explanation, implementation guidance and cross-references are non-normative."
7.37,MATCH,MATCH,MATCH,1.000000,NORMALIZED_EXACT,UNCHANGED_BY_18_2024,SRC-010,83,PENDING_G1_REVIEW,"Deterministic text comparison only; not a legal or domain approval. Workbook explanation, implementation guidance and cross-references are non-normative."
7.38,MATCH,MATCH,MATCH,1.000000,NORMALIZED_EXACT,UNCHANGED_BY_18_2024,SRC-010,83,PENDING_G1_REVIEW,"Deterministic text comparison only; not a legal or domain approval. Workbook explanation, implementation guidance and cross-references are non-normative."
7.39,MATCH,MATCH,MATCH,1.000000,NORMALIZED_EXACT,UNCHANGED_BY_18_2024,SRC-010,83;84,PENDING_G1_REVIEW,"Deterministic text comparison only; not a legal or domain approval. Workbook explanation, implementation guidance and cross-references are non-normative."
7.40,MATCH,MATCH,MATCH,1.000000,NORMALIZED_EXACT,UNCHANGED_BY_18_2024,SRC-010,84,PENDING_G1_REVIEW,"Deterministic text comparison only; not a legal or domain approval. Workbook explanation, implementation guidance and cross-references are non-normative."
7.41,MATCH,MATCH,MATCH,1.000000,NORMALIZED_EXACT,UNCHANGED_BY_18_2024,SRC-010,84,PENDING_G1_REVIEW,"Deterministic text comparison only; not a legal or domain approval. Workbook explanation, implementation guidance and cross-references are non-normative."
7.42,MATCH,MATCH,MATCH,1.000000,NORMALIZED_EXACT,UNCHANGED_BY_18_2024,SRC-010,84,PENDING_G1_REVIEW,"Deterministic text comparison only; not a legal or domain approval. Workbook explanation, implementation guidance and cross-references are non-normative."
7.43,MATCH,MATCH,MATCH,1.000000,NORMALIZED_EXACT,UNCHANGED_BY_18_2024,SRC-010,84,PENDING_G1_REVIEW,"Deterministic text comparison only; not a legal or domain approval. Workbook explanation, implementation guidance and cross-references are non-normative."
7.44,MATCH,MATCH,MATCH,1.000000,NORMALIZED_EXACT,UNCHANGED_BY_18_2024,SRC-010,84,PENDING_G1_REVIEW,"Deterministic text comparison only; not a legal or domain approval. Workbook explanation, implementation guidance and cross-references are non-normative."
7.45,MATCH,MATCH,MATCH,1.000000,NORMALIZED_EXACT,UNCHANGED_BY_18_2024,SRC-010,84,PENDING_G1_REVIEW,"Deterministic text comparison only; not a legal or domain approval. Workbook explanation, implementation guidance and cross-references are non-normative."
7.46,MATCH,MATCH,MATCH,1.000000,NORMALIZED_EXACT,UNCHANGED_BY_18_2024,SRC-010,84,PENDING_G1_REVIEW,"Deterministic text comparison only; not a legal or domain approval. Workbook explanation, implementation guidance and cross-references are non-normative."
7.47,MATCH,MATCH,MATCH,1.000000,NORMALIZED_EXACT,UNCHANGED_BY_18_2024,SRC-010,84,PENDING_G1_REVIEW,"Deterministic text comparison only; not a legal or domain approval. Workbook explanation, implementation guidance and cross-references are non-normative."
7.48,MATCH,MATCH,MATCH,1.000000,NORMALIZED_EXACT,UNCHANGED_BY_18_2024,SRC-010,84,PENDING_G1_REVIEW,"Deterministic text comparison only; not a legal or domain approval. Workbook explanation, implementation guidance and cross-references are non-normative."
7.49,MATCH,MATCH,MATCH,1.000000,NORMALIZED_EXACT,UNCHANGED_BY_18_2024,SRC-010,84;85,PENDING_G1_REVIEW,"Deterministic text comparison only; not a legal or domain approval. Workbook explanation, implementation guidance and cross-references are non-normative."
8.1,MATCH,MATCH,MATCH,1.000000,NORMALIZED_EXACT,UNCHANGED_BY_18_2024,SRC-010,85,PENDING_G1_REVIEW,"Deterministic text comparison only; not a legal or domain approval. Workbook explanation, implementation guidance and cross-references are non-normative."
8.2,MATCH,MATCH,MATCH,1.000000,NORMALIZED_EXACT,UNCHANGED_BY_18_2024,SRC-010,85,PENDING_G1_REVIEW,"Deterministic text comparison only; not a legal or domain approval. Workbook explanation, implementation guidance and cross-references are non-normative."
8.3,MATCH,MATCH,MATCH,1.000000,NORMALIZED_EXACT,UNCHANGED_BY_18_2024,SRC-010,85,PENDING_G1_REVIEW,"Deterministic text comparison only; not a legal or domain approval. Workbook explanation, implementation guidance and cross-references are non-normative."
8.4,MATCH,MATCH,MATCH,1.000000,NORMALIZED_EXACT,UNCHANGED_BY_18_2024,SRC-010,85,PENDING_G1_REVIEW,"Deterministic text comparison only; not a legal or domain approval. Workbook explanation, implementation guidance and cross-references are non-normative."
8.5,MATCH,MATCH,MATCH,1.000000,NORMALIZED_EXACT,UNCHANGED_BY_18_2024,SRC-010,85,PENDING_G1_REVIEW,"Deterministic text comparison only; not a legal or domain approval. Workbook explanation, implementation guidance and cross-references are non-normative."
8.6,MATCH,MATCH,MATCH,1.000000,NORMALIZED_EXACT,UNCHANGED_BY_18_2024,SRC-010,85,PENDING_G1_REVIEW,"Deterministic text comparison only; not a legal or domain approval. Workbook explanation, implementation guidance and cross-references are non-normative."
8.7,MATCH,MATCH,MATCH,1.000000,NORMALIZED_EXACT,UNCHANGED_BY_18_2024,SRC-010,85,PENDING_G1_REVIEW,"Deterministic text comparison only; not a legal or domain approval. Workbook explanation, implementation guidance and cross-references are non-normative."
8.8,MATCH,MATCH,MATCH,1.000000,NORMALIZED_EXACT,UNCHANGED_BY_18_2024,SRC-010,85,PENDING_G1_REVIEW,"Deterministic text comparison only; not a legal or domain approval. Workbook explanation, implementation guidance and cross-references are non-normative."
8.9,MATCH,MATCH,MATCH,1.000000,NORMALIZED_EXACT,UNCHANGED_BY_18_2024,SRC-010,85;86,PENDING_G1_REVIEW,"Deterministic text comparison only; not a legal or domain approval. Workbook explanation, implementation guidance and cross-references are non-normative."
8.10,MATCH,MATCH,MATCH,1.000000,NORMALIZED_EXACT,UNCHANGED_BY_18_2024,SRC-010,86,PENDING_G1_REVIEW,"Deterministic text comparison only; not a legal or domain approval. Workbook explanation, implementation guidance and cross-references are non-normative."
8.11,MATCH,MATCH,MATCH,1.000000,NORMALIZED_EXACT,UNCHANGED_BY_18_2024,SRC-010,86,PENDING_G1_REVIEW,"Deterministic text comparison only; not a legal or domain approval. Workbook explanation, implementation guidance and cross-references are non-normative."
8.12,MATCH,MATCH,MATCH,1.000000,NORMALIZED_EXACT,UNCHANGED_BY_18_2024,SRC-010,86,PENDING_G1_REVIEW,"Deterministic text comparison only; not a legal or domain approval. Workbook explanation, implementation guidance and cross-references are non-normative."
8.13,MATCH,MATCH,MATCH,1.000000,NORMALIZED_EXACT,UNCHANGED_BY_18_2024,SRC-010,86,PENDING_G1_REVIEW,"Deterministic text comparison only; not a legal or domain approval. Workbook explanation, implementation guidance and cross-references are non-normative."
8.14,MATCH,MATCH,MATCH,1.000000,NORMALIZED_EXACT,UNCHANGED_BY_18_2024,SRC-010,86,PENDING_G1_REVIEW,"Deterministic text comparison only; not a legal or domain approval. Workbook explanation, implementation guidance and cross-references are non-normative."
8.15,MATCH,MATCH,MATCH,1.000000,NORMALIZED_EXACT,UNCHANGED_BY_18_2024,SRC-010,86,PENDING_G1_REVIEW,"Deterministic text comparison only; not a legal or domain approval. Workbook explanation, implementation guidance and cross-references are non-normative."
8.16,MATCH,MATCH,MATCH,1.000000,NORMALIZED_EXACT,UNCHANGED_BY_18_2024,SRC-010,86,PENDING_G1_REVIEW,"Deterministic text comparison only; not a legal or domain approval. Workbook explanation, implementation guidance and cross-references are non-normative."
8.17,MATCH,MATCH,MATCH,1.000000,NORMALIZED_EXACT,UNCHANGED_BY_18_2024,SRC-010,86,PENDING_G1_REVIEW,"Deterministic text comparison only; not a legal or domain approval. Workbook explanation, implementation guidance and cross-references are non-normative."
8.18,MATCH,MATCH,MATCH,1.000000,NORMALIZED_EXACT,UNCHANGED_BY_18_2024,SRC-010,86,PENDING_G1_REVIEW,"Deterministic text comparison only; not a legal or domain approval. Workbook explanation, implementation guidance and cross-references are non-normative."
8.19,MATCH,MATCH,MATCH,1.000000,NORMALIZED_EXACT,UNCHANGED_BY_18_2024,SRC-010,86,PENDING_G1_REVIEW,"Deterministic text comparison only; not a legal or domain approval. Workbook explanation, implementation guidance and cross-references are non-normative."
8.20,MATCH,MATCH,MATCH,1.000000,NORMALIZED_EXACT,UNCHANGED_BY_18_2024,SRC-010,86;87,PENDING_G1_REVIEW,"Deterministic text comparison only; not a legal or domain approval. Workbook explanation, implementation guidance and cross-references are non-normative."
8.21,MATCH,MATCH,MATCH,1.000000,NORMALIZED_EXACT,UNCHANGED_BY_18_2024,SRC-010,87,PENDING_G1_REVIEW,"Deterministic text comparison only; not a legal or domain approval. Workbook explanation, implementation guidance and cross-references are non-normative."
8.22,MATCH,MATCH,MATCH,1.000000,NORMALIZED_EXACT,UNCHANGED_BY_18_2024,SRC-010,87;88,PENDING_G1_REVIEW,"Deterministic text comparison only; not a legal or domain approval. Workbook explanation, implementation guidance and cross-references are non-normative."
8.23,MATCH,MATCH,MATCH,1.000000,NORMALIZED_EXACT,UNCHANGED_BY_18_2024,SRC-010,88,PENDING_G1_REVIEW,"Deterministic text comparison only; not a legal or domain approval. Workbook explanation, implementation guidance and cross-references are non-normative."
8.24,MATCH,MATCH,MATCH,1.000000,NORMALIZED_EXACT,UNCHANGED_BY_18_2024,SRC-010,88,PENDING_G1_REVIEW,"Deterministic text comparison only; not a legal or domain approval. Workbook explanation, implementation guidance and cross-references are non-normative."
8.25,MATCH,MATCH,MATCH,1.000000,NORMALIZED_EXACT,UNCHANGED_BY_18_2024,SRC-010,88,PENDING_G1_REVIEW,"Deterministic text comparison only; not a legal or domain approval. Workbook explanation, implementation guidance and cross-references are non-normative."
8.26,MATCH,MATCH,MATCH,1.000000,NORMALIZED_EXACT,UNCHANGED_BY_18_2024,SRC-010,88,PENDING_G1_REVIEW,"Deterministic text comparison only; not a legal or domain approval. Workbook explanation, implementation guidance and cross-references are non-normative."
8.27,MATCH,MATCH,MATCH,1.000000,NORMALIZED_EXACT,UNCHANGED_BY_18_2024,SRC-010,88,PENDING_G1_REVIEW,"Deterministic text comparison only; not a legal or domain approval. Workbook explanation, implementation guidance and cross-references are non-normative."
8.28,MATCH,MATCH,MATCH,1.000000,NORMALIZED_EXACT,UNCHANGED_BY_18_2024,SRC-010,88,PENDING_G1_REVIEW,"Deterministic text comparison only; not a legal or domain approval. Workbook explanation, implementation guidance and cross-references are non-normative."
8.29,MATCH,MATCH,MATCH,1.000000,NORMALIZED_EXACT,UNCHANGED_BY_18_2024,SRC-010,88,PENDING_G1_REVIEW,"Deterministic text comparison only; not a legal or domain approval. Workbook explanation, implementation guidance and cross-references are non-normative."
8.30,MATCH,MATCH,MATCH,1.000000,NORMALIZED_EXACT,UNCHANGED_BY_18_2024,SRC-010,88,PENDING_G1_REVIEW,"Deterministic text comparison only; not a legal or domain approval. Workbook explanation, implementation guidance and cross-references are non-normative."
8.31,MATCH,MATCH,MATCH,1.000000,NORMALIZED_EXACT,UNCHANGED_BY_18_2024,SRC-010,88,PENDING_G1_REVIEW,"Deterministic text comparison only; not a legal or domain approval. Workbook explanation, implementation guidance and cross-references are non-normative."
8.32,MATCH,MATCH,MATCH,1.000000,NORMALIZED_EXACT,UNCHANGED_BY_18_2024,SRC-010,88,PENDING_G1_REVIEW,"Deterministic text comparison only; not a legal or domain approval. Workbook explanation, implementation guidance and cross-references are non-normative."
8.33,MATCH,MATCH,MATCH,1.000000,NORMALIZED_EXACT,UNCHANGED_BY_18_2024,SRC-010,88,PENDING_G1_REVIEW,"Deterministic text comparison only; not a legal or domain approval. Workbook explanation, implementation guidance and cross-references are non-normative."
8.34,MATCH,MATCH,MATCH,1.000000,NORMALIZED_EXACT,UNCHANGED_BY_18_2024,SRC-010,88,PENDING_G1_REVIEW,"Deterministic text comparison only; not a legal or domain approval. Workbook explanation, implementation guidance and cross-references are non-normative."
8.35,MATCH,MATCH,MATCH,1.000000,NORMALIZED_EXACT,UNCHANGED_BY_18_2024,SRC-010,88;89,PENDING_G1_REVIEW,"Deterministic text comparison only; not a legal or domain approval. Workbook explanation, implementation guidance and cross-references are non-normative."
8.36,MATCH,MATCH,MATCH,1.000000,NORMALIZED_EXACT,UNCHANGED_BY_18_2024,SRC-010,89,PENDING_G1_REVIEW,"Deterministic text comparison only; not a legal or domain approval. Workbook explanation, implementation guidance and cross-references are non-normative."
8.37,MATCH,MATCH,MATCH,1.000000,NORMALIZED_EXACT,UNCHANGED_BY_18_2024,SRC-010,89,PENDING_G1_REVIEW,"Deterministic text comparison only; not a legal or domain approval. Workbook explanation, implementation guidance and cross-references are non-normative."
8.38,MATCH,MATCH,MATCH,1.000000,NORMALIZED_EXACT,UNCHANGED_BY_18_2024,SRC-010,89,PENDING_G1_REVIEW,"Deterministic text comparison only; not a legal or domain approval. Workbook explanation, implementation guidance and cross-references are non-normative."
8.39,MATCH,MATCH,MATCH,1.000000,NORMALIZED_EXACT,UNCHANGED_BY_18_2024,SRC-010,89,PENDING_G1_REVIEW,"Deterministic text comparison only; not a legal or domain approval. Workbook explanation, implementation guidance and cross-references are non-normative."
8.40,MATCH,MATCH,MATCH,1.000000,NORMALIZED_EXACT,UNCHANGED_BY_18_2024,SRC-010,89,PENDING_G1_REVIEW,"Deterministic text comparison only; not a legal or domain approval. Workbook explanation, implementation guidance and cross-references are non-normative."
8.41,MATCH,MATCH,MATCH,1.000000,NORMALIZED_EXACT,UNCHANGED_BY_18_2024,SRC-010,89,PENDING_G1_REVIEW,"Deterministic text comparison only; not a legal or domain approval. Workbook explanation, implementation guidance and cross-references are non-normative."
8.42,MATCH,MATCH,MATCH,1.000000,NORMALIZED_EXACT,UNCHANGED_BY_18_2024,SRC-010,89,PENDING_G1_REVIEW,"Deterministic text comparison only; not a legal or domain approval. Workbook explanation, implementation guidance and cross-references are non-normative."
8.43,MATCH,MATCH,MATCH,1.000000,NORMALIZED_EXACT,UNCHANGED_BY_18_2024,SRC-010,89,PENDING_G1_REVIEW,"Deterministic text comparison only; not a legal or domain approval. Workbook explanation, implementation guidance and cross-references are non-normative."
8.44,MATCH,MATCH,MATCH,1.000000,NORMALIZED_EXACT,UNCHANGED_BY_18_2024,SRC-010,89,PENDING_G1_REVIEW,"Deterministic text comparison only; not a legal or domain approval. Workbook explanation, implementation guidance and cross-references are non-normative."
8.45,MATCH,MATCH,MATCH,1.000000,NORMALIZED_EXACT,UNCHANGED_BY_18_2024,SRC-010,89,PENDING_G1_REVIEW,"Deterministic text comparison only; not a legal or domain approval. Workbook explanation, implementation guidance and cross-references are non-normative."
8.46,MATCH,MATCH,MATCH,1.000000,NORMALIZED_EXACT,UNCHANGED_BY_18_2024,SRC-010,89,PENDING_G1_REVIEW,"Deterministic text comparison only; not a legal or domain approval. Workbook explanation, implementation guidance and cross-references are non-normative."
8.47,MATCH,MATCH,MATCH,1.000000,NORMALIZED_EXACT,UNCHANGED_BY_18_2024,SRC-010,89,PENDING_G1_REVIEW,"Deterministic text comparison only; not a legal or domain approval. Workbook explanation, implementation guidance and cross-references are non-normative."
8.48,MATCH,MATCH,MATCH,1.000000,NORMALIZED_EXACT,UNCHANGED_BY_18_2024,SRC-010,89,PENDING_G1_REVIEW,"Deterministic text comparison only; not a legal or domain approval. Workbook explanation, implementation guidance and cross-references are non-normative."
8.49,MATCH,MATCH,MATCH,1.000000,NORMALIZED_EXACT,UNCHANGED_BY_18_2024,SRC-010,89,PENDING_G1_REVIEW,"Deterministic text comparison only; not a legal or domain approval. Workbook explanation, implementation guidance and cross-references are non-normative."
8.50,MATCH,MATCH,MATCH,1.000000,NORMALIZED_EXACT,UNCHANGED_BY_18_2024,SRC-010,89;90,PENDING_G1_REVIEW,"Deterministic text comparison only; not a legal or domain approval. Workbook explanation, implementation guidance and cross-references are non-normative."
9.1,MATCH,MATCH,MATCH,1.000000,NORMALIZED_EXACT,UNCHANGED_BY_18_2024,SRC-010,90,PENDING_G1_REVIEW,"Deterministic text comparison only; not a legal or domain approval. Workbook explanation, implementation guidance and cross-references are non-normative."
9.2,MATCH,MATCH,MATCH,1.000000,NORMALIZED_EXACT,UNCHANGED_BY_18_2024,SRC-010,90,PENDING_G1_REVIEW,"Deterministic text comparison only; not a legal or domain approval. Workbook explanation, implementation guidance and cross-references are non-normative."
9.3,MATCH,MATCH,MATCH,1.000000,NORMALIZED_EXACT,UNCHANGED_BY_18_2024,SRC-010,90,PENDING_G1_REVIEW,"Deterministic text comparison only; not a legal or domain approval. Workbook explanation, implementation guidance and cross-references are non-normative."
9.4,MATCH,MATCH,MATCH,1.000000,NORMALIZED_EXACT,UNCHANGED_BY_18_2024,SRC-010,90,PENDING_G1_REVIEW,"Deterministic text comparison only; not a legal or domain approval. Workbook explanation, implementation guidance and cross-references are non-normative."
9.5,MATCH,MATCH,MATCH,1.000000,NORMALIZED_EXACT,UNCHANGED_BY_18_2024,SRC-010,90,PENDING_G1_REVIEW,"Deterministic text comparison only; not a legal or domain approval. Workbook explanation, implementation guidance and cross-references are non-normative."
9.6,MATCH,MATCH,MATCH,1.000000,NORMALIZED_EXACT,UNCHANGED_BY_18_2024,SRC-010,90,PENDING_G1_REVIEW,"Deterministic text comparison only; not a legal or domain approval. Workbook explanation, implementation guidance and cross-references are non-normative."
9.7,MATCH,MATCH,MATCH,1.000000,NORMALIZED_EXACT,UNCHANGED_BY_18_2024,SRC-010,90;91,PENDING_G1_REVIEW,"Deterministic text comparison only; not a legal or domain approval. Workbook explanation, implementation guidance and cross-references are non-normative."
9.8,MATCH,MATCH,MATCH,1.000000,NORMALIZED_EXACT,UNCHANGED_BY_18_2024,SRC-010,91,PENDING_G1_REVIEW,"Deterministic text comparison only; not a legal or domain approval. Workbook explanation, implementation guidance and cross-references are non-normative."
9.9,MATCH,MATCH,MATCH,1.000000,NORMALIZED_EXACT,UNCHANGED_BY_18_2024,SRC-010,91,PENDING_G1_REVIEW,"Deterministic text comparison only; not a legal or domain approval. Workbook explanation, implementation guidance and cross-references are non-normative."
9.10,MATCH,MATCH,MATCH,1.000000,NORMALIZED_EXACT,UNCHANGED_BY_18_2024,SRC-010,91,PENDING_G1_REVIEW,"Deterministic text comparison only; not a legal or domain approval. Workbook explanation, implementation guidance and cross-references are non-normative."
9.11,MATCH,MATCH,MATCH,1.000000,NORMALIZED_EXACT,UNCHANGED_BY_18_2024,SRC-010,91,PENDING_G1_REVIEW,"Deterministic text comparison only; not a legal or domain approval. Workbook explanation, implementation guidance and cross-references are non-normative."
9.12,MATCH,MATCH,MATCH,1.000000,NORMALIZED_EXACT,UNCHANGED_BY_18_2024,SRC-010,91,PENDING_G1_REVIEW,"Deterministic text comparison only; not a legal or domain approval. Workbook explanation, implementation guidance and cross-references are non-normative."
9.13,MATCH,MATCH,MATCH,1.000000,NORMALIZED_EXACT,UNCHANGED_BY_18_2024,SRC-010,91,PENDING_G1_REVIEW,"Deterministic text comparison only; not a legal or domain approval. Workbook explanation, implementation guidance and cross-references are non-normative."
9.14,MATCH,MATCH,MATCH,1.000000,NORMALIZED_EXACT,UNCHANGED_BY_18_2024,SRC-010,91,PENDING_G1_REVIEW,"Deterministic text comparison only; not a legal or domain approval. Workbook explanation, implementation guidance and cross-references are non-normative."
9.15,MATCH,MATCH,MATCH,1.000000,NORMALIZED_EXACT,UNCHANGED_BY_18_2024,SRC-010,91,PENDING_G1_REVIEW,"Deterministic text comparison only; not a legal or domain approval. Workbook explanation, implementation guidance and cross-references are non-normative."
9.16,MATCH,MATCH,MATCH,1.000000,NORMALIZED_EXACT,UNCHANGED_BY_18_2024,SRC-010,91,PENDING_G1_REVIEW,"Deterministic text comparison only; not a legal or domain approval. Workbook explanation, implementation guidance and cross-references are non-normative."
9.17,MATCH,MATCH,MATCH,1.000000,NORMALIZED_EXACT,UNCHANGED_BY_18_2024,SRC-010,91,PENDING_G1_REVIEW,"Deterministic text comparison only; not a legal or domain approval. Workbook explanation, implementation guidance and cross-references are non-normative."
9.18,MATCH,MATCH,MATCH,1.000000,NORMALIZED_EXACT,UNCHANGED_BY_18_2024,SRC-010,91,PENDING_G1_REVIEW,"Deterministic text comparison only; not a legal or domain approval. Workbook explanation, implementation guidance and cross-references are non-normative."
9.19,MATCH,MATCH,MATCH,1.000000,NORMALIZED_EXACT,UNCHANGED_BY_18_2024,SRC-010,91,PENDING_G1_REVIEW,"Deterministic text comparison only; not a legal or domain approval. Workbook explanation, implementation guidance and cross-references are non-normative."
9.20,MATCH,MATCH,MATCH,1.000000,NORMALIZED_EXACT,UNCHANGED_BY_18_2024,SRC-010,91;92,PENDING_G1_REVIEW,"Deterministic text comparison only; not a legal or domain approval. Workbook explanation, implementation guidance and cross-references are non-normative."
9.21,MATCH,MATCH,MATCH,1.000000,NORMALIZED_EXACT,UNCHANGED_BY_18_2024,SRC-010,92,PENDING_G1_REVIEW,"Deterministic text comparison only; not a legal or domain approval. Workbook explanation, implementation guidance and cross-references are non-normative."
9.22,MATCH,MATCH,MATCH,1.000000,NORMALIZED_EXACT,UNCHANGED_BY_18_2024,SRC-010,92,PENDING_G1_REVIEW,"Deterministic text comparison only; not a legal or domain approval. Workbook explanation, implementation guidance and cross-references are non-normative."
9.23,MATCH,MATCH,MATCH,1.000000,NORMALIZED_EXACT,UNCHANGED_BY_18_2024,SRC-010,92,PENDING_G1_REVIEW,"Deterministic text comparison only; not a legal or domain approval. Workbook explanation, implementation guidance and cross-references are non-normative."
9.24,MATCH,MATCH,MATCH,0.763948,TEXT_DIFFERENCE_REVIEW_REQUIRED,UNCHANGED_BY_18_2024,SRC-010,92,PENDING_G1_REVIEW,"Deterministic text comparison only; not a legal or domain approval. Workbook explanation, implementation guidance and cross-references are non-normative."
9.25,MATCH,MATCH,MATCH,1.000000,NORMALIZED_EXACT,UNCHANGED_BY_18_2024,SRC-010,92,PENDING_G1_REVIEW,"Deterministic text comparison only; not a legal or domain approval. Workbook explanation, implementation guidance and cross-references are non-normative."
9.26,MATCH,MATCH,MATCH,1.000000,NORMALIZED_EXACT,UNCHANGED_BY_18_2024,SRC-010,92,PENDING_G1_REVIEW,"Deterministic text comparison only; not a legal or domain approval. Workbook explanation, implementation guidance and cross-references are non-normative."
9.27,MATCH,MATCH,MATCH,1.000000,NORMALIZED_EXACT,UNCHANGED_BY_18_2024,SRC-010,92,PENDING_G1_REVIEW,"Deterministic text comparison only; not a legal or domain approval. Workbook explanation, implementation guidance and cross-references are non-normative."
9.28,MATCH,MATCH,MATCH,1.000000,NORMALIZED_EXACT,UNCHANGED_BY_18_2024,SRC-010,92,PENDING_G1_REVIEW,"Deterministic text comparison only; not a legal or domain approval. Workbook explanation, implementation guidance and cross-references are non-normative."
9.29,MATCH,MATCH,MATCH,1.000000,NORMALIZED_EXACT,UNCHANGED_BY_18_2024,SRC-010,92,PENDING_G1_REVIEW,"Deterministic text comparison only; not a legal or domain approval. Workbook explanation, implementation guidance and cross-references are non-normative."
9.30,MATCH,MATCH,MATCH,1.000000,NORMALIZED_EXACT,UNCHANGED_BY_18_2024,SRC-010,92,PENDING_G1_REVIEW,"Deterministic text comparison only; not a legal or domain approval. Workbook explanation, implementation guidance and cross-references are non-normative."
9.31,MATCH,MATCH,MATCH,1.000000,NORMALIZED_EXACT,UNCHANGED_BY_18_2024,SRC-010,92,PENDING_G1_REVIEW,"Deterministic text comparison only; not a legal or domain approval. Workbook explanation, implementation guidance and cross-references are non-normative."
9.32,MATCH,MATCH,MATCH,1.000000,NORMALIZED_EXACT,UNCHANGED_BY_18_2024,SRC-010,92,PENDING_G1_REVIEW,"Deterministic text comparison only; not a legal or domain approval. Workbook explanation, implementation guidance and cross-references are non-normative."
9.33,MATCH,MATCH,MATCH,1.000000,NORMALIZED_EXACT,UNCHANGED_BY_18_2024,SRC-010,92;93,PENDING_G1_REVIEW,"Deterministic text comparison only; not a legal or domain approval. Workbook explanation, implementation guidance and cross-references are non-normative."
9.34,MATCH,MATCH,MATCH,1.000000,NORMALIZED_EXACT,UNCHANGED_BY_18_2024,SRC-010,93,PENDING_G1_REVIEW,"Deterministic text comparison only; not a legal or domain approval. Workbook explanation, implementation guidance and cross-references are non-normative."
9.35,MATCH,MATCH,MATCH,1.000000,NORMALIZED_EXACT,UNCHANGED_BY_18_2024,SRC-010,93,PENDING_G1_REVIEW,"Deterministic text comparison only; not a legal or domain approval. Workbook explanation, implementation guidance and cross-references are non-normative."
9.36,MATCH,MATCH,MATCH,1.000000,NORMALIZED_EXACT,UNCHANGED_BY_18_2024,SRC-010,93;94,PENDING_G1_REVIEW,"Deterministic text comparison only; not a legal or domain approval. Workbook explanation, implementation guidance and cross-references are non-normative."
9.37,MATCH,MATCH,MATCH,1.000000,NORMALIZED_EXACT,UNCHANGED_BY_18_2024,SRC-010,94,PENDING_G1_REVIEW,"Deterministic text comparison only; not a legal or domain approval. Workbook explanation, implementation guidance and cross-references are non-normative."
9.38,MATCH,MATCH,MATCH,1.000000,NORMALIZED_EXACT,UNCHANGED_BY_18_2024,SRC-010,94;95,PENDING_G1_REVIEW,"Deterministic text comparison only; not a legal or domain approval. Workbook explanation, implementation guidance and cross-references are non-normative."
10.1,MATCH,MATCH,MATCH,1.000000,NORMALIZED_EXACT,UNCHANGED_BY_18_2024,SRC-010,95,PENDING_G1_REVIEW,"Deterministic text comparison only; not a legal or domain approval. Workbook explanation, implementation guidance and cross-references are non-normative."
10.2,MATCH,MATCH,MATCH,1.000000,NORMALIZED_EXACT,UNCHANGED_BY_18_2024,SRC-010,95,PENDING_G1_REVIEW,"Deterministic text comparison only; not a legal or domain approval. Workbook explanation, implementation guidance and cross-references are non-normative."
10.3,MATCH,MATCH,MATCH,1.000000,NORMALIZED_EXACT,UNCHANGED_BY_18_2024,SRC-010,95;96,PENDING_G1_REVIEW,"Deterministic text comparison only; not a legal or domain approval. Workbook explanation, implementation guidance and cross-references are non-normative."
10.4,MATCH,MATCH,MATCH,1.000000,NORMALIZED_EXACT,UNCHANGED_BY_18_2024,SRC-010,96,PENDING_G1_REVIEW,"Deterministic text comparison only; not a legal or domain approval. Workbook explanation, implementation guidance and cross-references are non-normative."
10.5,MATCH,MATCH,MATCH,1.000000,NORMALIZED_EXACT,UNCHANGED_BY_18_2024,SRC-010,96,PENDING_G1_REVIEW,"Deterministic text comparison only; not a legal or domain approval. Workbook explanation, implementation guidance and cross-references are non-normative."
10.6,MATCH,MATCH,MATCH,1.000000,NORMALIZED_EXACT,UNCHANGED_BY_18_2024,SRC-010,96,PENDING_G1_REVIEW,"Deterministic text comparison only; not a legal or domain approval. Workbook explanation, implementation guidance and cross-references are non-normative."
10.7,MATCH,MATCH,MATCH,1.000000,NORMALIZED_EXACT,UNCHANGED_BY_18_2024,SRC-010,96,PENDING_G1_REVIEW,"Deterministic text comparison only; not a legal or domain approval. Workbook explanation, implementation guidance and cross-references are non-normative."
10.8,MATCH,MATCH,MATCH,1.000000,NORMALIZED_EXACT,UNCHANGED_BY_18_2024,SRC-010,96,PENDING_G1_REVIEW,"Deterministic text comparison only; not a legal or domain approval. Workbook explanation, implementation guidance and cross-references are non-normative."
10.9,MATCH,MATCH,MATCH,1.000000,NORMALIZED_EXACT,UNCHANGED_BY_18_2024,SRC-010,96,PENDING_G1_REVIEW,"Deterministic text comparison only; not a legal or domain approval. Workbook explanation, implementation guidance and cross-references are non-normative."
10.10,MATCH,MATCH,MATCH,1.000000,NORMALIZED_EXACT,UNCHANGED_BY_18_2024,SRC-010,96,PENDING_G1_REVIEW,"Deterministic text comparison only; not a legal or domain approval. Workbook explanation, implementation guidance and cross-references are non-normative."
10.11,MATCH,MATCH,MATCH,1.000000,NORMALIZED_EXACT,UNCHANGED_BY_18_2024,SRC-010,96,PENDING_G1_REVIEW,"Deterministic text comparison only; not a legal or domain approval. Workbook explanation, implementation guidance and cross-references are non-normative."
10.12,MATCH,MATCH,MATCH,1.000000,NORMALIZED_EXACT,UNCHANGED_BY_18_2024,SRC-010,96,PENDING_G1_REVIEW,"Deterministic text comparison only; not a legal or domain approval. Workbook explanation, implementation guidance and cross-references are non-normative."
10.13,MATCH,MATCH,MATCH,1.000000,NORMALIZED_EXACT,UNCHANGED_BY_18_2024,SRC-010,96;97,PENDING_G1_REVIEW,"Deterministic text comparison only; not a legal or domain approval. Workbook explanation, implementation guidance and cross-references are non-normative."
10.14,MATCH,MATCH,MATCH,1.000000,NORMALIZED_EXACT,UNCHANGED_BY_18_2024,SRC-010,97,PENDING_G1_REVIEW,"Deterministic text comparison only; not a legal or domain approval. Workbook explanation, implementation guidance and cross-references are non-normative."
10.15,MATCH,MATCH,MATCH,1.000000,NORMALIZED_EXACT,UNCHANGED_BY_18_2024,SRC-010,97,PENDING_G1_REVIEW,"Deterministic text comparison only; not a legal or domain approval. Workbook explanation, implementation guidance and cross-references are non-normative."
10.16,MATCH,MATCH,MATCH,1.000000,NORMALIZED_EXACT,UNCHANGED_BY_18_2024,SRC-010,97,PENDING_G1_REVIEW,"Deterministic text comparison only; not a legal or domain approval. Workbook explanation, implementation guidance and cross-references are non-normative."
10.17,MATCH,MATCH,MATCH,1.000000,NORMALIZED_EXACT,UNCHANGED_BY_18_2024,SRC-010,97,PENDING_G1_REVIEW,"Deterministic text comparison only; not a legal or domain approval. Workbook explanation, implementation guidance and cross-references are non-normative."
10.18,MATCH,MATCH,MATCH,1.000000,NORMALIZED_EXACT,UNCHANGED_BY_18_2024,SRC-010,97,PENDING_G1_REVIEW,"Deterministic text comparison only; not a legal or domain approval. Workbook explanation, implementation guidance and cross-references are non-normative."
10.19,MATCH,MATCH,MATCH,1.000000,NORMALIZED_EXACT,UNCHANGED_BY_18_2024,SRC-010,97,PENDING_G1_REVIEW,"Deterministic text comparison only; not a legal or domain approval. Workbook explanation, implementation guidance and cross-references are non-normative."
10.20,MATCH,MATCH,MATCH,1.000000,NORMALIZED_EXACT,UNCHANGED_BY_18_2024,SRC-010,97,PENDING_G1_REVIEW,"Deterministic text comparison only; not a legal or domain approval. Workbook explanation, implementation guidance and cross-references are non-normative."
10.21,MATCH,MATCH,MATCH,1.000000,NORMALIZED_EXACT,UNCHANGED_BY_18_2024,SRC-010,97,PENDING_G1_REVIEW,"Deterministic text comparison only; not a legal or domain approval. Workbook explanation, implementation guidance and cross-references are non-normative."
10.22,MATCH,MATCH,MATCH,1.000000,NORMALIZED_EXACT,UNCHANGED_BY_18_2024,SRC-010,97;98,PENDING_G1_REVIEW,"Deterministic text comparison only; not a legal or domain approval. Workbook explanation, implementation guidance and cross-references are non-normative."
10.23,MATCH,MATCH,MATCH,1.000000,NORMALIZED_EXACT,UNCHANGED_BY_18_2024,SRC-010,98,PENDING_G1_REVIEW,"Deterministic text comparison only; not a legal or domain approval. Workbook explanation, implementation guidance and cross-references are non-normative."
10.24,MATCH,MATCH,MATCH,1.000000,NORMALIZED_EXACT,UNCHANGED_BY_18_2024,SRC-010,98,PENDING_G1_REVIEW,"Deterministic text comparison only; not a legal or domain approval. Workbook explanation, implementation guidance and cross-references are non-normative."
10.25,MATCH,MATCH,MATCH,1.000000,NORMALIZED_EXACT,UNCHANGED_BY_18_2024,SRC-010,98;99,PENDING_G1_REVIEW,"Deterministic text comparison only; not a legal or domain approval. Workbook explanation, implementation guidance and cross-references are non-normative."
11.1,MATCH,MATCH,MATCH,1.000000,NORMALIZED_EXACT,UNCHANGED_BY_18_2024,SRC-010,99,PENDING_G1_REVIEW,"Deterministic text comparison only; not a legal or domain approval. Workbook explanation, implementation guidance and cross-references are non-normative."
11.2,MATCH,MATCH,MATCH,1.000000,NORMALIZED_EXACT,UNCHANGED_BY_18_2024,SRC-010,99,PENDING_G1_REVIEW,"Deterministic text comparison only; not a legal or domain approval. Workbook explanation, implementation guidance and cross-references are non-normative."
11.3,MATCH,MATCH,MATCH,1.000000,NORMALIZED_EXACT,UNCHANGED_BY_18_2024,SRC-010,99,PENDING_G1_REVIEW,"Deterministic text comparison only; not a legal or domain approval. Workbook explanation, implementation guidance and cross-references are non-normative."
11.4,MATCH,MATCH,MATCH,1.000000,NORMALIZED_EXACT,UNCHANGED_BY_18_2024,SRC-010,99,PENDING_G1_REVIEW,"Deterministic text comparison only; not a legal or domain approval. Workbook explanation, implementation guidance and cross-references are non-normative."
11.5,MATCH,MATCH,MATCH,1.000000,NORMALIZED_EXACT,UNCHANGED_BY_18_2024,SRC-010,99;100,PENDING_G1_REVIEW,"Deterministic text comparison only; not a legal or domain approval. Workbook explanation, implementation guidance and cross-references are non-normative."
11.6,MATCH,MATCH,MATCH,1.000000,NORMALIZED_EXACT,UNCHANGED_BY_18_2024,SRC-010,100,PENDING_G1_REVIEW,"Deterministic text comparison only; not a legal or domain approval. Workbook explanation, implementation guidance and cross-references are non-normative."
11.7,MATCH,MATCH,MATCH,1.000000,NORMALIZED_EXACT,UNCHANGED_BY_18_2024,SRC-010,100,PENDING_G1_REVIEW,"Deterministic text comparison only; not a legal or domain approval. Workbook explanation, implementation guidance and cross-references are non-normative."
11.8,MATCH,MATCH,MATCH,1.000000,NORMALIZED_EXACT,UNCHANGED_BY_18_2024,SRC-010,100,PENDING_G1_REVIEW,"Deterministic text comparison only; not a legal or domain approval. Workbook explanation, implementation guidance and cross-references are non-normative."
11.9,MATCH,MATCH,MATCH,1.000000,NORMALIZED_EXACT,UNCHANGED_BY_18_2024,SRC-010,100,PENDING_G1_REVIEW,"Deterministic text comparison only; not a legal or domain approval. Workbook explanation, implementation guidance and cross-references are non-normative."
11.10,MATCH,MATCH,MATCH,1.000000,NORMALIZED_EXACT,UNCHANGED_BY_18_2024,SRC-010,100,PENDING_G1_REVIEW,"Deterministic text comparison only; not a legal or domain approval. Workbook explanation, implementation guidance and cross-references are non-normative."
11.11,MATCH,MATCH,MATCH,1.000000,NORMALIZED_EXACT,UNCHANGED_BY_18_2024,SRC-010,100,PENDING_G1_REVIEW,"Deterministic text comparison only; not a legal or domain approval. Workbook explanation, implementation guidance and cross-references are non-normative."
11.12,MATCH,MATCH,MATCH,1.000000,NORMALIZED_EXACT,UNCHANGED_BY_18_2024,SRC-010,100,PENDING_G1_REVIEW,"Deterministic text comparison only; not a legal or domain approval. Workbook explanation, implementation guidance and cross-references are non-normative."
11.13,MATCH,MATCH,MATCH,1.000000,NORMALIZED_EXACT,UNCHANGED_BY_18_2024,SRC-010,100,PENDING_G1_REVIEW,"Deterministic text comparison only; not a legal or domain approval. Workbook explanation, implementation guidance and cross-references are non-normative."
11.14,MATCH,MATCH,MATCH,1.000000,NORMALIZED_EXACT,UNCHANGED_BY_18_2024,SRC-010,100,PENDING_G1_REVIEW,"Deterministic text comparison only; not a legal or domain approval. Workbook explanation, implementation guidance and cross-references are non-normative."
11.15,MATCH,MATCH,MATCH,1.000000,NORMALIZED_EXACT,UNCHANGED_BY_18_2024,SRC-010,100,PENDING_G1_REVIEW,"Deterministic text comparison only; not a legal or domain approval. Workbook explanation, implementation guidance and cross-references are non-normative."
11.16,MATCH,MATCH,MATCH,1.000000,NORMALIZED_EXACT,UNCHANGED_BY_18_2024,SRC-010,100;101,PENDING_G1_REVIEW,"Deterministic text comparison only; not a legal or domain approval. Workbook explanation, implementation guidance and cross-references are non-normative."
11.17,MATCH,MATCH,MATCH,1.000000,NORMALIZED_EXACT,UNCHANGED_BY_18_2024,SRC-010,101,PENDING_G1_REVIEW,"Deterministic text comparison only; not a legal or domain approval. Workbook explanation, implementation guidance and cross-references are non-normative."
11.18,MATCH,MATCH,MATCH,1.000000,NORMALIZED_EXACT,UNCHANGED_BY_18_2024,SRC-010,101;102,PENDING_G1_REVIEW,"Deterministic text comparison only; not a legal or domain approval. Workbook explanation, implementation guidance and cross-references are non-normative."
12.1,MATCH,MATCH,MATCH,1.000000,NORMALIZED_EXACT,UNCHANGED_BY_18_2024,SRC-010,102,PENDING_G1_REVIEW,"Deterministic text comparison only; not a legal or domain approval. Workbook explanation, implementation guidance and cross-references are non-normative."
12.2,MATCH,MATCH,MATCH,1.000000,NORMALIZED_EXACT,UNCHANGED_BY_18_2024,SRC-010,102,PENDING_G1_REVIEW,"Deterministic text comparison only; not a legal or domain approval. Workbook explanation, implementation guidance and cross-references are non-normative."
12.3,MATCH,MATCH,MATCH,1.000000,NORMALIZED_EXACT,UNCHANGED_BY_18_2024,SRC-010,102,PENDING_G1_REVIEW,"Deterministic text comparison only; not a legal or domain approval. Workbook explanation, implementation guidance and cross-references are non-normative."
12.4,MATCH,MATCH,MATCH,1.000000,NORMALIZED_EXACT,UNCHANGED_BY_18_2024,SRC-010,102,PENDING_G1_REVIEW,"Deterministic text comparison only; not a legal or domain approval. Workbook explanation, implementation guidance and cross-references are non-normative."
12.5,MATCH,MATCH,MATCH,1.000000,NORMALIZED_EXACT,UNCHANGED_BY_18_2024,SRC-010,102;103,PENDING_G1_REVIEW,"Deterministic text comparison only; not a legal or domain approval. Workbook explanation, implementation guidance and cross-references are non-normative."
12.6,MATCH,MATCH,MATCH,1.000000,NORMALIZED_EXACT,UNCHANGED_BY_18_2024,SRC-010,103,PENDING_G1_REVIEW,"Deterministic text comparison only; not a legal or domain approval. Workbook explanation, implementation guidance and cross-references are non-normative."
12.7,MATCH,MATCH,MATCH,1.000000,NORMALIZED_EXACT,UNCHANGED_BY_18_2024,SRC-010,103,PENDING_G1_REVIEW,"Deterministic text comparison only; not a legal or domain approval. Workbook explanation, implementation guidance and cross-references are non-normative."
12.8,MATCH,MATCH,MATCH,1.000000,NORMALIZED_EXACT,UNCHANGED_BY_18_2024,SRC-010,103,PENDING_G1_REVIEW,"Deterministic text comparison only; not a legal or domain approval. Workbook explanation, implementation guidance and cross-references are non-normative."
12.9,MATCH,MATCH,MATCH,1.000000,NORMALIZED_EXACT,UNCHANGED_BY_18_2024,SRC-010,103,PENDING_G1_REVIEW,"Deterministic text comparison only; not a legal or domain approval. Workbook explanation, implementation guidance and cross-references are non-normative."
12.10,MATCH,MATCH,MATCH,1.000000,NORMALIZED_EXACT,UNCHANGED_BY_18_2024,SRC-010,103,PENDING_G1_REVIEW,"Deterministic text comparison only; not a legal or domain approval. Workbook explanation, implementation guidance and cross-references are non-normative."
12.11,MATCH,MATCH,MATCH,1.000000,NORMALIZED_EXACT,UNCHANGED_BY_18_2024,SRC-010,103,PENDING_G1_REVIEW,"Deterministic text comparison only; not a legal or domain approval. Workbook explanation, implementation guidance and cross-references are non-normative."
12.12,MATCH,MATCH,MATCH,1.000000,NORMALIZED_EXACT,UNCHANGED_BY_18_2024,SRC-010,103,PENDING_G1_REVIEW,"Deterministic text comparison only; not a legal or domain approval. Workbook explanation, implementation guidance and cross-references are non-normative."
12.13,MATCH,MATCH,MATCH,1.000000,NORMALIZED_EXACT,UNCHANGED_BY_18_2024,SRC-010,103,PENDING_G1_REVIEW,"Deterministic text comparison only; not a legal or domain approval. Workbook explanation, implementation guidance and cross-references are non-normative."
12.14,MATCH,MATCH,MATCH,1.000000,NORMALIZED_EXACT,UNCHANGED_BY_18_2024,SRC-010,103,PENDING_G1_REVIEW,"Deterministic text comparison only; not a legal or domain approval. Workbook explanation, implementation guidance and cross-references are non-normative."
12.15,MATCH,MATCH,MATCH,1.000000,NORMALIZED_EXACT,UNCHANGED_BY_18_2024,SRC-010,103,PENDING_G1_REVIEW,"Deterministic text comparison only; not a legal or domain approval. Workbook explanation, implementation guidance and cross-references are non-normative."
12.16,MATCH,MATCH,MATCH,1.000000,NORMALIZED_EXACT,UNCHANGED_BY_18_2024,SRC-010,103;104,PENDING_G1_REVIEW,"Deterministic text comparison only; not a legal or domain approval. Workbook explanation, implementation guidance and cross-references are non-normative."
12.17,MATCH,MATCH,MATCH,1.000000,NORMALIZED_EXACT,UNCHANGED_BY_18_2024,SRC-010,104,PENDING_G1_REVIEW,"Deterministic text comparison only; not a legal or domain approval. Workbook explanation, implementation guidance and cross-references are non-normative."
12.18,MATCH,MATCH,MATCH,1.000000,NORMALIZED_EXACT,UNCHANGED_BY_18_2024,SRC-010,104,PENDING_G1_REVIEW,"Deterministic text comparison only; not a legal or domain approval. Workbook explanation, implementation guidance and cross-references are non-normative."
12.19,MATCH,MATCH,MATCH,1.000000,NORMALIZED_EXACT,UNCHANGED_BY_18_2024,SRC-010,104,PENDING_G1_REVIEW,"Deterministic text comparison only; not a legal or domain approval. Workbook explanation, implementation guidance and cross-references are non-normative."
12.20,MATCH,MATCH,MATCH,1.000000,NORMALIZED_EXACT,UNCHANGED_BY_18_2024,SRC-010,104,PENDING_G1_REVIEW,"Deterministic text comparison only; not a legal or domain approval. Workbook explanation, implementation guidance and cross-references are non-normative."
12.21,MATCH,MATCH,MATCH,1.000000,NORMALIZED_EXACT,UNCHANGED_BY_18_2024,SRC-010,104,PENDING_G1_REVIEW,"Deterministic text comparison only; not a legal or domain approval. Workbook explanation, implementation guidance and cross-references are non-normative."
12.22,MATCH,MATCH,MATCH,1.000000,NORMALIZED_EXACT,UNCHANGED_BY_18_2024,SRC-010,104,PENDING_G1_REVIEW,"Deterministic text comparison only; not a legal or domain approval. Workbook explanation, implementation guidance and cross-references are non-normative."
12.23,MATCH,MATCH,MATCH,1.000000,NORMALIZED_EXACT,UNCHANGED_BY_18_2024,SRC-010,104,PENDING_G1_REVIEW,"Deterministic text comparison only; not a legal or domain approval. Workbook explanation, implementation guidance and cross-references are non-normative."
12.24,MATCH,MATCH,MATCH,1.000000,NORMALIZED_EXACT,UNCHANGED_BY_18_2024,SRC-010,104,PENDING_G1_REVIEW,"Deterministic text comparison only; not a legal or domain approval. Workbook explanation, implementation guidance and cross-references are non-normative."
12.25,MATCH,MATCH,MATCH,1.000000,NORMALIZED_EXACT,UNCHANGED_BY_18_2024,SRC-010,104,PENDING_G1_REVIEW,"Deterministic text comparison only; not a legal or domain approval. Workbook explanation, implementation guidance and cross-references are non-normative."
12.26,MATCH,MATCH,MATCH,1.000000,NORMALIZED_EXACT,UNCHANGED_BY_18_2024,SRC-010,104,PENDING_G1_REVIEW,"Deterministic text comparison only; not a legal or domain approval. Workbook explanation, implementation guidance and cross-references are non-normative."
12.27,MATCH,MATCH,MATCH,1.000000,NORMALIZED_EXACT,UNCHANGED_BY_18_2024,SRC-010,104,PENDING_G1_REVIEW,"Deterministic text comparison only; not a legal or domain approval. Workbook explanation, implementation guidance and cross-references are non-normative."
12.28,MATCH,MATCH,MATCH,1.000000,NORMALIZED_EXACT,UNCHANGED_BY_18_2024,SRC-010,104;105,PENDING_G1_REVIEW,"Deterministic text comparison only; not a legal or domain approval. Workbook explanation, implementation guidance and cross-references are non-normative."
12.29,MATCH,MATCH,MATCH,1.000000,NORMALIZED_EXACT,UNCHANGED_BY_18_2024,SRC-010,105,PENDING_G1_REVIEW,"Deterministic text comparison only; not a legal or domain approval. Workbook explanation, implementation guidance and cross-references are non-normative."
12.30,MATCH,MATCH,MATCH,1.000000,NORMALIZED_EXACT,UNCHANGED_BY_18_2024,SRC-010,105,PENDING_G1_REVIEW,"Deterministic text comparison only; not a legal or domain approval. Workbook explanation, implementation guidance and cross-references are non-normative."
12.31,MATCH,MATCH,MATCH,1.000000,NORMALIZED_EXACT,UNCHANGED_BY_18_2024,SRC-010,105,PENDING_G1_REVIEW,"Deterministic text comparison only; not a legal or domain approval. Workbook explanation, implementation guidance and cross-references are non-normative."
12.32,MATCH,MATCH,MATCH,1.000000,NORMALIZED_EXACT,UNCHANGED_BY_18_2024,SRC-010,105,PENDING_G1_REVIEW,"Deterministic text comparison only; not a legal or domain approval. Workbook explanation, implementation guidance and cross-references are non-normative."
12.33,MATCH,MATCH,MATCH,1.000000,NORMALIZED_EXACT,UNCHANGED_BY_18_2024,SRC-010,105,PENDING_G1_REVIEW,"Deterministic text comparison only; not a legal or domain approval. Workbook explanation, implementation guidance and cross-references are non-normative."
12.34,MATCH,MATCH,MATCH,1.000000,NORMALIZED_EXACT,UNCHANGED_BY_18_2024,SRC-010,105,PENDING_G1_REVIEW,"Deterministic text comparison only; not a legal or domain approval. Workbook explanation, implementation guidance and cross-references are non-normative."
12.35,MATCH,MATCH,MATCH,1.000000,NORMALIZED_EXACT,UNCHANGED_BY_18_2024,SRC-010,105,PENDING_G1_REVIEW,"Deterministic text comparison only; not a legal or domain approval. Workbook explanation, implementation guidance and cross-references are non-normative."
12.36,MATCH,MATCH,MATCH,1.000000,NORMALIZED_EXACT,UNCHANGED_BY_18_2024,SRC-010,105,PENDING_G1_REVIEW,"Deterministic text comparison only; not a legal or domain approval. Workbook explanation, implementation guidance and cross-references are non-normative."
12.37,MATCH,MATCH,MATCH,1.000000,NORMALIZED_EXACT,UNCHANGED_BY_18_2024,SRC-010,105,PENDING_G1_REVIEW,"Deterministic text comparison only; not a legal or domain approval. Workbook explanation, implementation guidance and cross-references are non-normative."
12.38,MATCH,MATCH,MATCH,1.000000,NORMALIZED_EXACT,UNCHANGED_BY_18_2024,SRC-010,105,PENDING_G1_REVIEW,"Deterministic text comparison only; not a legal or domain approval. Workbook explanation, implementation guidance and cross-references are non-normative."
12.39,MATCH,MATCH,MATCH,1.000000,NORMALIZED_EXACT,UNCHANGED_BY_18_2024,SRC-010,105,PENDING_G1_REVIEW,"Deterministic text comparison only; not a legal or domain approval. Workbook explanation, implementation guidance and cross-references are non-normative."
12.40,MATCH,MATCH,MATCH,1.000000,NORMALIZED_EXACT,UNCHANGED_BY_18_2024,SRC-010,105;106,PENDING_G1_REVIEW,"Deterministic text comparison only; not a legal or domain approval. Workbook explanation, implementation guidance and cross-references are non-normative."
12.41,MATCH,MATCH,MATCH,1.000000,NORMALIZED_EXACT,UNCHANGED_BY_18_2024,SRC-010,106,PENDING_G1_REVIEW,"Deterministic text comparison only; not a legal or domain approval. Workbook explanation, implementation guidance and cross-references are non-normative."
12.42,MATCH,MATCH,MATCH,1.000000,NORMALIZED_EXACT,UNCHANGED_BY_18_2024,SRC-010,106,PENDING_G1_REVIEW,"Deterministic text comparison only; not a legal or domain approval. Workbook explanation, implementation guidance and cross-references are non-normative."
12.43,MATCH,MATCH,MATCH,1.000000,NORMALIZED_EXACT,UNCHANGED_BY_18_2024,SRC-010,106,PENDING_G1_REVIEW,"Deterministic text comparison only; not a legal or domain approval. Workbook explanation, implementation guidance and cross-references are non-normative."
12.44,MATCH,MATCH,MATCH,1.000000,NORMALIZED_EXACT,UNCHANGED_BY_18_2024,SRC-010,106,PENDING_G1_REVIEW,"Deterministic text comparison only; not a legal or domain approval. Workbook explanation, implementation guidance and cross-references are non-normative."
12.45,MATCH,MATCH,MATCH,1.000000,NORMALIZED_EXACT,UNCHANGED_BY_18_2024,SRC-010,106,PENDING_G1_REVIEW,"Deterministic text comparison only; not a legal or domain approval. Workbook explanation, implementation guidance and cross-references are non-normative."
12.46,MATCH,MATCH,MATCH,1.000000,NORMALIZED_EXACT,UNCHANGED_BY_18_2024,SRC-010,106,PENDING_G1_REVIEW,"Deterministic text comparison only; not a legal or domain approval. Workbook explanation, implementation guidance and cross-references are non-normative."
12.47,MATCH,MATCH,MATCH,1.000000,NORMALIZED_EXACT,UNCHANGED_BY_18_2024,SRC-010,106,PENDING_G1_REVIEW,"Deterministic text comparison only; not a legal or domain approval. Workbook explanation, implementation guidance and cross-references are non-normative."
12.48,MATCH,MATCH,MATCH,1.000000,NORMALIZED_EXACT,UNCHANGED_BY_18_2024,SRC-010,106,PENDING_G1_REVIEW,"Deterministic text comparison only; not a legal or domain approval. Workbook explanation, implementation guidance and cross-references are non-normative."
12.49,MATCH,MATCH,MATCH,1.000000,NORMALIZED_EXACT,UNCHANGED_BY_18_2024,SRC-010,106;107,PENDING_G1_REVIEW,"Deterministic text comparison only; not a legal or domain approval. Workbook explanation, implementation guidance and cross-references are non-normative."
13.1,MATCH,MATCH,MATCH,1.000000,NORMALIZED_EXACT,UNCHANGED_BY_18_2024,SRC-010,107;108,PENDING_G1_REVIEW,"Deterministic text comparison only; not a legal or domain approval. Workbook explanation, implementation guidance and cross-references are non-normative."
13.2,MATCH,MATCH,MATCH,1.000000,NORMALIZED_EXACT,UNCHANGED_BY_18_2024,SRC-010,108;109,PENDING_G1_REVIEW,"Deterministic text comparison only; not a legal or domain approval. Workbook explanation, implementation guidance and cross-references are non-normative."
13.3,MATCH,MATCH,MATCH,0.985012,HIGH_SIMILARITY_REVIEW_REQUIRED,UNCHANGED_BY_18_2024,SRC-010,109,PENDING_G1_REVIEW,"Deterministic text comparison only; not a legal or domain approval. Workbook explanation, implementation guidance and cross-references are non-normative."
13.4,MATCH,MATCH,MATCH,1.000000,NORMALIZED_EXACT,UNCHANGED_BY_18_2024,SRC-010,109,PENDING_G1_REVIEW,"Deterministic text comparison only; not a legal or domain approval. Workbook explanation, implementation guidance and cross-references are non-normative."
13.5,MATCH,MATCH,MATCH,1.000000,NORMALIZED_EXACT,UNCHANGED_BY_18_2024,SRC-010,109,PENDING_G1_REVIEW,"Deterministic text comparison only; not a legal or domain approval. Workbook explanation, implementation guidance and cross-references are non-normative."
13.6,MATCH,MATCH,MATCH,1.000000,NORMALIZED_EXACT,UNCHANGED_BY_18_2024,SRC-010,109,PENDING_G1_REVIEW,"Deterministic text comparison only; not a legal or domain approval. Workbook explanation, implementation guidance and cross-references are non-normative."
13.7,MATCH,MATCH,MATCH,1.000000,NORMALIZED_EXACT,UNCHANGED_BY_18_2024,SRC-010,109;110,PENDING_G1_REVIEW,"Deterministic text comparison only; not a legal or domain approval. Workbook explanation, implementation guidance and cross-references are non-normative."
13.8,MATCH,MATCH,MATCH,1.000000,NORMALIZED_EXACT,UNCHANGED_BY_18_2024,SRC-010,110,PENDING_G1_REVIEW,"Deterministic text comparison only; not a legal or domain approval. Workbook explanation, implementation guidance and cross-references are non-normative."
13.9,MATCH,MATCH,MATCH,1.000000,NORMALIZED_EXACT,UNCHANGED_BY_18_2024,SRC-010,110,PENDING_G1_REVIEW,"Deterministic text comparison only; not a legal or domain approval. Workbook explanation, implementation guidance and cross-references are non-normative."
13.10,MATCH,MATCH,MATCH,1.000000,NORMALIZED_EXACT,UNCHANGED_BY_18_2024,SRC-010,110,PENDING_G1_REVIEW,"Deterministic text comparison only; not a legal or domain approval. Workbook explanation, implementation guidance and cross-references are non-normative."
13.11,MATCH,MATCH,MATCH,1.000000,NORMALIZED_EXACT,UNCHANGED_BY_18_2024,SRC-010,110;111,PENDING_G1_REVIEW,"Deterministic text comparison only; not a legal or domain approval. Workbook explanation, implementation guidance and cross-references are non-normative."
14.1,MATCH,MATCH,MATCH,1.000000,NORMALIZED_EXACT,UNCHANGED_BY_18_2024,SRC-010,111,PENDING_G1_REVIEW,"Deterministic text comparison only; not a legal or domain approval. Workbook explanation, implementation guidance and cross-references are non-normative."
14.2,MATCH,MATCH,MATCH,1.000000,NORMALIZED_EXACT,UNCHANGED_BY_18_2024,SRC-010,111,PENDING_G1_REVIEW,"Deterministic text comparison only; not a legal or domain approval. Workbook explanation, implementation guidance and cross-references are non-normative."
14.3,MATCH,MATCH,MATCH,1.000000,NORMALIZED_EXACT,UNCHANGED_BY_18_2024,SRC-010,111,PENDING_G1_REVIEW,"Deterministic text comparison only; not a legal or domain approval. Workbook explanation, implementation guidance and cross-references are non-normative."
14.4,MATCH,MATCH,MATCH,1.000000,NORMALIZED_EXACT,UNCHANGED_BY_18_2024,SRC-010,111;112,PENDING_G1_REVIEW,"Deterministic text comparison only; not a legal or domain approval. Workbook explanation, implementation guidance and cross-references are non-normative."
14.5,MATCH,MATCH,MATCH,1.000000,NORMALIZED_EXACT,UNCHANGED_BY_18_2024,SRC-010,112,PENDING_G1_REVIEW,"Deterministic text comparison only; not a legal or domain approval. Workbook explanation, implementation guidance and cross-references are non-normative."
14.6,MATCH,MATCH,MATCH,1.000000,NORMALIZED_EXACT,UNCHANGED_BY_18_2024,SRC-010,112,PENDING_G1_REVIEW,"Deterministic text comparison only; not a legal or domain approval. Workbook explanation, implementation guidance and cross-references are non-normative."
14.7,MATCH,MATCH,MATCH,1.000000,NORMALIZED_EXACT,UNCHANGED_BY_18_2024,SRC-010,112,PENDING_G1_REVIEW,"Deterministic text comparison only; not a legal or domain approval. Workbook explanation, implementation guidance and cross-references are non-normative."
14.8,MATCH,MATCH,MATCH,1.000000,NORMALIZED_EXACT,UNCHANGED_BY_18_2024,SRC-010,112,PENDING_G1_REVIEW,"Deterministic text comparison only; not a legal or domain approval. Workbook explanation, implementation guidance and cross-references are non-normative."
14.9,MATCH,MATCH,MATCH,1.000000,NORMALIZED_EXACT,UNCHANGED_BY_18_2024,SRC-010,112,PENDING_G1_REVIEW,"Deterministic text comparison only; not a legal or domain approval. Workbook explanation, implementation guidance and cross-references are non-normative."
14.10,MATCH,MATCH,MATCH,1.000000,NORMALIZED_EXACT,UNCHANGED_BY_18_2024,SRC-010,112;113,PENDING_G1_REVIEW,"Deterministic text comparison only; not a legal or domain approval. Workbook explanation, implementation guidance and cross-references are non-normative."
14.11,MATCH,MATCH,MATCH,1.000000,NORMALIZED_EXACT,UNCHANGED_BY_18_2024,SRC-010,113,PENDING_G1_REVIEW,"Deterministic text comparison only; not a legal or domain approval. Workbook explanation, implementation guidance and cross-references are non-normative."
14.12,MATCH,MATCH,MATCH,1.000000,NORMALIZED_EXACT,UNCHANGED_BY_18_2024,SRC-010,113,PENDING_G1_REVIEW,"Deterministic text comparison only; not a legal or domain approval. Workbook explanation, implementation guidance and cross-references are non-normative."
14.13,MATCH,MATCH,MATCH,1.000000,NORMALIZED_EXACT,UNCHANGED_BY_18_2024,SRC-010,113;114,PENDING_G1_REVIEW,"Deterministic text comparison only; not a legal or domain approval. Workbook explanation, implementation guidance and cross-references are non-normative."
15.1,MATCH,MATCH,MATCH,1.000000,NORMALIZED_EXACT,UNCHANGED_BY_18_2024,SRC-010,114,PENDING_G1_REVIEW,"Deterministic text comparison only; not a legal or domain approval. Workbook explanation, implementation guidance and cross-references are non-normative."
15.2,MATCH,MATCH,MATCH,1.000000,NORMALIZED_EXACT,UNCHANGED_BY_18_2024,SRC-010,114,PENDING_G1_REVIEW,"Deterministic text comparison only; not a legal or domain approval. Workbook explanation, implementation guidance and cross-references are non-normative."
15.3,MATCH,MATCH,MATCH,1.000000,NORMALIZED_EXACT,UNCHANGED_BY_18_2024,SRC-010,114;115,PENDING_G1_REVIEW,"Deterministic text comparison only; not a legal or domain approval. Workbook explanation, implementation guidance and cross-references are non-normative."
15.4,MATCH,MATCH,MATCH,1.000000,NORMALIZED_EXACT,UNCHANGED_BY_18_2024,SRC-010,115,PENDING_G1_REVIEW,"Deterministic text comparison only; not a legal or domain approval. Workbook explanation, implementation guidance and cross-references are non-normative."
15.5,MATCH,MATCH,MATCH,1.000000,NORMALIZED_EXACT,UNCHANGED_BY_18_2024,SRC-010,115,PENDING_G1_REVIEW,"Deterministic text comparison only; not a legal or domain approval. Workbook explanation, implementation guidance and cross-references are non-normative."
15.6,MATCH,MATCH,MATCH,1.000000,NORMALIZED_EXACT,UNCHANGED_BY_18_2024,SRC-010,115,PENDING_G1_REVIEW,"Deterministic text comparison only; not a legal or domain approval. Workbook explanation, implementation guidance and cross-references are non-normative."
15.7,MATCH,MATCH,MATCH,1.000000,NORMALIZED_EXACT,UNCHANGED_BY_18_2024,SRC-010,115,PENDING_G1_REVIEW,"Deterministic text comparison only; not a legal or domain approval. Workbook explanation, implementation guidance and cross-references are non-normative."
15.8,MATCH,MATCH,MATCH,1.000000,NORMALIZED_EXACT,UNCHANGED_BY_18_2024,SRC-010,115,PENDING_G1_REVIEW,"Deterministic text comparison only; not a legal or domain approval. Workbook explanation, implementation guidance and cross-references are non-normative."
15.9,MATCH,MATCH,MATCH,1.000000,NORMALIZED_EXACT,UNCHANGED_BY_18_2024,SRC-010,115;116,PENDING_G1_REVIEW,"Deterministic text comparison only; not a legal or domain approval. Workbook explanation, implementation guidance and cross-references are non-normative."
15.10,MATCH,MATCH,MATCH,1.000000,NORMALIZED_EXACT,UNCHANGED_BY_18_2024,SRC-010,116,PENDING_G1_REVIEW,"Deterministic text comparison only; not a legal or domain approval. Workbook explanation, implementation guidance and cross-references are non-normative."
15.11,MATCH,MATCH,MATCH,1.000000,NORMALIZED_EXACT,UNCHANGED_BY_18_2024,SRC-010,116,PENDING_G1_REVIEW,"Deterministic text comparison only; not a legal or domain approval. Workbook explanation, implementation guidance and cross-references are non-normative."
15.12,MATCH,MATCH,MATCH,1.000000,NORMALIZED_EXACT,UNCHANGED_BY_18_2024,SRC-010,116,PENDING_G1_REVIEW,"Deterministic text comparison only; not a legal or domain approval. Workbook explanation, implementation guidance and cross-references are non-normative."
15.13,MATCH,MATCH,MATCH,1.000000,NORMALIZED_EXACT,UNCHANGED_BY_18_2024,SRC-010,116,PENDING_G1_REVIEW,"Deterministic text comparison only; not a legal or domain approval. Workbook explanation, implementation guidance and cross-references are non-normative."
15.14,MATCH,MATCH,MATCH,1.000000,NORMALIZED_EXACT,UNCHANGED_BY_18_2024,SRC-010,116,PENDING_G1_REVIEW,"Deterministic text comparison only; not a legal or domain approval. Workbook explanation, implementation guidance and cross-references are non-normative."
15.15,MATCH,MATCH,MATCH,1.000000,NORMALIZED_EXACT,UNCHANGED_BY_18_2024,SRC-010,116,PENDING_G1_REVIEW,"Deterministic text comparison only; not a legal or domain approval. Workbook explanation, implementation guidance and cross-references are non-normative."
15.16,MATCH,MATCH,MATCH,1.000000,NORMALIZED_EXACT,UNCHANGED_BY_18_2024,SRC-010,116,PENDING_G1_REVIEW,"Deterministic text comparison only; not a legal or domain approval. Workbook explanation, implementation guidance and cross-references are non-normative."
15.17,MATCH,MATCH,MATCH,1.000000,NORMALIZED_EXACT,UNCHANGED_BY_18_2024,SRC-010,116,PENDING_G1_REVIEW,"Deterministic text comparison only; not a legal or domain approval. Workbook explanation, implementation guidance and cross-references are non-normative."
15.18,MATCH,MATCH,MATCH,1.000000,NORMALIZED_EXACT,UNCHANGED_BY_18_2024,SRC-010,116;117,PENDING_G1_REVIEW,"Deterministic text comparison only; not a legal or domain approval. Workbook explanation, implementation guidance and cross-references are non-normative."
15.19,MATCH,MATCH,MATCH,1.000000,NORMALIZED_EXACT,UNCHANGED_BY_18_2024,SRC-010,117,PENDING_G1_REVIEW,"Deterministic text comparison only; not a legal or domain approval. Workbook explanation, implementation guidance and cross-references are non-normative."
15.20,MATCH,MATCH,MATCH,1.000000,NORMALIZED_EXACT,UNCHANGED_BY_18_2024,SRC-010,117,PENDING_G1_REVIEW,"Deterministic text comparison only; not a legal or domain approval. Workbook explanation, implementation guidance and cross-references are non-normative."
15.21,MATCH,MATCH,MATCH,1.000000,NORMALIZED_EXACT,UNCHANGED_BY_18_2024,SRC-010,117,PENDING_G1_REVIEW,"Deterministic text comparison only; not a legal or domain approval. Workbook explanation, implementation guidance and cross-references are non-normative."
15.22,MATCH,MATCH,MATCH,1.000000,NORMALIZED_EXACT,UNCHANGED_BY_18_2024,SRC-010,117;118,PENDING_G1_REVIEW,"Deterministic text comparison only; not a legal or domain approval. Workbook explanation, implementation guidance and cross-references are non-normative."
16.1,MATCH,MATCH,MATCH,1.000000,NORMALIZED_EXACT,UNCHANGED_BY_18_2024,SRC-010,118,PENDING_G1_REVIEW,"Deterministic text comparison only; not a legal or domain approval. Workbook explanation, implementation guidance and cross-references are non-normative."
16.2,MATCH,MATCH,MATCH,1.000000,NORMALIZED_EXACT,UNCHANGED_BY_18_2024,SRC-010,118,PENDING_G1_REVIEW,"Deterministic text comparison only; not a legal or domain approval. Workbook explanation, implementation guidance and cross-references are non-normative."
16.3,MATCH,MATCH,MATCH,1.000000,NORMALIZED_EXACT,UNCHANGED_BY_18_2024,SRC-010,118,PENDING_G1_REVIEW,"Deterministic text comparison only; not a legal or domain approval. Workbook explanation, implementation guidance and cross-references are non-normative."
16.4,MATCH,MATCH,MATCH,1.000000,NORMALIZED_EXACT,UNCHANGED_BY_18_2024,SRC-010,118,PENDING_G1_REVIEW,"Deterministic text comparison only; not a legal or domain approval. Workbook explanation, implementation guidance and cross-references are non-normative."
16.5,MATCH,MATCH,MATCH,1.000000,NORMALIZED_EXACT,UNCHANGED_BY_18_2024,SRC-010,118;119,PENDING_G1_REVIEW,"Deterministic text comparison only; not a legal or domain approval. Workbook explanation, implementation guidance and cross-references are non-normative."
16.6,MATCH,MATCH,MATCH,1.000000,NORMALIZED_EXACT,UNCHANGED_BY_18_2024,SRC-010,119,PENDING_G1_REVIEW,"Deterministic text comparison only; not a legal or domain approval. Workbook explanation, implementation guidance and cross-references are non-normative."
16.7,MATCH,MATCH,MATCH,1.000000,NORMALIZED_EXACT,UNCHANGED_BY_18_2024,SRC-010,119,PENDING_G1_REVIEW,"Deterministic text comparison only; not a legal or domain approval. Workbook explanation, implementation guidance and cross-references are non-normative."
16.8,MATCH,MATCH,MATCH,1.000000,NORMALIZED_EXACT,UNCHANGED_BY_18_2024,SRC-010,119,PENDING_G1_REVIEW,"Deterministic text comparison only; not a legal or domain approval. Workbook explanation, implementation guidance and cross-references are non-normative."
16.9,MATCH,MATCH,MATCH,1.000000,NORMALIZED_EXACT,UNCHANGED_BY_18_2024,SRC-010,119,PENDING_G1_REVIEW,"Deterministic text comparison only; not a legal or domain approval. Workbook explanation, implementation guidance and cross-references are non-normative."
16.10,MATCH,MATCH,MATCH,1.000000,NORMALIZED_EXACT,UNCHANGED_BY_18_2024,SRC-010,119,PENDING_G1_REVIEW,"Deterministic text comparison only; not a legal or domain approval. Workbook explanation, implementation guidance and cross-references are non-normative."
16.11,MATCH,MATCH,MATCH,1.000000,NORMALIZED_EXACT,UNCHANGED_BY_18_2024,SRC-010,119,PENDING_G1_REVIEW,"Deterministic text comparison only; not a legal or domain approval. Workbook explanation, implementation guidance and cross-references are non-normative."
16.12,MATCH,MATCH,MATCH,1.000000,NORMALIZED_EXACT,UNCHANGED_BY_18_2024,SRC-010,119,PENDING_G1_REVIEW,"Deterministic text comparison only; not a legal or domain approval. Workbook explanation, implementation guidance and cross-references are non-normative."
16.13,MATCH,MATCH,MATCH,1.000000,NORMALIZED_EXACT,UNCHANGED_BY_18_2024,SRC-010,119;120,PENDING_G1_REVIEW,"Deterministic text comparison only; not a legal or domain approval. Workbook explanation, implementation guidance and cross-references are non-normative."
16.14,MATCH,MATCH,MATCH,1.000000,NORMALIZED_EXACT,UNCHANGED_BY_18_2024,SRC-010,120,PENDING_G1_REVIEW,"Deterministic text comparison only; not a legal or domain approval. Workbook explanation, implementation guidance and cross-references are non-normative."
16.15,MATCH,MATCH,MATCH,1.000000,NORMALIZED_EXACT,UNCHANGED_BY_18_2024,SRC-010,120,PENDING_G1_REVIEW,"Deterministic text comparison only; not a legal or domain approval. Workbook explanation, implementation guidance and cross-references are non-normative."
16.16,MATCH,MATCH,MATCH,1.000000,NORMALIZED_EXACT,UNCHANGED_BY_18_2024,SRC-010,120,PENDING_G1_REVIEW,"Deterministic text comparison only; not a legal or domain approval. Workbook explanation, implementation guidance and cross-references are non-normative."
16.17,MATCH,MATCH,MATCH,1.000000,NORMALIZED_EXACT,UNCHANGED_BY_18_2024,SRC-010,120,PENDING_G1_REVIEW,"Deterministic text comparison only; not a legal or domain approval. Workbook explanation, implementation guidance and cross-references are non-normative."
16.18,MATCH,MATCH,MATCH,1.000000,NORMALIZED_EXACT,UNCHANGED_BY_18_2024,SRC-010,120,PENDING_G1_REVIEW,"Deterministic text comparison only; not a legal or domain approval. Workbook explanation, implementation guidance and cross-references are non-normative."
16.19,MATCH,MATCH,MATCH,1.000000,NORMALIZED_EXACT,UNCHANGED_BY_18_2024,SRC-010,120,PENDING_G1_REVIEW,"Deterministic text comparison only; not a legal or domain approval. Workbook explanation, implementation guidance and cross-references are non-normative."
16.20,MATCH,MATCH,MATCH,1.000000,NORMALIZED_EXACT,UNCHANGED_BY_18_2024,SRC-010,120,PENDING_G1_REVIEW,"Deterministic text comparison only; not a legal or domain approval. Workbook explanation, implementation guidance and cross-references are non-normative."
16.21,MATCH,MATCH,MATCH,1.000000,NORMALIZED_EXACT,UNCHANGED_BY_18_2024,SRC-010,120,PENDING_G1_REVIEW,"Deterministic text comparison only; not a legal or domain approval. Workbook explanation, implementation guidance and cross-references are non-normative."
16.22,MATCH,MATCH,MATCH,1.000000,NORMALIZED_EXACT,UNCHANGED_BY_18_2024,SRC-010,120,PENDING_G1_REVIEW,"Deterministic text comparison only; not a legal or domain approval. Workbook explanation, implementation guidance and cross-references are non-normative."
16.23,MATCH,MATCH,MATCH,1.000000,NORMALIZED_EXACT,UNCHANGED_BY_18_2024,SRC-010,120,PENDING_G1_REVIEW,"Deterministic text comparison only; not a legal or domain approval. Workbook explanation, implementation guidance and cross-references are non-normative."
16.24,MATCH,MATCH,MATCH,1.000000,NORMALIZED_EXACT,UNCHANGED_BY_18_2024,SRC-010,120;121,PENDING_G1_REVIEW,"Deterministic text comparison only; not a legal or domain approval. Workbook explanation, implementation guidance and cross-references are non-normative."
16.25,MATCH,MATCH,MATCH,1.000000,NORMALIZED_EXACT,UNCHANGED_BY_18_2024,SRC-010,121,PENDING_G1_REVIEW,"Deterministic text comparison only; not a legal or domain approval. Workbook explanation, implementation guidance and cross-references are non-normative."
16.26,MATCH,MATCH,MATCH,1.000000,NORMALIZED_EXACT,UNCHANGED_BY_18_2024,SRC-010,121,PENDING_G1_REVIEW,"Deterministic text comparison only; not a legal or domain approval. Workbook explanation, implementation guidance and cross-references are non-normative."
16.27,MATCH,MATCH,MATCH,1.000000,NORMALIZED_EXACT,UNCHANGED_BY_18_2024,SRC-010,121,PENDING_G1_REVIEW,"Deterministic text comparison only; not a legal or domain approval. Workbook explanation, implementation guidance and cross-references are non-normative."
16.28,MATCH,MATCH,MATCH,1.000000,NORMALIZED_EXACT,UNCHANGED_BY_18_2024,SRC-010,121,PENDING_G1_REVIEW,"Deterministic text comparison only; not a legal or domain approval. Workbook explanation, implementation guidance and cross-references are non-normative."
16.29,MATCH,MATCH,MATCH,1.000000,NORMALIZED_EXACT,UNCHANGED_BY_18_2024,SRC-010,121,PENDING_G1_REVIEW,"Deterministic text comparison only; not a legal or domain approval. Workbook explanation, implementation guidance and cross-references are non-normative."
16.30,MATCH,MATCH,MATCH,1.000000,NORMALIZED_EXACT,UNCHANGED_BY_18_2024,SRC-010,121,PENDING_G1_REVIEW,"Deterministic text comparison only; not a legal or domain approval. Workbook explanation, implementation guidance and cross-references are non-normative."
16.31,MATCH,MATCH,MATCH,1.000000,NORMALIZED_EXACT,UNCHANGED_BY_18_2024,SRC-010,121,PENDING_G1_REVIEW,"Deterministic text comparison only; not a legal or domain approval. Workbook explanation, implementation guidance and cross-references are non-normative."
16.32,MATCH,MATCH,MATCH,1.000000,NORMALIZED_EXACT,UNCHANGED_BY_18_2024,SRC-010,121,PENDING_G1_REVIEW,"Deterministic text comparison only; not a legal or domain approval. Workbook explanation, implementation guidance and cross-references are non-normative."
16.33,MATCH,MATCH,MATCH,1.000000,NORMALIZED_EXACT,UNCHANGED_BY_18_2024,SRC-010,121,PENDING_G1_REVIEW,"Deterministic text comparison only; not a legal or domain approval. Workbook explanation, implementation guidance and cross-references are non-normative."
16.34,MATCH,MATCH,MATCH,1.000000,NORMALIZED_EXACT,UNCHANGED_BY_18_2024,SRC-010,121,PENDING_G1_REVIEW,"Deterministic text comparison only; not a legal or domain approval. Workbook explanation, implementation guidance and cross-references are non-normative."
16.35,MATCH,MATCH,MATCH,1.000000,NORMALIZED_EXACT,UNCHANGED_BY_18_2024,SRC-010,121,PENDING_G1_REVIEW,"Deterministic text comparison only; not a legal or domain approval. Workbook explanation, implementation guidance and cross-references are non-normative."
16.36,MATCH,MATCH,MATCH,1.000000,NORMALIZED_EXACT,UNCHANGED_BY_18_2024,SRC-010,121,PENDING_G1_REVIEW,"Deterministic text comparison only; not a legal or domain approval. Workbook explanation, implementation guidance and cross-references are non-normative."
16.37,MATCH,MATCH,MATCH,1.000000,NORMALIZED_EXACT,UNCHANGED_BY_18_2024,SRC-010,121,PENDING_G1_REVIEW,"Deterministic text comparison only; not a legal or domain approval. Workbook explanation, implementation guidance and cross-references are non-normative."
16.38,MATCH,MATCH,MATCH,1.000000,NORMALIZED_EXACT,UNCHANGED_BY_18_2024,SRC-010,121,PENDING_G1_REVIEW,"Deterministic text comparison only; not a legal or domain approval. Workbook explanation, implementation guidance and cross-references are non-normative."
16.39,MATCH,MATCH,MATCH,1.000000,NORMALIZED_EXACT,UNCHANGED_BY_18_2024,SRC-010,121,PENDING_G1_REVIEW,"Deterministic text comparison only; not a legal or domain approval. Workbook explanation, implementation guidance and cross-references are non-normative."
16.40,MATCH,MATCH,MATCH,1.000000,NORMALIZED_EXACT,UNCHANGED_BY_18_2024,SRC-010,121,PENDING_G1_REVIEW,"Deterministic text comparison only; not a legal or domain approval. Workbook explanation, implementation guidance and cross-references are non-normative."
16.41,MATCH,MATCH,MATCH,1.000000,NORMALIZED_EXACT,UNCHANGED_BY_18_2024,SRC-010,121,PENDING_G1_REVIEW,"Deterministic text comparison only; not a legal or domain approval. Workbook explanation, implementation guidance and cross-references are non-normative."
16.42,MATCH,MATCH,MATCH,1.000000,NORMALIZED_EXACT,UNCHANGED_BY_18_2024,SRC-010,121,PENDING_G1_REVIEW,"Deterministic text comparison only; not a legal or domain approval. Workbook explanation, implementation guidance and cross-references are non-normative."
16.43,MATCH,MATCH,MATCH,1.000000,NORMALIZED_EXACT,UNCHANGED_BY_18_2024,SRC-010,121,PENDING_G1_REVIEW,"Deterministic text comparison only; not a legal or domain approval. Workbook explanation, implementation guidance and cross-references are non-normative."
16.44,MATCH,MATCH,MATCH,1.000000,NORMALIZED_EXACT,UNCHANGED_BY_18_2024,SRC-010,121;122,PENDING_G1_REVIEW,"Deterministic text comparison only; not a legal or domain approval. Workbook explanation, implementation guidance and cross-references are non-normative."
16.45,MATCH,MATCH,MATCH,1.000000,NORMALIZED_EXACT,UNCHANGED_BY_18_2024,SRC-010,122,PENDING_G1_REVIEW,"Deterministic text comparison only; not a legal or domain approval. Workbook explanation, implementation guidance and cross-references are non-normative."
16.46,MATCH,MATCH,MATCH,1.000000,NORMALIZED_EXACT,UNCHANGED_BY_18_2024,SRC-010,122,PENDING_G1_REVIEW,"Deterministic text comparison only; not a legal or domain approval. Workbook explanation, implementation guidance and cross-references are non-normative."
16.47,MATCH,MATCH,MATCH,1.000000,NORMALIZED_EXACT,UNCHANGED_BY_18_2024,SRC-010,122,PENDING_G1_REVIEW,"Deterministic text comparison only; not a legal or domain approval. Workbook explanation, implementation guidance and cross-references are non-normative."
16.48,MATCH,MATCH,MATCH,1.000000,NORMALIZED_EXACT,UNCHANGED_BY_18_2024,SRC-010,122,PENDING_G1_REVIEW,"Deterministic text comparison only; not a legal or domain approval. Workbook explanation, implementation guidance and cross-references are non-normative."
16.49,MATCH,MATCH,MATCH,1.000000,NORMALIZED_EXACT,UNCHANGED_BY_18_2024,SRC-010,122,PENDING_G1_REVIEW,"Deterministic text comparison only; not a legal or domain approval. Workbook explanation, implementation guidance and cross-references are non-normative."
16.50,MATCH,MATCH,MATCH,1.000000,NORMALIZED_EXACT,UNCHANGED_BY_18_2024,SRC-010,122,PENDING_G1_REVIEW,"Deterministic text comparison only; not a legal or domain approval. Workbook explanation, implementation guidance and cross-references are non-normative."
16.51,MATCH,MATCH,MATCH,1.000000,NORMALIZED_EXACT,UNCHANGED_BY_18_2024,SRC-010,122,PENDING_G1_REVIEW,"Deterministic text comparison only; not a legal or domain approval. Workbook explanation, implementation guidance and cross-references are non-normative."
16.52,MATCH,MATCH,MATCH,1.000000,NORMALIZED_EXACT,UNCHANGED_BY_18_2024,SRC-010,122,PENDING_G1_REVIEW,"Deterministic text comparison only; not a legal or domain approval. Workbook explanation, implementation guidance and cross-references are non-normative."
16.53,MATCH,MATCH,MATCH,1.000000,NORMALIZED_EXACT,UNCHANGED_BY_18_2024,SRC-010,122,PENDING_G1_REVIEW,"Deterministic text comparison only; not a legal or domain approval. Workbook explanation, implementation guidance and cross-references are non-normative."
16.54,MATCH,MATCH,MATCH,1.000000,NORMALIZED_EXACT,UNCHANGED_BY_18_2024,SRC-010,122,PENDING_G1_REVIEW,"Deterministic text comparison only; not a legal or domain approval. Workbook explanation, implementation guidance and cross-references are non-normative."
16.55,MATCH,MATCH,MATCH,1.000000,NORMALIZED_EXACT,UNCHANGED_BY_18_2024,SRC-010,122,PENDING_G1_REVIEW,"Deterministic text comparison only; not a legal or domain approval. Workbook explanation, implementation guidance and cross-references are non-normative."
16.56,MATCH,MATCH,MATCH,1.000000,NORMALIZED_EXACT,UNCHANGED_BY_18_2024,SRC-010,122,PENDING_G1_REVIEW,"Deterministic text comparison only; not a legal or domain approval. Workbook explanation, implementation guidance and cross-references are non-normative."
16.57,MATCH,MATCH,MATCH,1.000000,NORMALIZED_EXACT,UNCHANGED_BY_18_2024,SRC-010,122;123,PENDING_G1_REVIEW,"Deterministic text comparison only; not a legal or domain approval. Workbook explanation, implementation guidance and cross-references are non-normative."
16.58,MATCH,MATCH,MATCH,1.000000,NORMALIZED_EXACT,UNCHANGED_BY_18_2024,SRC-010,123,PENDING_G1_REVIEW,"Deterministic text comparison only; not a legal or domain approval. Workbook explanation, implementation guidance and cross-references are non-normative."
16.59,MATCH,MATCH,MATCH,1.000000,NORMALIZED_EXACT,UNCHANGED_BY_18_2024,SRC-010,123,PENDING_G1_REVIEW,"Deterministic text comparison only; not a legal or domain approval. Workbook explanation, implementation guidance and cross-references are non-normative."
16.60,MATCH,MATCH,MATCH,1.000000,NORMALIZED_EXACT,UNCHANGED_BY_18_2024,SRC-010,123,PENDING_G1_REVIEW,"Deterministic text comparison only; not a legal or domain approval. Workbook explanation, implementation guidance and cross-references are non-normative."
16.61,MATCH,MATCH,MATCH,1.000000,NORMALIZED_EXACT,UNCHANGED_BY_18_2024,SRC-010,123,PENDING_G1_REVIEW,"Deterministic text comparison only; not a legal or domain approval. Workbook explanation, implementation guidance and cross-references are non-normative."
16.62,MATCH,MATCH,MATCH,1.000000,NORMALIZED_EXACT,UNCHANGED_BY_18_2024,SRC-010,123,PENDING_G1_REVIEW,"Deterministic text comparison only; not a legal or domain approval. Workbook explanation, implementation guidance and cross-references are non-normative."
16.63,MATCH,MATCH,MATCH,1.000000,NORMALIZED_EXACT,UNCHANGED_BY_18_2024,SRC-010,123,PENDING_G1_REVIEW,"Deterministic text comparison only; not a legal or domain approval. Workbook explanation, implementation guidance and cross-references are non-normative."
16.64,MATCH,MATCH,MATCH,1.000000,NORMALIZED_EXACT,UNCHANGED_BY_18_2024,SRC-010,123,PENDING_G1_REVIEW,"Deterministic text comparison only; not a legal or domain approval. Workbook explanation, implementation guidance and cross-references are non-normative."
16.65,MATCH,MATCH,MATCH,1.000000,NORMALIZED_EXACT,UNCHANGED_BY_18_2024,SRC-010,123,PENDING_G1_REVIEW,"Deterministic text comparison only; not a legal or domain approval. Workbook explanation, implementation guidance and cross-references are non-normative."
16.66,MATCH,MATCH,MATCH,0.946181,TEXT_DIFFERENCE_REVIEW_REQUIRED,UNCHANGED_BY_18_2024,SRC-010,123;124,PENDING_G1_REVIEW,"Material requirement-set difference: the workbook adds 16.66.5, which is absent from the official baseline. Deterministic comparison only; not a legal or domain approval."
16.67,MATCH,MATCH,MATCH,1.000000,NORMALIZED_EXACT,UNCHANGED_BY_18_2024,SRC-010,124,PENDING_G1_REVIEW,"Deterministic text comparison only; not a legal or domain approval. Workbook explanation, implementation guidance and cross-references are non-normative."
16.68,MATCH,MATCH,MATCH,1.000000,NORMALIZED_EXACT,UNCHANGED_BY_18_2024,SRC-010,124,PENDING_G1_REVIEW,"Deterministic text comparison only; not a legal or domain approval. Workbook explanation, implementation guidance and cross-references are non-normative."
16.69,MATCH,MATCH,MATCH,1.000000,NORMALIZED_EXACT,UNCHANGED_BY_18_2024,SRC-010,124,PENDING_G1_REVIEW,"Deterministic text comparison only; not a legal or domain approval. Workbook explanation, implementation guidance and cross-references are non-normative."
16.70,MATCH,MATCH,MATCH,1.000000,NORMALIZED_EXACT,UNCHANGED_BY_18_2024,SRC-010,124,PENDING_G1_REVIEW,"Deterministic text comparison only; not a legal or domain approval. Workbook explanation, implementation guidance and cross-references are non-normative."
16.71,MATCH,MATCH,MATCH,1.000000,NORMALIZED_EXACT,UNCHANGED_BY_18_2024,SRC-010,124,PENDING_G1_REVIEW,"Deterministic text comparison only; not a legal or domain approval. Workbook explanation, implementation guidance and cross-references are non-normative."
16.72,MATCH,MATCH,MATCH,1.000000,NORMALIZED_EXACT,UNCHANGED_BY_18_2024,SRC-010,124,PENDING_G1_REVIEW,"Deterministic text comparison only; not a legal or domain approval. Workbook explanation, implementation guidance and cross-references are non-normative."
16.73,MATCH,MATCH,MATCH,1.000000,NORMALIZED_EXACT,UNCHANGED_BY_18_2024,SRC-010,124;125,PENDING_G1_REVIEW,"Deterministic text comparison only; not a legal or domain approval. Workbook explanation, implementation guidance and cross-references are non-normative."
16.74,MATCH,MATCH,MATCH,1.000000,NORMALIZED_EXACT,UNCHANGED_BY_18_2024,SRC-010,125,PENDING_G1_REVIEW,"Deterministic text comparison only; not a legal or domain approval. Workbook explanation, implementation guidance and cross-references are non-normative."
16.75,MATCH,MATCH,MATCH,1.000000,NORMALIZED_EXACT,UNCHANGED_BY_18_2024,SRC-010,125,PENDING_G1_REVIEW,"Deterministic text comparison only; not a legal or domain approval. Workbook explanation, implementation guidance and cross-references are non-normative."
16.76,MATCH,MATCH,MATCH,1.000000,NORMALIZED_EXACT,UNCHANGED_BY_18_2024,SRC-010,125,PENDING_G1_REVIEW,"Deterministic text comparison only; not a legal or domain approval. Workbook explanation, implementation guidance and cross-references are non-normative."
16.77,MATCH,MATCH,MATCH,1.000000,NORMALIZED_EXACT,UNCHANGED_BY_18_2024,SRC-010,125,PENDING_G1_REVIEW,"Deterministic text comparison only; not a legal or domain approval. Workbook explanation, implementation guidance and cross-references are non-normative."
16.78,MATCH,MATCH,MATCH,1.000000,NORMALIZED_EXACT,UNCHANGED_BY_18_2024,SRC-010,125,PENDING_G1_REVIEW,"Deterministic text comparison only; not a legal or domain approval. Workbook explanation, implementation guidance and cross-references are non-normative."
16.79,MATCH,MATCH,MATCH,1.000000,NORMALIZED_EXACT,UNCHANGED_BY_18_2024,SRC-010,125,PENDING_G1_REVIEW,"Deterministic text comparison only; not a legal or domain approval. Workbook explanation, implementation guidance and cross-references are non-normative."
16.80,MATCH,MATCH,MATCH,1.000000,NORMALIZED_EXACT,UNCHANGED_BY_18_2024,SRC-010,125,PENDING_G1_REVIEW,"Deterministic text comparison only; not a legal or domain approval. Workbook explanation, implementation guidance and cross-references are non-normative."
16.81,MATCH,MATCH,MATCH,1.000000,NORMALIZED_EXACT,UNCHANGED_BY_18_2024,SRC-010,125;126,PENDING_G1_REVIEW,"Deterministic text comparison only; not a legal or domain approval. Workbook explanation, implementation guidance and cross-references are non-normative."
16.82,MATCH,MATCH,MATCH,1.000000,NORMALIZED_EXACT,UNCHANGED_BY_18_2024,SRC-010,126,PENDING_G1_REVIEW,"Deterministic text comparison only; not a legal or domain approval. Workbook explanation, implementation guidance and cross-references are non-normative."
16.83,MATCH,MATCH,MATCH,1.000000,NORMALIZED_EXACT,UNCHANGED_BY_18_2024,SRC-010,126,PENDING_G1_REVIEW,"Deterministic text comparison only; not a legal or domain approval. Workbook explanation, implementation guidance and cross-references are non-normative."
16.84,MATCH,MATCH,MATCH,1.000000,NORMALIZED_EXACT,UNCHANGED_BY_18_2024,SRC-010,126,PENDING_G1_REVIEW,"Deterministic text comparison only; not a legal or domain approval. Workbook explanation, implementation guidance and cross-references are non-normative."
16.85,MATCH,MATCH,MATCH,1.000000,NORMALIZED_EXACT,UNCHANGED_BY_18_2024,SRC-010,126,PENDING_G1_REVIEW,"Deterministic text comparison only; not a legal or domain approval. Workbook explanation, implementation guidance and cross-references are non-normative."
16.86,MATCH,MATCH,MATCH,1.000000,NORMALIZED_EXACT,UNCHANGED_BY_18_2024,SRC-010,126,PENDING_G1_REVIEW,"Deterministic text comparison only; not a legal or domain approval. Workbook explanation, implementation guidance and cross-references are non-normative."
16.87,MATCH,MATCH,MATCH,1.000000,NORMALIZED_EXACT,UNCHANGED_BY_18_2024,SRC-010,126,PENDING_G1_REVIEW,"Deterministic text comparison only; not a legal or domain approval. Workbook explanation, implementation guidance and cross-references are non-normative."
16.88,MATCH,MATCH,MATCH,1.000000,NORMALIZED_EXACT,UNCHANGED_BY_18_2024,SRC-010,126,PENDING_G1_REVIEW,"Deterministic text comparison only; not a legal or domain approval. Workbook explanation, implementation guidance and cross-references are non-normative."
16.89,MATCH,MATCH,MATCH,1.000000,NORMALIZED_EXACT,UNCHANGED_BY_18_2024,SRC-010,126;127,PENDING_G1_REVIEW,"Deterministic text comparison only; not a legal or domain approval. Workbook explanation, implementation guidance and cross-references are non-normative."
16.90,MATCH,MATCH,MATCH,1.000000,NORMALIZED_EXACT,UNCHANGED_BY_18_2024,SRC-010,127,PENDING_G1_REVIEW,"Deterministic text comparison only; not a legal or domain approval. Workbook explanation, implementation guidance and cross-references are non-normative."
16.91,MATCH,MATCH,MATCH,1.000000,NORMALIZED_EXACT,UNCHANGED_BY_18_2024,SRC-010,127,PENDING_G1_REVIEW,"Deterministic text comparison only; not a legal or domain approval. Workbook explanation, implementation guidance and cross-references are non-normative."
16.92,MATCH,MATCH,MATCH,1.000000,NORMALIZED_EXACT,UNCHANGED_BY_18_2024,SRC-010,127,PENDING_G1_REVIEW,"Deterministic text comparison only; not a legal or domain approval. Workbook explanation, implementation guidance and cross-references are non-normative."
16.93,MATCH,MATCH,MATCH,1.000000,NORMALIZED_EXACT,UNCHANGED_BY_18_2024,SRC-010,127,PENDING_G1_REVIEW,"Deterministic text comparison only; not a legal or domain approval. Workbook explanation, implementation guidance and cross-references are non-normative."
16.94,MATCH,MATCH,MATCH,1.000000,NORMALIZED_EXACT,UNCHANGED_BY_18_2024,SRC-010,127;128,PENDING_G1_REVIEW,"Deterministic text comparison only; not a legal or domain approval. Workbook explanation, implementation guidance and cross-references are non-normative."
16.95,MATCH,MATCH,MATCH,1.000000,NORMALIZED_EXACT,UNCHANGED_BY_18_2024,SRC-010,128,PENDING_G1_REVIEW,"Deterministic text comparison only; not a legal or domain approval. Workbook explanation, implementation guidance and cross-references are non-normative."
16.96,MATCH,MATCH,MATCH,1.000000,NORMALIZED_EXACT,UNCHANGED_BY_18_2024,SRC-010,128,PENDING_G1_REVIEW,"Deterministic text comparison only; not a legal or domain approval. Workbook explanation, implementation guidance and cross-references are non-normative."
16.97,MATCH,MATCH,MATCH,1.000000,NORMALIZED_EXACT,UNCHANGED_BY_18_2024,SRC-010,128,PENDING_G1_REVIEW,"Deterministic text comparison only; not a legal or domain approval. Workbook explanation, implementation guidance and cross-references are non-normative."
16.98,MATCH,MATCH,MATCH,1.000000,NORMALIZED_EXACT,UNCHANGED_BY_18_2024,SRC-010,128,PENDING_G1_REVIEW,"Deterministic text comparison only; not a legal or domain approval. Workbook explanation, implementation guidance and cross-references are non-normative."
16.99,MATCH,MATCH,MATCH,1.000000,NORMALIZED_EXACT,UNCHANGED_BY_18_2024,SRC-010,128,PENDING_G1_REVIEW,"Deterministic text comparison only; not a legal or domain approval. Workbook explanation, implementation guidance and cross-references are non-normative."
16.100,MATCH,MATCH,MATCH,1.000000,NORMALIZED_EXACT,UNCHANGED_BY_18_2024,SRC-010,128;129,PENDING_G1_REVIEW,"Deterministic text comparison only; not a legal or domain approval. Workbook explanation, implementation guidance and cross-references are non-normative."
17.1,MATCH,MATCH,MATCH,1.000000,NORMALIZED_EXACT,UNCHANGED_BY_18_2024,SRC-010,129,PENDING_G1_REVIEW,"Deterministic text comparison only; not a legal or domain approval. Workbook explanation, implementation guidance and cross-references are non-normative."
17.2,MATCH,MATCH,MATCH,1.000000,NORMALIZED_EXACT,UNCHANGED_BY_18_2024,SRC-010,129,PENDING_G1_REVIEW,"Deterministic text comparison only; not a legal or domain approval. Workbook explanation, implementation guidance and cross-references are non-normative."
17.3,MATCH,MATCH,MATCH,1.000000,NORMALIZED_EXACT,UNCHANGED_BY_18_2024,SRC-010,129,PENDING_G1_REVIEW,"Deterministic text comparison only; not a legal or domain approval. Workbook explanation, implementation guidance and cross-references are non-normative."
17.4,MATCH,MATCH,MATCH,1.000000,NORMALIZED_EXACT,UNCHANGED_BY_18_2024,SRC-010,129,PENDING_G1_REVIEW,"Deterministic text comparison only; not a legal or domain approval. Workbook explanation, implementation guidance and cross-references are non-normative."
17.5,MATCH,MATCH,MATCH,1.000000,NORMALIZED_EXACT,UNCHANGED_BY_18_2024,SRC-010,129,PENDING_G1_REVIEW,"Deterministic text comparison only; not a legal or domain approval. Workbook explanation, implementation guidance and cross-references are non-normative."
17.6,MATCH,MATCH,MATCH,1.000000,NORMALIZED_EXACT,UNCHANGED_BY_18_2024,SRC-010,129,PENDING_G1_REVIEW,"Deterministic text comparison only; not a legal or domain approval. Workbook explanation, implementation guidance and cross-references are non-normative."
17.7,MATCH,MATCH,MATCH,1.000000,NORMALIZED_EXACT,UNCHANGED_BY_18_2024,SRC-010,129,PENDING_G1_REVIEW,"Deterministic text comparison only; not a legal or domain approval. Workbook explanation, implementation guidance and cross-references are non-normative."
17.8,MATCH,MATCH,MATCH,1.000000,NORMALIZED_EXACT,UNCHANGED_BY_18_2024,SRC-010,129,PENDING_G1_REVIEW,"Deterministic text comparison only; not a legal or domain approval. Workbook explanation, implementation guidance and cross-references are non-normative."
17.9,MATCH,MATCH,MATCH,1.000000,NORMALIZED_EXACT,UNCHANGED_BY_18_2024,SRC-010,129;130,PENDING_G1_REVIEW,"Deterministic text comparison only; not a legal or domain approval. Workbook explanation, implementation guidance and cross-references are non-normative."
17.10,MATCH,MATCH,MATCH,1.000000,NORMALIZED_EXACT,UNCHANGED_BY_18_2024,SRC-010,130,PENDING_G1_REVIEW,"Deterministic text comparison only; not a legal or domain approval. Workbook explanation, implementation guidance and cross-references are non-normative."
17.11,MATCH,MATCH,MATCH,1.000000,NORMALIZED_EXACT,UNCHANGED_BY_18_2024,SRC-010,130,PENDING_G1_REVIEW,"Deterministic text comparison only; not a legal or domain approval. Workbook explanation, implementation guidance and cross-references are non-normative."
17.12,MATCH,MATCH,MATCH,1.000000,NORMALIZED_EXACT,UNCHANGED_BY_18_2024,SRC-010,130,PENDING_G1_REVIEW,"Deterministic text comparison only; not a legal or domain approval. Workbook explanation, implementation guidance and cross-references are non-normative."
17.13,MATCH,MATCH,MATCH,1.000000,NORMALIZED_EXACT,UNCHANGED_BY_18_2024,SRC-010,130,PENDING_G1_REVIEW,"Deterministic text comparison only; not a legal or domain approval. Workbook explanation, implementation guidance and cross-references are non-normative."
17.14,MATCH,MATCH,MATCH,1.000000,NORMALIZED_EXACT,UNCHANGED_BY_18_2024,SRC-010,130,PENDING_G1_REVIEW,"Deterministic text comparison only; not a legal or domain approval. Workbook explanation, implementation guidance and cross-references are non-normative."
17.15,MATCH,MATCH,MATCH,1.000000,NORMALIZED_EXACT,UNCHANGED_BY_18_2024,SRC-010,130,PENDING_G1_REVIEW,"Deterministic text comparison only; not a legal or domain approval. Workbook explanation, implementation guidance and cross-references are non-normative."
17.16,MATCH,MATCH,MATCH,1.000000,NORMALIZED_EXACT,UNCHANGED_BY_18_2024,SRC-010,130,PENDING_G1_REVIEW,"Deterministic text comparison only; not a legal or domain approval. Workbook explanation, implementation guidance and cross-references are non-normative."
17.17,MATCH,MATCH,MATCH,1.000000,NORMALIZED_EXACT,UNCHANGED_BY_18_2024,SRC-010,130,PENDING_G1_REVIEW,"Deterministic text comparison only; not a legal or domain approval. Workbook explanation, implementation guidance and cross-references are non-normative."
17.18,MATCH,MATCH,MATCH,1.000000,NORMALIZED_EXACT,UNCHANGED_BY_18_2024,SRC-010,130;131,PENDING_G1_REVIEW,"Deterministic text comparison only; not a legal or domain approval. Workbook explanation, implementation guidance and cross-references are non-normative."
17.19,MATCH,MATCH,MATCH,1.000000,NORMALIZED_EXACT,UNCHANGED_BY_18_2024,SRC-010,131,PENDING_G1_REVIEW,"Deterministic text comparison only; not a legal or domain approval. Workbook explanation, implementation guidance and cross-references are non-normative."
17.20,MATCH,MATCH,MATCH,1.000000,NORMALIZED_EXACT,UNCHANGED_BY_18_2024,SRC-010,131,PENDING_G1_REVIEW,"Deterministic text comparison only; not a legal or domain approval. Workbook explanation, implementation guidance and cross-references are non-normative."
17.21,MATCH,MATCH,MATCH,1.000000,NORMALIZED_EXACT,UNCHANGED_BY_18_2024,SRC-010,131,PENDING_G1_REVIEW,"Deterministic text comparison only; not a legal or domain approval. Workbook explanation, implementation guidance and cross-references are non-normative."
17.22,MATCH,MATCH,MATCH,1.000000,NORMALIZED_EXACT,UNCHANGED_BY_18_2024,SRC-010,131,PENDING_G1_REVIEW,"Deterministic text comparison only; not a legal or domain approval. Workbook explanation, implementation guidance and cross-references are non-normative."
17.23,MATCH,MATCH,MATCH,1.000000,NORMALIZED_EXACT,UNCHANGED_BY_18_2024,SRC-010,131,PENDING_G1_REVIEW,"Deterministic text comparison only; not a legal or domain approval. Workbook explanation, implementation guidance and cross-references are non-normative."
17.24,MATCH,MATCH,MATCH,1.000000,NORMALIZED_EXACT,UNCHANGED_BY_18_2024,SRC-010,131,PENDING_G1_REVIEW,"Deterministic text comparison only; not a legal or domain approval. Workbook explanation, implementation guidance and cross-references are non-normative."
17.25,MATCH,MATCH,MATCH,1.000000,NORMALIZED_EXACT,UNCHANGED_BY_18_2024,SRC-010,131,PENDING_G1_REVIEW,"Deterministic text comparison only; not a legal or domain approval. Workbook explanation, implementation guidance and cross-references are non-normative."
17.26,MATCH,MATCH,MATCH,1.000000,NORMALIZED_EXACT,UNCHANGED_BY_18_2024,SRC-010,131,PENDING_G1_REVIEW,"Deterministic text comparison only; not a legal or domain approval. Workbook explanation, implementation guidance and cross-references are non-normative."
17.27,MATCH,MATCH,MATCH,1.000000,NORMALIZED_EXACT,UNCHANGED_BY_18_2024,SRC-010,131,PENDING_G1_REVIEW,"Deterministic text comparison only; not a legal or domain approval. Workbook explanation, implementation guidance and cross-references are non-normative."
17.28,MATCH,MATCH,MATCH,1.000000,NORMALIZED_EXACT,UNCHANGED_BY_18_2024,SRC-010,131,PENDING_G1_REVIEW,"Deterministic text comparison only; not a legal or domain approval. Workbook explanation, implementation guidance and cross-references are non-normative."
17.29,MATCH,MATCH,MATCH,1.000000,NORMALIZED_EXACT,UNCHANGED_BY_18_2024,SRC-010,131;132,PENDING_G1_REVIEW,"Deterministic text comparison only; not a legal or domain approval. Workbook explanation, implementation guidance and cross-references are non-normative."
17.30,MATCH,MATCH,MATCH,1.000000,NORMALIZED_EXACT,UNCHANGED_BY_18_2024,SRC-010,132,PENDING_G1_REVIEW,"Deterministic text comparison only; not a legal or domain approval. Workbook explanation, implementation guidance and cross-references are non-normative."
17.31,MATCH,MATCH,MATCH,1.000000,NORMALIZED_EXACT,UNCHANGED_BY_18_2024,SRC-010,132,PENDING_G1_REVIEW,"Deterministic text comparison only; not a legal or domain approval. Workbook explanation, implementation guidance and cross-references are non-normative."
17.32,MATCH,MATCH,MATCH,1.000000,NORMALIZED_EXACT,UNCHANGED_BY_18_2024,SRC-010,132,PENDING_G1_REVIEW,"Deterministic text comparison only; not a legal or domain approval. Workbook explanation, implementation guidance and cross-references are non-normative."
17.33,MATCH,MATCH,MATCH,1.000000,NORMALIZED_EXACT,UNCHANGED_BY_18_2024,SRC-010,132,PENDING_G1_REVIEW,"Deterministic text comparison only; not a legal or domain approval. Workbook explanation, implementation guidance and cross-references are non-normative."
17.34,MATCH,MATCH,MATCH,1.000000,NORMALIZED_EXACT,UNCHANGED_BY_18_2024,SRC-010,132,PENDING_G1_REVIEW,"Deterministic text comparison only; not a legal or domain approval. Workbook explanation, implementation guidance and cross-references are non-normative."
17.35,MATCH,MATCH,MATCH,1.000000,NORMALIZED_EXACT,UNCHANGED_BY_18_2024,SRC-010,132,PENDING_G1_REVIEW,"Deterministic text comparison only; not a legal or domain approval. Workbook explanation, implementation guidance and cross-references are non-normative."
17.36,MATCH,MATCH,MATCH,1.000000,NORMALIZED_EXACT,UNCHANGED_BY_18_2024,SRC-010,132,PENDING_G1_REVIEW,"Deterministic text comparison only; not a legal or domain approval. Workbook explanation, implementation guidance and cross-references are non-normative."
17.37,MATCH,MATCH,MATCH,1.000000,NORMALIZED_EXACT,UNCHANGED_BY_18_2024,SRC-010,132,PENDING_G1_REVIEW,"Deterministic text comparison only; not a legal or domain approval. Workbook explanation, implementation guidance and cross-references are non-normative."
17.38,MATCH,MATCH,MATCH,1.000000,NORMALIZED_EXACT,UNCHANGED_BY_18_2024,SRC-010,132,PENDING_G1_REVIEW,"Deterministic text comparison only; not a legal or domain approval. Workbook explanation, implementation guidance and cross-references are non-normative."
17.39,MATCH,MATCH,MATCH,1.000000,NORMALIZED_EXACT,UNCHANGED_BY_18_2024,SRC-010,132,PENDING_G1_REVIEW,"Deterministic text comparison only; not a legal or domain approval. Workbook explanation, implementation guidance and cross-references are non-normative."
17.40,MATCH,MATCH,MATCH,1.000000,NORMALIZED_EXACT,UNCHANGED_BY_18_2024,SRC-010,132,PENDING_G1_REVIEW,"Deterministic text comparison only; not a legal or domain approval. Workbook explanation, implementation guidance and cross-references are non-normative."
17.41,MATCH,MATCH,MATCH,1.000000,NORMALIZED_EXACT,UNCHANGED_BY_18_2024,SRC-010,132,PENDING_G1_REVIEW,"Deterministic text comparison only; not a legal or domain approval. Workbook explanation, implementation guidance and cross-references are non-normative."
17.42,MATCH,MATCH,MATCH,1.000000,NORMALIZED_EXACT,UNCHANGED_BY_18_2024,SRC-010,132,PENDING_G1_REVIEW,"Deterministic text comparison only; not a legal or domain approval. Workbook explanation, implementation guidance and cross-references are non-normative."
17.43,MATCH,MATCH,MATCH,1.000000,NORMALIZED_EXACT,UNCHANGED_BY_18_2024,SRC-010,132,PENDING_G1_REVIEW,"Deterministic text comparison only; not a legal or domain approval. Workbook explanation, implementation guidance and cross-references are non-normative."
17.44,MATCH,MATCH,MATCH,1.000000,NORMALIZED_EXACT,UNCHANGED_BY_18_2024,SRC-010,132,PENDING_G1_REVIEW,"Deterministic text comparison only; not a legal or domain approval. Workbook explanation, implementation guidance and cross-references are non-normative."
17.45,MATCH,MATCH,MATCH,1.000000,NORMALIZED_EXACT,UNCHANGED_BY_18_2024,SRC-010,132,PENDING_G1_REVIEW,"Deterministic text comparison only; not a legal or domain approval. Workbook explanation, implementation guidance and cross-references are non-normative."
17.46,MATCH,MATCH,MATCH,1.000000,NORMALIZED_EXACT,UNCHANGED_BY_18_2024,SRC-010,132;133,PENDING_G1_REVIEW,"Deterministic text comparison only; not a legal or domain approval. Workbook explanation, implementation guidance and cross-references are non-normative."
17.47,MATCH,MATCH,MATCH,1.000000,NORMALIZED_EXACT,UNCHANGED_BY_18_2024,SRC-010,133,PENDING_G1_REVIEW,"Deterministic text comparison only; not a legal or domain approval. Workbook explanation, implementation guidance and cross-references are non-normative."
17.48,MATCH,MATCH,MATCH,1.000000,NORMALIZED_EXACT,UNCHANGED_BY_18_2024,SRC-010,133,PENDING_G1_REVIEW,"Deterministic text comparison only; not a legal or domain approval. Workbook explanation, implementation guidance and cross-references are non-normative."
17.49,MATCH,MATCH,MATCH,1.000000,NORMALIZED_EXACT,UNCHANGED_BY_18_2024,SRC-010,133,PENDING_G1_REVIEW,"Deterministic text comparison only; not a legal or domain approval. Workbook explanation, implementation guidance and cross-references are non-normative."
17.50,MATCH,MATCH,MATCH,1.000000,NORMALIZED_EXACT,UNCHANGED_BY_18_2024,SRC-010,133,PENDING_G1_REVIEW,"Deterministic text comparison only; not a legal or domain approval. Workbook explanation, implementation guidance and cross-references are non-normative."
17.51,MATCH,MATCH,MATCH,1.000000,NORMALIZED_EXACT,UNCHANGED_BY_18_2024,SRC-010,133,PENDING_G1_REVIEW,"Deterministic text comparison only; not a legal or domain approval. Workbook explanation, implementation guidance and cross-references are non-normative."
17.52,MATCH,MATCH,MATCH,1.000000,NORMALIZED_EXACT,UNCHANGED_BY_18_2024,SRC-010,133,PENDING_G1_REVIEW,"Deterministic text comparison only; not a legal or domain approval. Workbook explanation, implementation guidance and cross-references are non-normative."
17.53,MATCH,MATCH,MATCH,1.000000,NORMALIZED_EXACT,UNCHANGED_BY_18_2024,SRC-010,133,PENDING_G1_REVIEW,"Deterministic text comparison only; not a legal or domain approval. Workbook explanation, implementation guidance and cross-references are non-normative."
17.54,MATCH,MATCH,MATCH,1.000000,NORMALIZED_EXACT,UNCHANGED_BY_18_2024,SRC-010,133,PENDING_G1_REVIEW,"Deterministic text comparison only; not a legal or domain approval. Workbook explanation, implementation guidance and cross-references are non-normative."
17.55,MATCH,MATCH,MATCH,1.000000,NORMALIZED_EXACT,UNCHANGED_BY_18_2024,SRC-010,133,PENDING_G1_REVIEW,"Deterministic text comparison only; not a legal or domain approval. Workbook explanation, implementation guidance and cross-references are non-normative."
17.56,MATCH,MATCH,MATCH,1.000000,NORMALIZED_EXACT,UNCHANGED_BY_18_2024,SRC-010,133,PENDING_G1_REVIEW,"Deterministic text comparison only; not a legal or domain approval. Workbook explanation, implementation guidance and cross-references are non-normative."
17.57,MATCH,MATCH,MATCH,1.000000,NORMALIZED_EXACT,UNCHANGED_BY_18_2024,SRC-010,133,PENDING_G1_REVIEW,"Deterministic text comparison only; not a legal or domain approval. Workbook explanation, implementation guidance and cross-references are non-normative."
17.58,MATCH,MATCH,MATCH,1.000000,NORMALIZED_EXACT,UNCHANGED_BY_18_2024,SRC-010,133,PENDING_G1_REVIEW,"Deterministic text comparison only; not a legal or domain approval. Workbook explanation, implementation guidance and cross-references are non-normative."
17.59,MATCH,MATCH,MATCH,1.000000,NORMALIZED_EXACT,UNCHANGED_BY_18_2024,SRC-010,133,PENDING_G1_REVIEW,"Deterministic text comparison only; not a legal or domain approval. Workbook explanation, implementation guidance and cross-references are non-normative."
17.60,MATCH,MATCH,MATCH,1.000000,NORMALIZED_EXACT,UNCHANGED_BY_18_2024,SRC-010,133;134,PENDING_G1_REVIEW,"Deterministic text comparison only; not a legal or domain approval. Workbook explanation, implementation guidance and cross-references are non-normative."
17.61,MATCH,MATCH,MATCH,1.000000,NORMALIZED_EXACT,UNCHANGED_BY_18_2024,SRC-010,134,PENDING_G1_REVIEW,"Deterministic text comparison only; not a legal or domain approval. Workbook explanation, implementation guidance and cross-references are non-normative."
17.62,MATCH,MATCH,MATCH,1.000000,NORMALIZED_EXACT,UNCHANGED_BY_18_2024,SRC-010,134,PENDING_G1_REVIEW,"Deterministic text comparison only; not a legal or domain approval. Workbook explanation, implementation guidance and cross-references are non-normative."
17.63,MATCH,MATCH,MATCH,1.000000,NORMALIZED_EXACT,UNCHANGED_BY_18_2024,SRC-010,134,PENDING_G1_REVIEW,"Deterministic text comparison only; not a legal or domain approval. Workbook explanation, implementation guidance and cross-references are non-normative."
17.64,MATCH,MATCH,MATCH,1.000000,NORMALIZED_EXACT,UNCHANGED_BY_18_2024,SRC-010,134,PENDING_G1_REVIEW,"Deterministic text comparison only; not a legal or domain approval. Workbook explanation, implementation guidance and cross-references are non-normative."
17.65,MATCH,MATCH,MATCH,1.000000,NORMALIZED_EXACT,UNCHANGED_BY_18_2024,SRC-010,134,PENDING_G1_REVIEW,"Deterministic text comparison only; not a legal or domain approval. Workbook explanation, implementation guidance and cross-references are non-normative."
17.66,MATCH,MATCH,MATCH,1.000000,NORMALIZED_EXACT,UNCHANGED_BY_18_2024,SRC-010,134,PENDING_G1_REVIEW,"Deterministic text comparison only; not a legal or domain approval. Workbook explanation, implementation guidance and cross-references are non-normative."
17.67,MATCH,MATCH,MATCH,1.000000,NORMALIZED_EXACT,UNCHANGED_BY_18_2024,SRC-010,134,PENDING_G1_REVIEW,"Deterministic text comparison only; not a legal or domain approval. Workbook explanation, implementation guidance and cross-references are non-normative."
17.68,MATCH,MATCH,MATCH,1.000000,NORMALIZED_EXACT,UNCHANGED_BY_18_2024,SRC-010,134,PENDING_G1_REVIEW,"Deterministic text comparison only; not a legal or domain approval. Workbook explanation, implementation guidance and cross-references are non-normative."
17.69,MATCH,MATCH,MATCH,1.000000,NORMALIZED_EXACT,UNCHANGED_BY_18_2024,SRC-010,134,PENDING_G1_REVIEW,"Deterministic text comparison only; not a legal or domain approval. Workbook explanation, implementation guidance and cross-references are non-normative."
17.70,MATCH,MATCH,MATCH,1.000000,NORMALIZED_EXACT,UNCHANGED_BY_18_2024,SRC-010,134,PENDING_G1_REVIEW,"Deterministic text comparison only; not a legal or domain approval. Workbook explanation, implementation guidance and cross-references are non-normative."
17.71,MATCH,MATCH,MATCH,1.000000,NORMALIZED_EXACT,UNCHANGED_BY_18_2024,SRC-010,134,PENDING_G1_REVIEW,"Deterministic text comparison only; not a legal or domain approval. Workbook explanation, implementation guidance and cross-references are non-normative."
17.72,MATCH,MATCH,MATCH,1.000000,NORMALIZED_EXACT,UNCHANGED_BY_18_2024,SRC-010,134,PENDING_G1_REVIEW,"Deterministic text comparison only; not a legal or domain approval. Workbook explanation, implementation guidance and cross-references are non-normative."
17.73,MATCH,MATCH,MATCH,1.000000,NORMALIZED_EXACT,UNCHANGED_BY_18_2024,SRC-010,134,PENDING_G1_REVIEW,"Deterministic text comparison only; not a legal or domain approval. Workbook explanation, implementation guidance and cross-references are non-normative."
17.74,MATCH,MATCH,MATCH,1.000000,NORMALIZED_EXACT,UNCHANGED_BY_18_2024,SRC-010,134,PENDING_G1_REVIEW,"Deterministic text comparison only; not a legal or domain approval. Workbook explanation, implementation guidance and cross-references are non-normative."
17.75,MATCH,MATCH,MATCH,1.000000,NORMALIZED_EXACT,UNCHANGED_BY_18_2024,SRC-010,134;135,PENDING_G1_REVIEW,"Deterministic text comparison only; not a legal or domain approval. Workbook explanation, implementation guidance and cross-references are non-normative."
17.76,MATCH,MATCH,MATCH,1.000000,NORMALIZED_EXACT,UNCHANGED_BY_18_2024,SRC-010,135,PENDING_G1_REVIEW,"Deterministic text comparison only; not a legal or domain approval. Workbook explanation, implementation guidance and cross-references are non-normative."
17.77,MATCH,MATCH,MATCH,1.000000,NORMALIZED_EXACT,UNCHANGED_BY_18_2024,SRC-010,135,PENDING_G1_REVIEW,"Deterministic text comparison only; not a legal or domain approval. Workbook explanation, implementation guidance and cross-references are non-normative."
17.78,MATCH,MATCH,MATCH,1.000000,NORMALIZED_EXACT,UNCHANGED_BY_18_2024,SRC-010,135,PENDING_G1_REVIEW,"Deterministic text comparison only; not a legal or domain approval. Workbook explanation, implementation guidance and cross-references are non-normative."
17.79,MATCH,MATCH,MATCH,1.000000,NORMALIZED_EXACT,UNCHANGED_BY_18_2024,SRC-010,135,PENDING_G1_REVIEW,"Deterministic text comparison only; not a legal or domain approval. Workbook explanation, implementation guidance and cross-references are non-normative."
17.80,MATCH,MATCH,MATCH,1.000000,NORMALIZED_EXACT,UNCHANGED_BY_18_2024,SRC-010,135,PENDING_G1_REVIEW,"Deterministic text comparison only; not a legal or domain approval. Workbook explanation, implementation guidance and cross-references are non-normative."
17.81,MATCH,MATCH,MATCH,1.000000,NORMALIZED_EXACT,UNCHANGED_BY_18_2024,SRC-010,135,PENDING_G1_REVIEW,"Deterministic text comparison only; not a legal or domain approval. Workbook explanation, implementation guidance and cross-references are non-normative."
17.82,MATCH,MATCH,MATCH,1.000000,NORMALIZED_EXACT,UNCHANGED_BY_18_2024,SRC-010,135,PENDING_G1_REVIEW,"Deterministic text comparison only; not a legal or domain approval. Workbook explanation, implementation guidance and cross-references are non-normative."
17.83,MATCH,MATCH,MATCH,1.000000,NORMALIZED_EXACT,UNCHANGED_BY_18_2024,SRC-010,135,PENDING_G1_REVIEW,"Deterministic text comparison only; not a legal or domain approval. Workbook explanation, implementation guidance and cross-references are non-normative."
17.84,MATCH,MATCH,MATCH,1.000000,NORMALIZED_EXACT,UNCHANGED_BY_18_2024,SRC-010,135,PENDING_G1_REVIEW,"Deterministic text comparison only; not a legal or domain approval. Workbook explanation, implementation guidance and cross-references are non-normative."
17.85,MATCH,MATCH,MATCH,1.000000,NORMALIZED_EXACT,UNCHANGED_BY_18_2024,SRC-010,135,PENDING_G1_REVIEW,"Deterministic text comparison only; not a legal or domain approval. Workbook explanation, implementation guidance and cross-references are non-normative."
17.86,MATCH,MATCH,MATCH,1.000000,NORMALIZED_EXACT,UNCHANGED_BY_18_2024,SRC-010,135,PENDING_G1_REVIEW,"Deterministic text comparison only; not a legal or domain approval. Workbook explanation, implementation guidance and cross-references are non-normative."
17.87,MATCH,MATCH,MATCH,1.000000,NORMALIZED_EXACT,UNCHANGED_BY_18_2024,SRC-010,135,PENDING_G1_REVIEW,"Deterministic text comparison only; not a legal or domain approval. Workbook explanation, implementation guidance and cross-references are non-normative."
17.88,MATCH,MATCH,MATCH,1.000000,NORMALIZED_EXACT,UNCHANGED_BY_18_2024,SRC-010,135,PENDING_G1_REVIEW,"Deterministic text comparison only; not a legal or domain approval. Workbook explanation, implementation guidance and cross-references are non-normative."
17.89,MATCH,MATCH,MATCH,1.000000,NORMALIZED_EXACT,UNCHANGED_BY_18_2024,SRC-010,135,PENDING_G1_REVIEW,"Deterministic text comparison only; not a legal or domain approval. Workbook explanation, implementation guidance and cross-references are non-normative."
17.90,MATCH,MATCH,MATCH,1.000000,NORMALIZED_EXACT,UNCHANGED_BY_18_2024,SRC-010,135,PENDING_G1_REVIEW,"Deterministic text comparison only; not a legal or domain approval. Workbook explanation, implementation guidance and cross-references are non-normative."
17.91,MATCH,MATCH,MATCH,1.000000,NORMALIZED_EXACT,UNCHANGED_BY_18_2024,SRC-010,135,PENDING_G1_REVIEW,"Deterministic text comparison only; not a legal or domain approval. Workbook explanation, implementation guidance and cross-references are non-normative."
17.92,MATCH,MATCH,MATCH,1.000000,NORMALIZED_EXACT,UNCHANGED_BY_18_2024,SRC-010,135,PENDING_G1_REVIEW,"Deterministic text comparison only; not a legal or domain approval. Workbook explanation, implementation guidance and cross-references are non-normative."
17.93,MATCH,MATCH,MATCH,1.000000,NORMALIZED_EXACT,UNCHANGED_BY_18_2024,SRC-010,135,PENDING_G1_REVIEW,"Deterministic text comparison only; not a legal or domain approval. Workbook explanation, implementation guidance and cross-references are non-normative."
17.94,MATCH,MATCH,MATCH,1.000000,NORMALIZED_EXACT,UNCHANGED_BY_18_2024,SRC-010,135;136,PENDING_G1_REVIEW,"Deterministic text comparison only; not a legal or domain approval. Workbook explanation, implementation guidance and cross-references are non-normative."
17.95,MATCH,MATCH,MATCH,1.000000,NORMALIZED_EXACT,UNCHANGED_BY_18_2024,SRC-010,136,PENDING_G1_REVIEW,"Deterministic text comparison only; not a legal or domain approval. Workbook explanation, implementation guidance and cross-references are non-normative."
17.96,MATCH,MATCH,MATCH,1.000000,NORMALIZED_EXACT,UNCHANGED_BY_18_2024,SRC-010,136,PENDING_G1_REVIEW,"Deterministic text comparison only; not a legal or domain approval. Workbook explanation, implementation guidance and cross-references are non-normative."
17.97,MATCH,MATCH,MATCH,1.000000,NORMALIZED_EXACT,UNCHANGED_BY_18_2024,SRC-010,136,PENDING_G1_REVIEW,"Deterministic text comparison only; not a legal or domain approval. Workbook explanation, implementation guidance and cross-references are non-normative."
17.98,MATCH,MATCH,MATCH,1.000000,NORMALIZED_EXACT,UNCHANGED_BY_18_2024,SRC-010,136,PENDING_G1_REVIEW,"Deterministic text comparison only; not a legal or domain approval. Workbook explanation, implementation guidance and cross-references are non-normative."
17.99,MATCH,MATCH,MATCH,1.000000,NORMALIZED_EXACT,UNCHANGED_BY_18_2024,SRC-010,136,PENDING_G1_REVIEW,"Deterministic text comparison only; not a legal or domain approval. Workbook explanation, implementation guidance and cross-references are non-normative."
17.100,MATCH,MATCH,MATCH,1.000000,NORMALIZED_EXACT,UNCHANGED_BY_18_2024,SRC-010,136,PENDING_G1_REVIEW,"Deterministic text comparison only; not a legal or domain approval. Workbook explanation, implementation guidance and cross-references are non-normative."
17.101,MATCH,MATCH,MATCH,1.000000,NORMALIZED_EXACT,UNCHANGED_BY_18_2024,SRC-010,136,PENDING_G1_REVIEW,"Deterministic text comparison only; not a legal or domain approval. Workbook explanation, implementation guidance and cross-references are non-normative."
17.102,MATCH,MATCH,MATCH,1.000000,NORMALIZED_EXACT,UNCHANGED_BY_18_2024,SRC-010,136,PENDING_G1_REVIEW,"Deterministic text comparison only; not a legal or domain approval. Workbook explanation, implementation guidance and cross-references are non-normative."
17.103,MATCH,MATCH,MATCH,1.000000,NORMALIZED_EXACT,UNCHANGED_BY_18_2024,SRC-010,136,PENDING_G1_REVIEW,"Deterministic text comparison only; not a legal or domain approval. Workbook explanation, implementation guidance and cross-references are non-normative."
17.104,MATCH,MATCH,MATCH,1.000000,NORMALIZED_EXACT,UNCHANGED_BY_18_2024,SRC-010,136,PENDING_G1_REVIEW,"Deterministic text comparison only; not a legal or domain approval. Workbook explanation, implementation guidance and cross-references are non-normative."
17.105,MATCH,MATCH,MATCH,1.000000,NORMALIZED_EXACT,UNCHANGED_BY_18_2024,SRC-010,136,PENDING_G1_REVIEW,"Deterministic text comparison only; not a legal or domain approval. Workbook explanation, implementation guidance and cross-references are non-normative."
17.106,MATCH,MATCH,MATCH,1.000000,NORMALIZED_EXACT,UNCHANGED_BY_18_2024,SRC-010,136,PENDING_G1_REVIEW,"Deterministic text comparison only; not a legal or domain approval. Workbook explanation, implementation guidance and cross-references are non-normative."
17.107,MATCH,MATCH,MATCH,1.000000,NORMALIZED_EXACT,UNCHANGED_BY_18_2024,SRC-010,136,PENDING_G1_REVIEW,"Deterministic text comparison only; not a legal or domain approval. Workbook explanation, implementation guidance and cross-references are non-normative."
17.108,MATCH,MATCH,MATCH,1.000000,NORMALIZED_EXACT,UNCHANGED_BY_18_2024,SRC-010,136,PENDING_G1_REVIEW,"Deterministic text comparison only; not a legal or domain approval. Workbook explanation, implementation guidance and cross-references are non-normative."
17.109,MATCH,MATCH,MATCH,1.000000,NORMALIZED_EXACT,UNCHANGED_BY_18_2024,SRC-010,136;137,PENDING_G1_REVIEW,"Deterministic text comparison only; not a legal or domain approval. Workbook explanation, implementation guidance and cross-references are non-normative."
17.110,MATCH,MATCH,MATCH,1.000000,NORMALIZED_EXACT,UNCHANGED_BY_18_2024,SRC-010,137,PENDING_G1_REVIEW,"Deterministic text comparison only; not a legal or domain approval. Workbook explanation, implementation guidance and cross-references are non-normative."
17.111,MATCH,MATCH,MATCH,1.000000,NORMALIZED_EXACT,UNCHANGED_BY_18_2024,SRC-010,137,PENDING_G1_REVIEW,"Deterministic text comparison only; not a legal or domain approval. Workbook explanation, implementation guidance and cross-references are non-normative."
17.112,MATCH,MATCH,MATCH,1.000000,NORMALIZED_EXACT,UNCHANGED_BY_18_2024,SRC-010,137,PENDING_G1_REVIEW,"Deterministic text comparison only; not a legal or domain approval. Workbook explanation, implementation guidance and cross-references are non-normative."
17.113,MATCH,MATCH,MATCH,1.000000,NORMALIZED_EXACT,UNCHANGED_BY_18_2024,SRC-010,137,PENDING_G1_REVIEW,"Deterministic text comparison only; not a legal or domain approval. Workbook explanation, implementation guidance and cross-references are non-normative."
17.114,MATCH,MATCH,MATCH,1.000000,NORMALIZED_EXACT,UNCHANGED_BY_18_2024,SRC-010,137,PENDING_G1_REVIEW,"Deterministic text comparison only; not a legal or domain approval. Workbook explanation, implementation guidance and cross-references are non-normative."
17.115,MATCH,MATCH,MATCH,1.000000,NORMALIZED_EXACT,UNCHANGED_BY_18_2024,SRC-010,137,PENDING_G1_REVIEW,"Deterministic text comparison only; not a legal or domain approval. Workbook explanation, implementation guidance and cross-references are non-normative."
17.116,MATCH,MATCH,MATCH,1.000000,NORMALIZED_EXACT,UNCHANGED_BY_18_2024,SRC-010,137,PENDING_G1_REVIEW,"Deterministic text comparison only; not a legal or domain approval. Workbook explanation, implementation guidance and cross-references are non-normative."
17.117,MATCH,MATCH,MATCH,1.000000,NORMALIZED_EXACT,UNCHANGED_BY_18_2024,SRC-010,137,PENDING_G1_REVIEW,"Deterministic text comparison only; not a legal or domain approval. Workbook explanation, implementation guidance and cross-references are non-normative."
17.118,MATCH,MATCH,MATCH,1.000000,NORMALIZED_EXACT,UNCHANGED_BY_18_2024,SRC-010,137,PENDING_G1_REVIEW,"Deterministic text comparison only; not a legal or domain approval. Workbook explanation, implementation guidance and cross-references are non-normative."
17.119,MATCH,MATCH,MATCH,1.000000,NORMALIZED_EXACT,UNCHANGED_BY_18_2024,SRC-010,137,PENDING_G1_REVIEW,"Deterministic text comparison only; not a legal or domain approval. Workbook explanation, implementation guidance and cross-references are non-normative."
17.120,MATCH,MATCH,MATCH,1.000000,NORMALIZED_EXACT,UNCHANGED_BY_18_2024,SRC-010,137,PENDING_G1_REVIEW,"Deterministic text comparison only; not a legal or domain approval. Workbook explanation, implementation guidance and cross-references are non-normative."
17.121,MATCH,MATCH,MATCH,1.000000,NORMALIZED_EXACT,UNCHANGED_BY_18_2024,SRC-010,137,PENDING_G1_REVIEW,"Deterministic text comparison only; not a legal or domain approval. Workbook explanation, implementation guidance and cross-references are non-normative."
17.122,MATCH,MATCH,MATCH,1.000000,NORMALIZED_EXACT,UNCHANGED_BY_18_2024,SRC-010,137,PENDING_G1_REVIEW,"Deterministic text comparison only; not a legal or domain approval. Workbook explanation, implementation guidance and cross-references are non-normative."
17.123,MATCH,MATCH,MATCH,1.000000,NORMALIZED_EXACT,UNCHANGED_BY_18_2024,SRC-010,137;138,PENDING_G1_REVIEW,"Deterministic text comparison only; not a legal or domain approval. Workbook explanation, implementation guidance and cross-references are non-normative."
17.124,MATCH,MATCH,MATCH,1.000000,NORMALIZED_EXACT,UNCHANGED_BY_18_2024,SRC-010,138,PENDING_G1_REVIEW,"Deterministic text comparison only; not a legal or domain approval. Workbook explanation, implementation guidance and cross-references are non-normative."
17.125,MATCH,MATCH,MATCH,1.000000,NORMALIZED_EXACT,UNCHANGED_BY_18_2024,SRC-010,138,PENDING_G1_REVIEW,"Deterministic text comparison only; not a legal or domain approval. Workbook explanation, implementation guidance and cross-references are non-normative."
17.126,MATCH,MATCH,MATCH,1.000000,NORMALIZED_EXACT,UNCHANGED_BY_18_2024,SRC-010,138,PENDING_G1_REVIEW,"Deterministic text comparison only; not a legal or domain approval. Workbook explanation, implementation guidance and cross-references are non-normative."
17.127,MATCH,MATCH,MATCH,1.000000,NORMALIZED_EXACT,UNCHANGED_BY_18_2024,SRC-010,138,PENDING_G1_REVIEW,"Deterministic text comparison only; not a legal or domain approval. Workbook explanation, implementation guidance and cross-references are non-normative."
17.128,MATCH,MATCH,MATCH,1.000000,NORMALIZED_EXACT,UNCHANGED_BY_18_2024,SRC-010,138,PENDING_G1_REVIEW,"Deterministic text comparison only; not a legal or domain approval. Workbook explanation, implementation guidance and cross-references are non-normative."
17.129,MATCH,MATCH,MATCH,1.000000,NORMALIZED_EXACT,UNCHANGED_BY_18_2024,SRC-010,138,PENDING_G1_REVIEW,"Deterministic text comparison only; not a legal or domain approval. Workbook explanation, implementation guidance and cross-references are non-normative."
17.130,MATCH,MATCH,MATCH,1.000000,NORMALIZED_EXACT,UNCHANGED_BY_18_2024,SRC-010,138,PENDING_G1_REVIEW,"Deterministic text comparison only; not a legal or domain approval. Workbook explanation, implementation guidance and cross-references are non-normative."
17.131,MATCH,MATCH,MATCH,1.000000,NORMALIZED_EXACT,UNCHANGED_BY_18_2024,SRC-010,138,PENDING_G1_REVIEW,"Deterministic text comparison only; not a legal or domain approval. Workbook explanation, implementation guidance and cross-references are non-normative."
17.132,MATCH,MATCH,MATCH,1.000000,NORMALIZED_EXACT,UNCHANGED_BY_18_2024,SRC-010,138;139,PENDING_G1_REVIEW,"Deterministic text comparison only; not a legal or domain approval. Workbook explanation, implementation guidance and cross-references are non-normative."
18.1,MATCH,MATCH,MATCH,1.000000,NORMALIZED_EXACT,UNCHANGED_BY_18_2024,SRC-010,139,PENDING_G1_REVIEW,"Deterministic text comparison only; not a legal or domain approval. Workbook explanation, implementation guidance and cross-references are non-normative."
18.2,MATCH,MATCH,MATCH,1.000000,NORMALIZED_EXACT,UNCHANGED_BY_18_2024,SRC-010,139,PENDING_G1_REVIEW,"Deterministic text comparison only; not a legal or domain approval. Workbook explanation, implementation guidance and cross-references are non-normative."
18.3,MATCH,MATCH,MATCH,1.000000,NORMALIZED_EXACT,UNCHANGED_BY_18_2024,SRC-010,139,PENDING_G1_REVIEW,"Deterministic text comparison only; not a legal or domain approval. Workbook explanation, implementation guidance and cross-references are non-normative."
18.4,MATCH,MATCH,MATCH,1.000000,NORMALIZED_EXACT,UNCHANGED_BY_18_2024,SRC-010,139,PENDING_G1_REVIEW,"Deterministic text comparison only; not a legal or domain approval. Workbook explanation, implementation guidance and cross-references are non-normative."
18.5,MATCH,MATCH,MATCH,1.000000,NORMALIZED_EXACT,UNCHANGED_BY_18_2024,SRC-010,139,PENDING_G1_REVIEW,"Deterministic text comparison only; not a legal or domain approval. Workbook explanation, implementation guidance and cross-references are non-normative."
18.6,MATCH,MATCH,MATCH,1.000000,NORMALIZED_EXACT,UNCHANGED_BY_18_2024,SRC-010,139,PENDING_G1_REVIEW,"Deterministic text comparison only; not a legal or domain approval. Workbook explanation, implementation guidance and cross-references are non-normative."
18.7,MATCH,MATCH,MATCH,1.000000,NORMALIZED_EXACT,UNCHANGED_BY_18_2024,SRC-010,139;140,PENDING_G1_REVIEW,"Deterministic text comparison only; not a legal or domain approval. Workbook explanation, implementation guidance and cross-references are non-normative."
18.8,MATCH,MATCH,MATCH,1.000000,NORMALIZED_EXACT,UNCHANGED_BY_18_2024,SRC-010,140,PENDING_G1_REVIEW,"Deterministic text comparison only; not a legal or domain approval. Workbook explanation, implementation guidance and cross-references are non-normative."
18.9,MATCH,MATCH,MATCH,1.000000,NORMALIZED_EXACT,UNCHANGED_BY_18_2024,SRC-010,140,PENDING_G1_REVIEW,"Deterministic text comparison only; not a legal or domain approval. Workbook explanation, implementation guidance and cross-references are non-normative."
18.10,MATCH,MATCH,MATCH,1.000000,NORMALIZED_EXACT,UNCHANGED_BY_18_2024,SRC-010,140,PENDING_G1_REVIEW,"Deterministic text comparison only; not a legal or domain approval. Workbook explanation, implementation guidance and cross-references are non-normative."
18.11,MATCH,MATCH,MATCH,1.000000,NORMALIZED_EXACT,UNCHANGED_BY_18_2024,SRC-010,140,PENDING_G1_REVIEW,"Deterministic text comparison only; not a legal or domain approval. Workbook explanation, implementation guidance and cross-references are non-normative."
18.12,MATCH,MATCH,MATCH,1.000000,NORMALIZED_EXACT,UNCHANGED_BY_18_2024,SRC-010,140;141,PENDING_G1_REVIEW,"Deterministic text comparison only; not a legal or domain approval. Workbook explanation, implementation guidance and cross-references are non-normative."
18.13,MATCH,MATCH,MATCH,1.000000,NORMALIZED_EXACT,UNCHANGED_BY_18_2024,SRC-010,141,PENDING_G1_REVIEW,"Deterministic text comparison only; not a legal or domain approval. Workbook explanation, implementation guidance and cross-references are non-normative."
18.14,MATCH,MATCH,MATCH,1.000000,NORMALIZED_EXACT,UNCHANGED_BY_18_2024,SRC-010,141,PENDING_G1_REVIEW,"Deterministic text comparison only; not a legal or domain approval. Workbook explanation, implementation guidance and cross-references are non-normative."
18.15,MATCH,MATCH,MATCH,1.000000,NORMALIZED_EXACT,UNCHANGED_BY_18_2024,SRC-010,141,PENDING_G1_REVIEW,"Deterministic text comparison only; not a legal or domain approval. Workbook explanation, implementation guidance and cross-references are non-normative."
18.16,MATCH,MATCH,MATCH,1.000000,NORMALIZED_EXACT,UNCHANGED_BY_18_2024,SRC-010,141,PENDING_G1_REVIEW,"Deterministic text comparison only; not a legal or domain approval. Workbook explanation, implementation guidance and cross-references are non-normative."
18.17,MATCH,MATCH,MATCH,1.000000,NORMALIZED_EXACT,UNCHANGED_BY_18_2024,SRC-010,141,PENDING_G1_REVIEW,"Deterministic text comparison only; not a legal or domain approval. Workbook explanation, implementation guidance and cross-references are non-normative."
18.18,MATCH,MATCH,MATCH,1.000000,NORMALIZED_EXACT,UNCHANGED_BY_18_2024,SRC-010,141,PENDING_G1_REVIEW,"Deterministic text comparison only; not a legal or domain approval. Workbook explanation, implementation guidance and cross-references are non-normative."
18.19,MATCH,MATCH,MATCH,1.000000,NORMALIZED_EXACT,UNCHANGED_BY_18_2024,SRC-010,141,PENDING_G1_REVIEW,"Deterministic text comparison only; not a legal or domain approval. Workbook explanation, implementation guidance and cross-references are non-normative."
18.20,MATCH,MATCH,MATCH,1.000000,NORMALIZED_EXACT,UNCHANGED_BY_18_2024,SRC-010,141,PENDING_G1_REVIEW,"Deterministic text comparison only; not a legal or domain approval. Workbook explanation, implementation guidance and cross-references are non-normative."
18.21,MATCH,MATCH,MATCH,1.000000,NORMALIZED_EXACT,UNCHANGED_BY_18_2024,SRC-010,141;142,PENDING_G1_REVIEW,"Deterministic text comparison only; not a legal or domain approval. Workbook explanation, implementation guidance and cross-references are non-normative."
18.22,MATCH,MATCH,MATCH,1.000000,NORMALIZED_EXACT,UNCHANGED_BY_18_2024,SRC-010,142,PENDING_G1_REVIEW,"Deterministic text comparison only; not a legal or domain approval. Workbook explanation, implementation guidance and cross-references are non-normative."
18.23,MATCH,MATCH,MATCH,1.000000,NORMALIZED_EXACT,UNCHANGED_BY_18_2024,SRC-010,142,PENDING_G1_REVIEW,"Deterministic text comparison only; not a legal or domain approval. Workbook explanation, implementation guidance and cross-references are non-normative."
18.24,MATCH,MATCH,MATCH,1.000000,NORMALIZED_EXACT,UNCHANGED_BY_18_2024,SRC-010,142,PENDING_G1_REVIEW,"Deterministic text comparison only; not a legal or domain approval. Workbook explanation, implementation guidance and cross-references are non-normative."
18.25,MATCH,MATCH,MATCH,1.000000,NORMALIZED_EXACT,UNCHANGED_BY_18_2024,SRC-010,142,PENDING_G1_REVIEW,"Deterministic text comparison only; not a legal or domain approval. Workbook explanation, implementation guidance and cross-references are non-normative."
18.26,MATCH,MATCH,MATCH,1.000000,NORMALIZED_EXACT,UNCHANGED_BY_18_2024,SRC-010,142,PENDING_G1_REVIEW,"Deterministic text comparison only; not a legal or domain approval. Workbook explanation, implementation guidance and cross-references are non-normative."
18.27,MATCH,MATCH,MATCH,1.000000,NORMALIZED_EXACT,UNCHANGED_BY_18_2024,SRC-010,142,PENDING_G1_REVIEW,"Deterministic text comparison only; not a legal or domain approval. Workbook explanation, implementation guidance and cross-references are non-normative."
18.28,MATCH,MATCH,MATCH,1.000000,NORMALIZED_EXACT,UNCHANGED_BY_18_2024,SRC-010,142,PENDING_G1_REVIEW,"Deterministic text comparison only; not a legal or domain approval. Workbook explanation, implementation guidance and cross-references are non-normative."
18.29,MATCH,MATCH,MATCH,1.000000,NORMALIZED_EXACT,UNCHANGED_BY_18_2024,SRC-010,142,PENDING_G1_REVIEW,"Deterministic text comparison only; not a legal or domain approval. Workbook explanation, implementation guidance and cross-references are non-normative."
18.30,MATCH,MATCH,MATCH,1.000000,NORMALIZED_EXACT,UNCHANGED_BY_18_2024,SRC-010,142,PENDING_G1_REVIEW,"Deterministic text comparison only; not a legal or domain approval. Workbook explanation, implementation guidance and cross-references are non-normative."
18.31,MATCH,MATCH,MATCH,1.000000,NORMALIZED_EXACT,UNCHANGED_BY_18_2024,SRC-010,142,PENDING_G1_REVIEW,"Deterministic text comparison only; not a legal or domain approval. Workbook explanation, implementation guidance and cross-references are non-normative."
18.32,MATCH,MATCH,MATCH,1.000000,NORMALIZED_EXACT,UNCHANGED_BY_18_2024,SRC-010,142,PENDING_G1_REVIEW,"Deterministic text comparison only; not a legal or domain approval. Workbook explanation, implementation guidance and cross-references are non-normative."
18.33,MATCH,MATCH,MATCH,1.000000,NORMALIZED_EXACT,UNCHANGED_BY_18_2024,SRC-010,142,PENDING_G1_REVIEW,"Deterministic text comparison only; not a legal or domain approval. Workbook explanation, implementation guidance and cross-references are non-normative."
18.34,MATCH,MATCH,MATCH,1.000000,NORMALIZED_EXACT,UNCHANGED_BY_18_2024,SRC-010,142,PENDING_G1_REVIEW,"Deterministic text comparison only; not a legal or domain approval. Workbook explanation, implementation guidance and cross-references are non-normative."
18.35,MATCH,MATCH,MATCH,1.000000,NORMALIZED_EXACT,UNCHANGED_BY_18_2024,SRC-010,142;143,PENDING_G1_REVIEW,"Deterministic text comparison only; not a legal or domain approval. Workbook explanation, implementation guidance and cross-references are non-normative."
18.36,MATCH,MATCH,MATCH,1.000000,NORMALIZED_EXACT,UNCHANGED_BY_18_2024,SRC-010,143,PENDING_G1_REVIEW,"Deterministic text comparison only; not a legal or domain approval. Workbook explanation, implementation guidance and cross-references are non-normative."
18.37,MATCH,MATCH,MATCH,1.000000,NORMALIZED_EXACT,UNCHANGED_BY_18_2024,SRC-010,143,PENDING_G1_REVIEW,"Deterministic text comparison only; not a legal or domain approval. Workbook explanation, implementation guidance and cross-references are non-normative."
18.38,MATCH,MATCH,MATCH,1.000000,NORMALIZED_EXACT,UNCHANGED_BY_18_2024,SRC-010,143,PENDING_G1_REVIEW,"Deterministic text comparison only; not a legal or domain approval. Workbook explanation, implementation guidance and cross-references are non-normative."
18.39,MATCH,MATCH,MATCH,1.000000,NORMALIZED_EXACT,UNCHANGED_BY_18_2024,SRC-010,143,PENDING_G1_REVIEW,"Deterministic text comparison only; not a legal or domain approval. Workbook explanation, implementation guidance and cross-references are non-normative."
18.40,MATCH,MATCH,MATCH,1.000000,NORMALIZED_EXACT,UNCHANGED_BY_18_2024,SRC-010,143,PENDING_G1_REVIEW,"Deterministic text comparison only; not a legal or domain approval. Workbook explanation, implementation guidance and cross-references are non-normative."
18.41,MATCH,MATCH,MATCH,1.000000,NORMALIZED_EXACT,UNCHANGED_BY_18_2024,SRC-010,143,PENDING_G1_REVIEW,"Deterministic text comparison only; not a legal or domain approval. Workbook explanation, implementation guidance and cross-references are non-normative."
18.42,MATCH,MATCH,MATCH,1.000000,NORMALIZED_EXACT,UNCHANGED_BY_18_2024,SRC-010,143,PENDING_G1_REVIEW,"Deterministic text comparison only; not a legal or domain approval. Workbook explanation, implementation guidance and cross-references are non-normative."
18.43,MATCH,MATCH,MATCH,1.000000,NORMALIZED_EXACT,UNCHANGED_BY_18_2024,SRC-010,143,PENDING_G1_REVIEW,"Deterministic text comparison only; not a legal or domain approval. Workbook explanation, implementation guidance and cross-references are non-normative."
18.44,MATCH,MATCH,MATCH,1.000000,NORMALIZED_EXACT,UNCHANGED_BY_18_2024,SRC-010,143,PENDING_G1_REVIEW,"Deterministic text comparison only; not a legal or domain approval. Workbook explanation, implementation guidance and cross-references are non-normative."
18.45,MATCH,MATCH,MATCH,1.000000,NORMALIZED_EXACT,UNCHANGED_BY_18_2024,SRC-010,143,PENDING_G1_REVIEW,"Deterministic text comparison only; not a legal or domain approval. Workbook explanation, implementation guidance and cross-references are non-normative."
18.46,MATCH,MATCH,MATCH,1.000000,NORMALIZED_EXACT,UNCHANGED_BY_18_2024,SRC-010,143,PENDING_G1_REVIEW,"Deterministic text comparison only; not a legal or domain approval. Workbook explanation, implementation guidance and cross-references are non-normative."
18.47,MATCH,MATCH,MATCH,1.000000,NORMALIZED_EXACT,UNCHANGED_BY_18_2024,SRC-010,143;144,PENDING_G1_REVIEW,"Deterministic text comparison only; not a legal or domain approval. Workbook explanation, implementation guidance and cross-references are non-normative."
18.48,MATCH,MATCH,MATCH,1.000000,NORMALIZED_EXACT,UNCHANGED_BY_18_2024,SRC-010,144,PENDING_G1_REVIEW,"Deterministic text comparison only; not a legal or domain approval. Workbook explanation, implementation guidance and cross-references are non-normative."
18.49,MATCH,MATCH,MATCH,1.000000,NORMALIZED_EXACT,UNCHANGED_BY_18_2024,SRC-010,144,PENDING_G1_REVIEW,"Deterministic text comparison only; not a legal or domain approval. Workbook explanation, implementation guidance and cross-references are non-normative."
18.50,MATCH,MATCH,MATCH,1.000000,NORMALIZED_EXACT,UNCHANGED_BY_18_2024,SRC-010,144,PENDING_G1_REVIEW,"Deterministic text comparison only; not a legal or domain approval. Workbook explanation, implementation guidance and cross-references are non-normative."
18.51,MATCH,MATCH,MATCH,1.000000,NORMALIZED_EXACT,UNCHANGED_BY_18_2024,SRC-010,144,PENDING_G1_REVIEW,"Deterministic text comparison only; not a legal or domain approval. Workbook explanation, implementation guidance and cross-references are non-normative."
18.52,MATCH,MATCH,MATCH,1.000000,NORMALIZED_EXACT,UNCHANGED_BY_18_2024,SRC-010,144,PENDING_G1_REVIEW,"Deterministic text comparison only; not a legal or domain approval. Workbook explanation, implementation guidance and cross-references are non-normative."
18.53,MATCH,MATCH,MATCH,1.000000,NORMALIZED_EXACT,UNCHANGED_BY_18_2024,SRC-010,144,PENDING_G1_REVIEW,"Deterministic text comparison only; not a legal or domain approval. Workbook explanation, implementation guidance and cross-references are non-normative."
18.54,MATCH,MATCH,MATCH,1.000000,NORMALIZED_EXACT,UNCHANGED_BY_18_2024,SRC-010,144,PENDING_G1_REVIEW,"Deterministic text comparison only; not a legal or domain approval. Workbook explanation, implementation guidance and cross-references are non-normative."
18.55,MATCH,MATCH,MATCH,1.000000,NORMALIZED_EXACT,UNCHANGED_BY_18_2024,SRC-010,144,PENDING_G1_REVIEW,"Deterministic text comparison only; not a legal or domain approval. Workbook explanation, implementation guidance and cross-references are non-normative."
18.56,MATCH,MATCH,MATCH,1.000000,NORMALIZED_EXACT,UNCHANGED_BY_18_2024,SRC-010,144,PENDING_G1_REVIEW,"Deterministic text comparison only; not a legal or domain approval. Workbook explanation, implementation guidance and cross-references are non-normative."
18.57,MATCH,MATCH,MATCH,1.000000,NORMALIZED_EXACT,UNCHANGED_BY_18_2024,SRC-010,144,PENDING_G1_REVIEW,"Deterministic text comparison only; not a legal or domain approval. Workbook explanation, implementation guidance and cross-references are non-normative."
18.58,MATCH,MATCH,MATCH,1.000000,NORMALIZED_EXACT,UNCHANGED_BY_18_2024,SRC-010,144,PENDING_G1_REVIEW,"Deterministic text comparison only; not a legal or domain approval. Workbook explanation, implementation guidance and cross-references are non-normative."
18.59,MATCH,MATCH,MATCH,1.000000,NORMALIZED_EXACT,UNCHANGED_BY_18_2024,SRC-010,144,PENDING_G1_REVIEW,"Deterministic text comparison only; not a legal or domain approval. Workbook explanation, implementation guidance and cross-references are non-normative."
18.60,MATCH,MATCH,MATCH,1.000000,NORMALIZED_EXACT,UNCHANGED_BY_18_2024,SRC-010,144,PENDING_G1_REVIEW,"Deterministic text comparison only; not a legal or domain approval. Workbook explanation, implementation guidance and cross-references are non-normative."
18.61,MATCH,MATCH,MATCH,1.000000,NORMALIZED_EXACT,UNCHANGED_BY_18_2024,SRC-010,144,PENDING_G1_REVIEW,"Deterministic text comparison only; not a legal or domain approval. Workbook explanation, implementation guidance and cross-references are non-normative."
18.62,MATCH,MATCH,MATCH,1.000000,NORMALIZED_EXACT,UNCHANGED_BY_18_2024,SRC-010,144,PENDING_G1_REVIEW,"Deterministic text comparison only; not a legal or domain approval. Workbook explanation, implementation guidance and cross-references are non-normative."
18.63,MATCH,MATCH,MATCH,1.000000,NORMALIZED_EXACT,UNCHANGED_BY_18_2024,SRC-010,144,PENDING_G1_REVIEW,"Deterministic text comparison only; not a legal or domain approval. Workbook explanation, implementation guidance and cross-references are non-normative."
18.64,MATCH,MATCH,MATCH,1.000000,NORMALIZED_EXACT,UNCHANGED_BY_18_2024,SRC-010,144;145,PENDING_G1_REVIEW,"Deterministic text comparison only; not a legal or domain approval. Workbook explanation, implementation guidance and cross-references are non-normative."
18.65,MATCH,MATCH,MATCH,1.000000,NORMALIZED_EXACT,UNCHANGED_BY_18_2024,SRC-010,145,PENDING_G1_REVIEW,"Deterministic text comparison only; not a legal or domain approval. Workbook explanation, implementation guidance and cross-references are non-normative."
18.66,MATCH,MATCH,MATCH,1.000000,NORMALIZED_EXACT,UNCHANGED_BY_18_2024,SRC-010,145,PENDING_G1_REVIEW,"Deterministic text comparison only; not a legal or domain approval. Workbook explanation, implementation guidance and cross-references are non-normative."
18.67,MATCH,MATCH,MATCH,1.000000,NORMALIZED_EXACT,UNCHANGED_BY_18_2024,SRC-010,145,PENDING_G1_REVIEW,"Deterministic text comparison only; not a legal or domain approval. Workbook explanation, implementation guidance and cross-references are non-normative."
18.68,MATCH,MATCH,MATCH,1.000000,NORMALIZED_EXACT,UNCHANGED_BY_18_2024,SRC-010,145,PENDING_G1_REVIEW,"Deterministic text comparison only; not a legal or domain approval. Workbook explanation, implementation guidance and cross-references are non-normative."
18.69,MATCH,MATCH,MATCH,1.000000,NORMALIZED_EXACT,UNCHANGED_BY_18_2024,SRC-010,145,PENDING_G1_REVIEW,"Deterministic text comparison only; not a legal or domain approval. Workbook explanation, implementation guidance and cross-references are non-normative."
18.70,MATCH,MATCH,MATCH,1.000000,NORMALIZED_EXACT,UNCHANGED_BY_18_2024,SRC-010,145,PENDING_G1_REVIEW,"Deterministic text comparison only; not a legal or domain approval. Workbook explanation, implementation guidance and cross-references are non-normative."
18.71,MATCH,MATCH,MATCH,1.000000,NORMALIZED_EXACT,UNCHANGED_BY_18_2024,SRC-010,145,PENDING_G1_REVIEW,"Deterministic text comparison only; not a legal or domain approval. Workbook explanation, implementation guidance and cross-references are non-normative."
18.72,MATCH,MATCH,MATCH,1.000000,NORMALIZED_EXACT,UNCHANGED_BY_18_2024,SRC-010,145,PENDING_G1_REVIEW,"Deterministic text comparison only; not a legal or domain approval. Workbook explanation, implementation guidance and cross-references are non-normative."
18.73,MATCH,MATCH,MATCH,1.000000,NORMALIZED_EXACT,UNCHANGED_BY_18_2024,SRC-010,145,PENDING_G1_REVIEW,"Deterministic text comparison only; not a legal or domain approval. Workbook explanation, implementation guidance and cross-references are non-normative."
18.74,MATCH,MATCH,MATCH,1.000000,NORMALIZED_EXACT,UNCHANGED_BY_18_2024,SRC-010,145,PENDING_G1_REVIEW,"Deterministic text comparison only; not a legal or domain approval. Workbook explanation, implementation guidance and cross-references are non-normative."
18.75,MATCH,MATCH,MATCH,1.000000,NORMALIZED_EXACT,UNCHANGED_BY_18_2024,SRC-010,145,PENDING_G1_REVIEW,"Deterministic text comparison only; not a legal or domain approval. Workbook explanation, implementation guidance and cross-references are non-normative."
18.76,MATCH,MATCH,MATCH,1.000000,NORMALIZED_EXACT,UNCHANGED_BY_18_2024,SRC-010,145;146,PENDING_G1_REVIEW,"Deterministic text comparison only; not a legal or domain approval. Workbook explanation, implementation guidance and cross-references are non-normative."
18.77,MATCH,MATCH,MATCH,1.000000,NORMALIZED_EXACT,UNCHANGED_BY_18_2024,SRC-010,146,PENDING_G1_REVIEW,"Deterministic text comparison only; not a legal or domain approval. Workbook explanation, implementation guidance and cross-references are non-normative."
18.78,MATCH,MATCH,MATCH,1.000000,NORMALIZED_EXACT,UNCHANGED_BY_18_2024,SRC-010,146,PENDING_G1_REVIEW,"Deterministic text comparison only; not a legal or domain approval. Workbook explanation, implementation guidance and cross-references are non-normative."
18.79,MATCH,MATCH,MATCH,1.000000,NORMALIZED_EXACT,UNCHANGED_BY_18_2024,SRC-010,146,PENDING_G1_REVIEW,"Deterministic text comparison only; not a legal or domain approval. Workbook explanation, implementation guidance and cross-references are non-normative."
18.80,MATCH,MATCH,MATCH,1.000000,NORMALIZED_EXACT,UNCHANGED_BY_18_2024,SRC-010,146,PENDING_G1_REVIEW,"Deterministic text comparison only; not a legal or domain approval. Workbook explanation, implementation guidance and cross-references are non-normative."
18.81,MATCH,MATCH,MATCH,1.000000,NORMALIZED_EXACT,UNCHANGED_BY_18_2024,SRC-010,146,PENDING_G1_REVIEW,"Deterministic text comparison only; not a legal or domain approval. Workbook explanation, implementation guidance and cross-references are non-normative."
18.82,MATCH,MATCH,MATCH,1.000000,NORMALIZED_EXACT,UNCHANGED_BY_18_2024,SRC-010,146,PENDING_G1_REVIEW,"Deterministic text comparison only; not a legal or domain approval. Workbook explanation, implementation guidance and cross-references are non-normative."
18.83,MATCH,MATCH,MATCH,1.000000,NORMALIZED_EXACT,UNCHANGED_BY_18_2024,SRC-010,146;147,PENDING_G1_REVIEW,"Deterministic text comparison only; not a legal or domain approval. Workbook explanation, implementation guidance and cross-references are non-normative."
19.1,MATCH,MATCH,MATCH,1.000000,NORMALIZED_EXACT,UNCHANGED_BY_18_2024,SRC-010,147,PENDING_G1_REVIEW,"Deterministic text comparison only; not a legal or domain approval. Workbook explanation, implementation guidance and cross-references are non-normative."
19.2,MATCH,MATCH,MATCH,1.000000,NORMALIZED_EXACT,UNCHANGED_BY_18_2024,SRC-010,147,PENDING_G1_REVIEW,"Deterministic text comparison only; not a legal or domain approval. Workbook explanation, implementation guidance and cross-references are non-normative."
19.3,MATCH,MATCH,MATCH,1.000000,NORMALIZED_EXACT,UNCHANGED_BY_18_2024,SRC-010,147;148,PENDING_G1_REVIEW,"Deterministic text comparison only; not a legal or domain approval. Workbook explanation, implementation guidance and cross-references are non-normative."
19.4,MATCH,MATCH,MATCH,1.000000,NORMALIZED_EXACT,UNCHANGED_BY_18_2024,SRC-010,148,PENDING_G1_REVIEW,"Deterministic text comparison only; not a legal or domain approval. Workbook explanation, implementation guidance and cross-references are non-normative."
19.5,MATCH,MATCH,MATCH,1.000000,NORMALIZED_EXACT,UNCHANGED_BY_18_2024,SRC-010,148,PENDING_G1_REVIEW,"Deterministic text comparison only; not a legal or domain approval. Workbook explanation, implementation guidance and cross-references are non-normative."
19.6,MATCH,MATCH,MATCH,1.000000,NORMALIZED_EXACT,UNCHANGED_BY_18_2024,SRC-010,148,PENDING_G1_REVIEW,"Deterministic text comparison only; not a legal or domain approval. Workbook explanation, implementation guidance and cross-references are non-normative."
19.7,MATCH,MATCH,MATCH,1.000000,NORMALIZED_EXACT,UNCHANGED_BY_18_2024,SRC-010,148,PENDING_G1_REVIEW,"Deterministic text comparison only; not a legal or domain approval. Workbook explanation, implementation guidance and cross-references are non-normative."
19.8,MATCH,MATCH,MATCH,1.000000,NORMALIZED_EXACT,UNCHANGED_BY_18_2024,SRC-010,148,PENDING_G1_REVIEW,"Deterministic text comparison only; not a legal or domain approval. Workbook explanation, implementation guidance and cross-references are non-normative."
19.9,MATCH,MATCH,MATCH,1.000000,NORMALIZED_EXACT,UNCHANGED_BY_18_2024,SRC-010,148,PENDING_G1_REVIEW,"Deterministic text comparison only; not a legal or domain approval. Workbook explanation, implementation guidance and cross-references are non-normative."
19.10,MATCH,MATCH,MATCH,1.000000,NORMALIZED_EXACT,UNCHANGED_BY_18_2024,SRC-010,148,PENDING_G1_REVIEW,"Deterministic text comparison only; not a legal or domain approval. Workbook explanation, implementation guidance and cross-references are non-normative."
19.11,MATCH,MATCH,MATCH,1.000000,NORMALIZED_EXACT,UNCHANGED_BY_18_2024,SRC-010,148,PENDING_G1_REVIEW,"Deterministic text comparison only; not a legal or domain approval. Workbook explanation, implementation guidance and cross-references are non-normative."
19.12,MATCH,MATCH,MATCH,1.000000,NORMALIZED_EXACT,UNCHANGED_BY_18_2024,SRC-010,148,PENDING_G1_REVIEW,"Deterministic text comparison only; not a legal or domain approval. Workbook explanation, implementation guidance and cross-references are non-normative."
19.13,MATCH,MATCH,MATCH,1.000000,NORMALIZED_EXACT,UNCHANGED_BY_18_2024,SRC-010,148,PENDING_G1_REVIEW,"Deterministic text comparison only; not a legal or domain approval. Workbook explanation, implementation guidance and cross-references are non-normative."
19.14,MATCH,MATCH,MATCH,1.000000,NORMALIZED_EXACT,UNCHANGED_BY_18_2024,SRC-010,148,PENDING_G1_REVIEW,"Deterministic text comparison only; not a legal or domain approval. Workbook explanation, implementation guidance and cross-references are non-normative."
19.15,MATCH,MATCH,MATCH,1.000000,NORMALIZED_EXACT,UNCHANGED_BY_18_2024,SRC-010,148,PENDING_G1_REVIEW,"Deterministic text comparison only; not a legal or domain approval. Workbook explanation, implementation guidance and cross-references are non-normative."
19.16,MATCH,MATCH,MATCH,1.000000,NORMALIZED_EXACT,UNCHANGED_BY_18_2024,SRC-010,148;149,PENDING_G1_REVIEW,"Deterministic text comparison only; not a legal or domain approval. Workbook explanation, implementation guidance and cross-references are non-normative."
19.17,MATCH,MATCH,MATCH,1.000000,NORMALIZED_EXACT,UNCHANGED_BY_18_2024,SRC-010,149,PENDING_G1_REVIEW,"Deterministic text comparison only; not a legal or domain approval. Workbook explanation, implementation guidance and cross-references are non-normative."
19.18,MATCH,MATCH,MATCH,1.000000,NORMALIZED_EXACT,UNCHANGED_BY_18_2024,SRC-010,149,PENDING_G1_REVIEW,"Deterministic text comparison only; not a legal or domain approval. Workbook explanation, implementation guidance and cross-references are non-normative."
19.19,MATCH,MATCH,MATCH,1.000000,NORMALIZED_EXACT,UNCHANGED_BY_18_2024,SRC-010,149,PENDING_G1_REVIEW,"Deterministic text comparison only; not a legal or domain approval. Workbook explanation, implementation guidance and cross-references are non-normative."
19.20,MATCH,MATCH,MATCH,1.000000,NORMALIZED_EXACT,UNCHANGED_BY_18_2024,SRC-010,149,PENDING_G1_REVIEW,"Deterministic text comparison only; not a legal or domain approval. Workbook explanation, implementation guidance and cross-references are non-normative."
19.21,MATCH,MATCH,MATCH,1.000000,NORMALIZED_EXACT,UNCHANGED_BY_18_2024,SRC-010,149,PENDING_G1_REVIEW,"Deterministic text comparison only; not a legal or domain approval. Workbook explanation, implementation guidance and cross-references are non-normative."
19.22,MATCH,MATCH,MATCH,1.000000,NORMALIZED_EXACT,UNCHANGED_BY_18_2024,SRC-010,149,PENDING_G1_REVIEW,"Deterministic text comparison only; not a legal or domain approval. Workbook explanation, implementation guidance and cross-references are non-normative."
19.23,MATCH,MATCH,MATCH,1.000000,NORMALIZED_EXACT,UNCHANGED_BY_18_2024,SRC-010,149,PENDING_G1_REVIEW,"Deterministic text comparison only; not a legal or domain approval. Workbook explanation, implementation guidance and cross-references are non-normative."
19.24,MATCH,MATCH,MATCH,1.000000,NORMALIZED_EXACT,UNCHANGED_BY_18_2024,SRC-010,149,PENDING_G1_REVIEW,"Deterministic text comparison only; not a legal or domain approval. Workbook explanation, implementation guidance and cross-references are non-normative."
19.25,MATCH,MATCH,MATCH,1.000000,NORMALIZED_EXACT,UNCHANGED_BY_18_2024,SRC-010,149,PENDING_G1_REVIEW,"Deterministic text comparison only; not a legal or domain approval. Workbook explanation, implementation guidance and cross-references are non-normative."
19.26,MATCH,MATCH,MATCH,1.000000,NORMALIZED_EXACT,UNCHANGED_BY_18_2024,SRC-010,149,PENDING_G1_REVIEW,"Deterministic text comparison only; not a legal or domain approval. Workbook explanation, implementation guidance and cross-references are non-normative."
19.27,MATCH,MATCH,MATCH,1.000000,NORMALIZED_EXACT,UNCHANGED_BY_18_2024,SRC-010,149;150,PENDING_G1_REVIEW,"Deterministic text comparison only; not a legal or domain approval. Workbook explanation, implementation guidance and cross-references are non-normative."
